code,lat,lon
ABQ,35.04022222,-106.6091944
ANC,61.17432028,-149.9961856
ATL,33.64044444,-84.42694444
AUS,30.19453278,-97.66987194
BDL,41.93887417,-72.68322833
BHM,33.56294306,-86.75354972
BNA,36.12447667,-86.67818222
BOS,42.3643475,-71.00517917
BUF,42.94052472,-78.73216667
BUR,34.20061917,-118.3584969
BWI,39.17540167,-76.66819833
CHS,32.89864639,-80.04050583
CLE,41.41089417,-81.84939667
CLT,35.21401111,-80.94312583
CMH,39.99798528,-82.89188278
CVG,39.04614278,-84.6621725
DAL,32.84711389,-96.85177222
DCA,38.85208333,-77.03772222
DEN,39.85840806,-104.6670019
DFW,32.89595056,-97.0372
DTW,42.21205889,-83.34883583
ELP,31.80666667,-106.3778056
EWR,40.69249722,-74.16866056
FLL,26.07258333,-80.15275
HNL,21.31869111,-157.9224072
HOU,29.64541861,-95.27888889
IAD,38.94453194,-77.45580972
IAH,29.98047222,-95.33972222
IND,39.71732917,-86.29438417
JAX,30.49405556,-81.68786111
JFK,40.63975111,-73.77892556
LAS,36.08036111,-115.1523333
LAX,33.94253611,-118.4080744
LGA,40.77724306,-73.87260917
LIT,34.72939611,-92.22424556
MCI,39.29760528,-94.71390556
MCO,28.42888889,-81.31602778
MDW,41.7859825,-87.75242444
MEM,35.04241667,-89.97666667
MIA,25.79325,-80.29055556
MKE,42.94722222,-87.89658333
MSP,44.88054694,-93.2169225
MSY,29.99338889,-90.25802778
OAK,37.72129083,-122.2207167
OGG,20.89864972,-156.4304578
OKC,35.39308833,-97.60073389
OMA,41.30251861,-95.89417306
ONT,34.056,-117.6011944
ORD,41.979595,-87.90446417
ORF,36.89461111,-76.20122222
PBI,26.68316194,-80.09559417
PDX,45.58872222,-122.5975
PHL,39.87195278,-75.24114083
PHX,33.43416667,-112.0080556
PIT,40.49146583,-80.23287083
PVD,41.72399917,-71.42822111
RDU,35.87763889,-78.78747222
RIC,37.50516667,-77.31966667
RNO,39.49857611,-119.7680647
RSW,26.53616667,-81.75516667
SAN,32.73355611,-117.1896567
SAT,29.53369444,-98.46977778
SDF,38.17438889,-85.736
SEA,47.44898194,-122.3093131
SFO,37.61900194,-122.3748433
SJC,37.36186194,-121.9290089
SJU,18.43941667,-66.00183333
SLC,40.78838778,-111.9777731
SMF,38.69542167,-121.5907669
SNA,33.67565861,-117.8682225
STL,38.74768694,-90.35998972
TPA,27.97547222,-82.53325
TUL,36.19837222,-95.88824167
TUS,32.11608333,-110.9410278
ABE,40.65236278,-75.44040167
ABI,32.41132,-99.68189722
ABR,45.44905556,-98.42183333
ABY,31.535515,-84.19447333
ACK,41.25305194,-70.06018139
ACT,31.61128833,-97.23051917
ACV,40.97811528,-124.1086189
ACY,39.45758333,-74.57716667
ADK,51.87796389,-176.6460306
ADQ,57.74996778,-152.4938553
AEX,31.32737167,-92.54855611
AGS,33.369955,-81.96449611
AKN,58.67680167,-156.6492175
ALB,42.74811944,-73.80297861
ALO,42.55708139,-92.40034361
AMA,35.2193725,-101.7059272
APN,45.0780675,-83.56028583
ART,43.99192222,-76.02173861
ASE,39.22316,-106.868845
ATW,44.25740806,-88.51947556
AVL,35.43619444,-82.54180556
AVP,41.33814944,-75.7242675
AZO,42.234875,-85.5520575
BET,60.77977639,-161.8379975
BFL,35.43359806,-119.0567681
BGM,42.20848278,-75.97961361
BGR,44.80744444,-68.82813889
BIL,45.8076625,-108.5428611
BIS,46.77411111,-100.7467222
BJI,47.50942417,-94.93372333
BLI,48.79275,-122.5375278
BMI,40.47798556,-88.91595278
BOI,43.56444444,-116.2227778
BPT,29.95083333,-94.02069444
BQK,31.25902778,-81.46630556
BQN,18.49486111,-67.12944444
BRD,46.39785806,-94.1372275
BRO,25.90683333,-97.42586111
BRW,71.2854475,-156.7660019
BTM,45.95479528,-112.49746
BTR,30.53316083,-91.14963444
BTV,44.47300361,-73.1503125
BZN,45.77690139,-111.1530072
CAE,33.93884,-81.11953944
CAK,40.91631194,-81.44246556
CDC,37.70097028,-113.098575
CDV,60.49183389,-145.4776503
CEC,41.78015722,-124.2365333
CHA,35.03526833,-85.20378778
CHO,38.13863889,-78.45286111
CIC,39.79538278,-121.8584231
CID,41.88458833,-91.71087222
CIU,46.25075194,-84.47238528
CLD,33.127231,-117.278727
CLL,30.58858944,-96.36382417
CMI,40.03925,-88.27805556
CMX,47.16841722,-88.48906083
CNY,38.75495611,-109.7548439
COD,44.52019417,-109.0237961
COS,38.80580556,-104.70025
COU,38.81809306,-92.21962917
CPR,42.90835556,-106.4644661
CRP,27.77036083,-97.50121528
CRW,38.37315083,-81.59318972
CSG,32.51633333,-84.93886111
CWA,44.77761917,-89.66677944
CYS,41.1557225,-104.8118381
DAB,29.17991667,-81.05805556
DAY,39.90237583,-84.219375
DBQ,42.40295944,-90.70916722
DHN,31.32133917,-85.44962889
DIK,46.79738889,-102.8019528
DLG,59.0454125,-158.5033389
DLH,46.84209028,-92.19364861
DRO,37.15151667,-107.7537692
DRT,29.37181222,-100.9232339
DSM,41.53493306,-93.66068222
DVL,48.11424528,-98.90877833
EAU,44.86525722,-91.48507194
EGE,39.64256778,-106.9176953
EKO,40.82492611,-115.7916964
ELM,42.15991361,-76.89144333
ERI,42.08202139,-80.17621556
ESC,45.72266972,-87.09373139
EUG,44.12326,-123.2186856
EVV,38.03799139,-87.53062667
EWN,35.07297222,-77.04294444
EYW,24.55611111,-81.75955556
FAI,64.8136775,-147.8596694
FAR,46.91934889,-96.81498889
FAT,36.77619444,-119.7181389
FAY,34.99147222,-78.88
FCA,48.31140472,-114.2550694
FLG,35.13845472,-111.6712183
FLO,34.18536111,-79.72388889
FNT,42.96550333,-83.74345639
FOE,38.95095194,-95.66361444
FSD,43.58135111,-96.74170028
FSM,35.33659028,-94.36744111
FWA,40.97846583,-85.19514639
GCC,44.34889806,-105.5393614
GCK,37.92751556,-100.7244147
GEG,47.61985556,-117.5338425
GFK,47.949255,-97.17611111
GGG,32.38486111,-94.71171
GJT,39.1224125,-108.5267347
GNV,29.69005556,-82.27177778
GPT,30.40728028,-89.07009278
GRB,44.48507333,-88.12959
GRI,40.96747222,-98.30861111
GRK,31.06489778,-97.82779778
GRR,42.88081972,-85.52276778
GSO,36.09774694,-79.9372975
GSP,34.89566722,-82.21885833
GST,58.42438139,-135.7073814
GTF,47.48200194,-111.3706853
GTR,33.45033444,-88.59136861
GUC,38.53396333,-106.9331817
GUM,13.48345,-144.7959825
HDN,40.48118028,-107.2176597
HIB,47.38659917,-92.83899333
HLN,46.60681806,-111.9827503
HOB,32.68752778,-103.2170278
HPN,41.06695778,-73.70757444
HRL,26.22850611,-97.65439389
HSV,34.6404475,-86.77310944
HTS,38.36666667,-82.55802778
HYA,41.66933639,-70.28035583
HYS,38.84494167,-99.27403361
ICT,37.64995889,-97.43304583
IDA,43.51455556,-112.0701667
ILG,39.67872222,-75.60652778
ILM,34.27061111,-77.90255556
IMT,45.81835417,-88.1145425
INL,48.56618722,-93.40306667
IPL,32.83422028,-115.5787456
ISN,48.17793861,-103.6423467
ISP,40.7952425,-73.10021194
ITH,42.49102778,-76.45844444
ITO,19.72026306,-155.0484703
IYK,35.65884306,-117.8295122
JAC,43.60732417,-110.7377389
JAN,32.31116667,-90.07588889
JLN,37.15181361,-94.49826833
JMS,46.92971944,-98.67819528
JNU,58.35496194,-134.5762764
KOA,19.73876583,-156.0456314
KTN,55.35556861,-131.71374
LAN,42.7787,-84.58735806
LAR,41.31205,-105.6749864
LAW,34.56771444,-98.41663667
LBB,33.66363889,-101.8227778
LCH,30.1260975,-93.22340361
LEX,38.03697222,-84.60538889
LFT,30.20527972,-91.987655
LGB,33.81772222,-118.1516111
LIH,21.97598306,-159.3389581
LMT,42.15614361,-121.7332081
LNK,40.85097222,-96.75925
LRD,27.54373861,-99.46154361
LSE,43.87937972,-91.25653778
LWB,37.85830556,-80.39947222
LWS,46.37449806,-117.0153944
LYH,37.32668528,-79.20043056
MAF,31.94252778,-102.2019139
MBS,43.53291472,-84.07964722
MCN,32.69284944,-83.64921083
MDT,40.19349528,-76.76340361
MEI,32.33313333,-88.75120556
MFE,26.17583333,-98.23861111
MFR,42.37422778,-122.8734978
MGM,32.30064417,-86.39397611
MHK,39.14096722,-96.67083278
MHT,42.93451639,-71.43705583
MKG,43.16948806,-86.23822306
MLB,28.10275,-80.64580556
MLI,41.44852639,-90.50753917
MLU,32.51086556,-92.03768778
MMH,37.62404861,-118.8377722
MOB,30.69141667,-88.24283333
MOD,37.62581722,-120.9544214
MOT,48.25937778,-101.2803339
MQT,46.353639,-87.395361
MRY,36.5869825,-121.8429478
MSN,43.13985778,-89.33751361
MSO,46.91630556,-114.0905556
MTJ,38.50886722,-107.8938333
MVY,41.39302583,-70.6143325
MWH,47.20770806,-119.3201897
MYR,33.67975,-78.92833333
OAJ,34.82916444,-77.61213778
OME,64.51220222,-165.4452458
ORH,42.26733944,-71.87570944
OTH,43.41713889,-124.2460278
OTZ,66.88467694,-162.5985497
OXR,34.20080083,-119.2072164
PAH,37.06083333,-88.77375
PFN,30.21208333,-85.68280556
PHF,37.13189556,-76.4929875
PIA,40.66424333,-89.69330556
PIB,31.46714944,-89.33705778
PIE,27.91076333,-82.68743944
PIH,42.91130556,-112.5958611
PIR,44.38267694,-100.285965
PLN,45.5709275,-84.796715
PNS,30.47330556,-87.18744444
PPG,14.33102278,-170.7105258
PSC,46.26468028,-119.1190292
PSE,18.00830278,-66.56301194
PSG,56.80165194,-132.9452781
PSP,33.82921556,-116.5062531
PUB,38.28908722,-104.4965722
PWM,43.64616667,-70.30875
RAP,44.04532139,-103.0573708
RDD,40.50898361,-122.2934019
RDM,44.25406722,-121.1499633
RFD,42.19536389,-89.09721111
RHI,45.63119306,-89.46745361
RKS,41.5942175,-109.0651928
ROA,37.32546833,-79.97542833
ROC,43.11886611,-77.67238389
ROW,33.30155556,-104.5305556
RST,43.90882639,-92.49798722
SAF,35.61677778,-106.0881389
SAV,32.12758333,-81.20213889
SBA,34.42621194,-119.8403733
SBN,41.70895361,-86.31847417
SBP,35.23705806,-120.6423931
SCC,70.19475583,-148.4651608
SCE,40.851206,-77.846302
SGF,37.24432611,-93.38685806
SGU,37.09058333,-113.5930556
SHD,38.26384333,-78.89643806
SHV,32.4466275,-93.82559833
SIT,57.04713806,-135.3615983
SJT,31.35775,-100.4963056
SMX,34.89924833,-120.4575825
SPI,39.84395194,-89.67761861
SPN,14.996111,145.621384
SPS,33.98879611,-98.49189333
SRQ,27.39533333,-82.55411111
STC,45.54532417,-94.05833667
STT,18.33730556,-64.97336111
STX,17.70188889,-64.79855556
SUN,43.50484139,-114.2965903
SUX,42.40260333,-96.38436694
SWF,41.50409361,-74.10483833
SYR,43.11118694,-76.10631056
TEX,37.95375861,-107.90848
TLH,30.39652778,-84.35033333
TOL,41.58680556,-83.80783333
TRI,36.47521417,-82.40742056
TTN,40.27669111,-74.81346833
TUP,34.26810833,-88.769895
TVC,44.74144472,-85.582235
TWF,42.48180389,-114.4877356
TXK,33.45370806,-93.99102
TYR,32.35413889,-95.40238611
TYS,35.81248722,-83.99285583
VEL,40.44090167,-109.5099203
VLD,30.7825,-83.27672222
VPS,30.48325,-86.5254
WRG,56.48432583,-132.3698242
WYS,44.68839917,-111.1176375
XNA,36.28186944,-94.30681111
YAK,59.50336056,-139.6602261
YUM,32.65658333,-114.6059722
KLAX,33.942501,-118.407997
KORD,41.9786,-87.9048
KJFK,40.639447,-73.779317
KATL,33.6367,-84.428101
KSFO,37.619806,-122.374821
KDFW,32.896801,-97.038002
KEWR,40.6894,-74.170545
KLAS,36.083361,-115.151817
KMCO,28.429399490356445,-81.30899810791016
KDEN,39.860027,-104.673792
KMIA,25.796011,-80.289751
KIAD,38.9445,-77.455803
KLGA,40.777199,-73.872597
KBOS,42.36197,-71.0079
KSEA,47.447943,-122.310276
KPHX,33.435302,-112.005905
KPHL,39.871899,-75.241096
KCLT,35.2140007019043,-80.94309997558594
KIAH,29.9844,-95.3414
KDCA,38.8521,-77.037697
KDTW,42.21377,-83.353786
KMSP,44.880081,-93.221741
KSLC,40.78886,-111.979866
KFLL,26.072599,-80.152702
KMDW,41.785999,-87.752403
KBWI,39.1754,-76.668297
KSAN,32.733601,-117.190002
KSTL,38.748697,-90.370003
PHNL,21.318387,-157.92567
KPDX,45.588699,-122.598
KMSY,29.993401,-90.264673
KBNA,36.1245,-86.6782
KTPA,27.9755,-82.533203
KCVG,39.048801,-84.667801
KAUS,30.197535,-97.662015
KRDU,35.878659,-78.7873
KPIT,40.491501,-80.232903
KSJC,37.362452,-121.929188
KSAT,29.533701,-98.469803
KOAK,37.720085,-122.221184
KSNA,33.675063,-117.869281
KMCI,39.301699,-94.713893
KMEM,35.043845,-89.97634
KCLE,41.411701,-81.8498
KDAL,32.844776,-96.847653
KHOU,29.645336,-95.276812
KIND,39.7173,-86.294403
KCMH,39.998001,-82.891899
KABQ,35.039976,-106.608925
KMKE,42.947201,-87.896599
KJAX,30.492469,-81.687813
KBDL,41.938555,-72.688016
KTUS,32.115004,-110.938053
KBUF,42.940498,-78.732201
PANC,61.179004,-149.992561
KOKC,35.393388,-97.598248
KSMF,38.6954,-121.591003
PHOG,20.896263,-156.431837
KBUR,34.202834,-118.35805
KCHS,32.896159,-80.038151
KOMA,41.3032,-95.894096
KPBI,26.683201,-80.095596
KPVD,41.725038,-71.425668
KRNO,39.4991,-119.767998
KSDF,38.1706,-85.735076
KELP,31.809908,-106.375607
KORF,36.895341,-76.201
KSAV,32.126591,-81.19998
KRIC,37.505199,-77.319702
KLGB,33.816523,-118.149891
KRSW,26.534685,-81.752816
KBHM,33.562877,-86.750712
PHKO,19.738783,-156.045603
KONT,34.056,-117.600998
KALB,42.748299,-73.801697
KHPN,41.06700134277344,-73.70760345458984
KBOI,43.5644,-116.223
KSYR,43.11119842529297,-76.1063003540039
KGRR,42.880798,-85.522797
KROC,43.1189,-77.672401
KDSM,41.534027,-93.656719
KPWM,43.646198,-70.309303
KGEG,47.6199,-117.533997
KTUL,36.197084,-95.886225
KICT,37.650314,-97.428583
KLIT,34.729222,-92.223591
KMSN,43.1399,-89.337502
KCOS,38.805801,-104.700996
KDAY,39.902401,-84.219398
KOSH,43.98440170288086,-88.55699920654297
KBTV,44.471901,-73.153297
KMHT,42.932598,-71.435699
KPSP,33.8297,-116.507004
KTYS,35.811001,-83.994003
PHLI,21.974393,-159.337146
KEYW,24.556119,-81.759579
KGSP,34.895699,-82.218903
KSBA,34.426201,-119.839996
KGSO,36.09937,-79.937262
KSRQ,27.394631,-82.554359
KLEX,38.035066,-84.606738
KPNS,30.472718,-87.186639
KTLH,30.401209,-84.35433
KRAP,44.0452995300293,-103.05699920654295
KBFI,47.527042,-122.29995
KTEB,40.850101,-74.060799
KAVL,35.435488,-82.541853
KMRY,36.586777,-121.844183
KPIE,27.9102,-82.687401
KCAE,33.938172,-81.123022
KDAB,29.18255,-81.059464
KMDT,40.192838,-76.762333
KBGR,44.806364,-68.826668
KSFB,28.774277,-81.234626
KCAK,40.91609954833984,-81.44219970703125
KJAC,43.6073,-110.737999
KHSV,34.636244,-86.774378
KLBB,33.663601,-101.822998
KFAT,36.775767,-119.718018
KCHO,38.13859939575195,-78.4529037475586
KCHA,35.035301,-85.203796
KVGT,36.209074,-115.193982
KMYR,33.679699,-78.928299
PHTO,19.72135,-155.045428
KFXE,26.1972999573,-80.1707000732
KVNY,34.209801,-118.489998
KGRB,44.483459,-88.130805
KPDK,33.87633,-84.30213
KAPA,39.57009888,-104.848999
KISM,28.2898006439,-81.4371032715
KSAF,35.6171,-106.088997
KCID,41.884701,-91.7108
KFWA,40.978896,-85.194465
KSGF,37.245047,-93.388596
PAFA,64.815102,-147.856003
KSBN,41.708304,-86.316922
KORL,28.5455,-81.332901
KEUG,44.124599,-123.211998
KAMA,35.217857,-101.706444
KFAR,46.9207,-96.815804
KGNV,29.6900997162,-82.2717971802
KSWF,41.50421,-74.108901
KMYF,32.8157,-117.139999
KSBP,35.2368011475,-120.641998291
KBIL,45.808932,-108.541242
KBZN,45.778853,-111.153711
KSMO,34.0158,-118.450996
KBLI,48.79280090332031,-122.53800201416016
KROA,37.3255,-79.975403
KFSD,43.585463,-96.741152
KXNA,36.281898,-94.306801
KNEW,30.042400360107,-90.028297424316
KLNK,40.844882,-96.76178
KILM,34.272345,-77.905117
KCRQ,33.1283,-117.279999
KSDL,33.622898101807,-111.91100311279
KSEZ,34.848598480225,-111.78800201416
KISP,40.796324,-73.101703
KLAL,27.989267,-82.020715
KMLB,28.102009,-80.641088
KSTS,38.50899887,-122.8130035
KCMA,34.213699,-119.094002
KMAF,31.942499,-102.202003
KABE,40.651773,-75.442797
KAPF,26.1525993347,-81.7752990723
KPAE,47.9063,-122.281998
KMOB,30.6912,-88.242798
KBED,42.470001,-71.289001
KJAN,32.311199,-90.075897
KASE,39.223202,-106.869003
KLUK,39.102357,-84.418945
KBTR,30.533199,-91.149597
KDLH,46.841873,-92.198746
KLAN,42.777582,-84.585721
KRST,43.908298,-92.5
KMKC,39.123199,-94.592796
KOPF,25.907,-80.278397
KMSO,46.915816,-114.091107
KAVP,41.337064,-75.724232
KSGJ,29.9592,-81.339798
KSAC,38.5125007629,-121.492996216
KAPC,38.2132,-122.280998
KCRP,27.770399,-97.501198
KACK,41.25310135,-70.06020355
KHXD,32.2244,-80.697502
KADS,32.9686012268,-96.8364028931
KHND,35.9728012085,-115.134002686
KMFR,42.374199,-122.873001
KTVC,44.741402,-85.582199
KCCR,37.9897,-122.056999
KMVY,41.3931007385,-70.6143035889
KBIS,46.772734,-100.746874
KCRW,38.3731,-81.593201
KPHF,37.131901,-76.492996
KTOL,41.5868,-83.8078
KGJT,39.126663,-108.529387
KIWA,33.3078,-111.654999
KPSM,43.0779,-70.823303
KPRC,34.653502,-112.419883
KSQL,37.51313,-122.250838
KPAO,37.461102,-122.114998
KFLG,35.139757,-111.669826
KVRB,27.6556,-80.417901
KGCN,35.9524,-112.147003
KNYL,32.650938,-114.609375
KLVK,37.6934013367,-121.819999695
KGPT,30.405582,-89.069836
KPIA,40.663841,-89.692631
KAGS,33.3699,-81.9645
KFNT,42.969294,-83.743355
PAJN,58.354935,-134.574416
KWVI,36.9356994629,-121.790000916
KTRI,36.475201,-82.407401
KGTF,47.481998,-111.371002
KAZO,42.232105,-85.549637
KVPS,30.481315,-86.515839
KBFL,35.433601,-119.056999
KOSU,40.0798,-83.072998
KPRB,35.67290115,-120.6269989
KCLL,30.5886,-96.3638
KEGE,39.64260101,-106.9179993
KFTW,32.819919,-97.360818
KGPI,48.310501,-114.255997
KMGM,32.300598,-86.393997
KPUB,38.289101,-104.497002
KACY,39.456201,-74.577511
KBMI,40.4771,-88.915901
KCPR,42.907381,-106.461609
KEVV,38.0369987488,-87.5324020386
KTTN,40.276699,-74.813499
KSGU,37.036389,-113.510306
KGON,41.330101,-72.045097
KBKL,41.51750183105469,-81.68329620361328
KAVX,33.4049,-118.416
KHWD,37.659198761,-122.122001648
KCMI,40.039819,-88.276249
KITH,42.49100112915039,-76.4583969116211
KTVL,38.89390182495117,-119.99500274658205
KFRG,40.728576,-73.414267
KTMB,25.6479,-80.4328
KATW,44.258515,-88.519
KMLI,41.448502,-90.5075
KSHV,32.446602,-93.8256
KMTH,24.726006,-81.05138
KPGD,26.9202,-81.990501
KDVT,33.6883010864,-112.083000183
KLSE,43.879002,-91.256699
KMFE,26.176141,-98.237965
KPGA,36.924234,-111.447716
KHYA,41.6693,-70.280403
KHVN,41.262869,-72.887694
KFPR,27.4951,-80.368301
KCRG,30.3362998962,-81.51439666750001
KSEE,32.826198577881,-116.97200012207
KVCB,38.376801,-121.961998
KFSM,35.336601,-94.367401
KIDA,43.514599,-112.070999
KSMX,34.898899,-120.457001
KSUS,38.662102,-90.652
KHII,34.570506,-114.357745
KPWK,42.114222,-87.901494
KHFD,41.736698150635,-72.649398803711
KCHD,33.2691,-111.810997
KDWH,30.0618000031,-95.5528030396
KFFZ,33.4608,-111.727997
KOCF,29.17259979,-82.22419739
KCYS,41.155701,-104.811997
KELM,42.1599006652832,-76.8916015625
KACT,31.611299514770508,-97.23049926757812
KBJC,39.908798,-105.116997
KUNV,40.849374,-77.84852
KIFP,35.154726,-114.559322
KTCY,37.68899917602539,-121.44200134277344
KRFD,42.1954,-89.097198
KLNS,40.121700286865234,-76.29609680175781
KECP,30.357106,-85.795414
KFHR,48.523654,-123.024645
KTRK,39.318628,-120.140562
KHIO,45.540401,-122.949997
KRBD,32.6809005737,-96.8682022095
KRHV,37.332901,-121.819
KTOA,33.803398132324,-118.33999633789
KBDR,41.163502,-73.126198
KMOD,37.625801,-120.954002
KSJT,31.35770034790039,-100.49600219726562
KPOU,41.6265983581543,-73.88420104980469
KFTY,33.7790985107,-84.5214004517
KFMY,26.58659935,-81.86329650879999
KFDK,39.4175987244,-77.3742980957
O69,38.25780106,-122.6060028
KABI,32.4113006592,-99.6819000244
KDTS,30.400101,-86.471497
KSCK,37.893279,-121.238079
KMMU,40.799062,-74.414949
KDPA,41.90779877,-88.24859619
KHEF,38.721401,-77.515404
KOXR,34.200801849365,-119.20700073242
KHAF,37.5134010315,-122.500999451
KFFA,36.0181999207,-75.67130279540001
KSUA,27.18169975,-80.22109985
KAHN,33.948842,-83.325634
KCDC,37.70100021362305,-113.0989990234375
KCOU,38.8181,-92.219597
KERI,42.083127,-80.173867
KFAY,34.991199,-78.880302
KIAG,43.1073,-78.946198
KRDD,40.50899887,-122.2929993
KSLN,38.79100036621094,-97.6521987915039
KDET,42.40919876,-83.00990295
KL35,34.263802,-116.856003
KFCM,44.8272018433,-93.4570999146
KPWA,35.53419876,-97.64710236
KGFK,47.949299,-97.176102
KSPI,39.844101,-89.677902
KORH,42.2673,-71.875702
KYIP,42.2379,-83.530403
KOGD,41.195899963379,-112.0120010376
KSSI,31.1518,-81.391296
KI69,39.0784,-84.210197
O22,38.0303993225,-120.415000916
KBRO,25.907238,-97.425235
KLFT,30.205299,-91.987602
KDRO,37.151501,-107.753998
KMHR,38.554744,-121.297989
KEEN,42.898399,-72.270798
KSDM,32.572639,-116.980019
KCDW,40.875198364300005,-74.2814025879
KFUL,33.8720016479,-117.980003357
KPVU,40.218894,-111.722445
KRDM,44.254101,-121.150002
KIGM,35.259499,-113.938004
KTRM,33.62670135498,-116.16000366211
KAUN,38.95479965,-121.0820007
KCNO,33.97470093,-117.637001
KRNT,47.4930992126,-122.216003418
KHRL,26.228500366210938,-97.65440368652344
KLYH,37.326698,-79.200401
KPSC,46.264702,-119.119003
KROW,33.301601,-104.530998
KTYR,32.35409927368164,-95.40239715576172
KGLS,29.265301,-94.860397
KGFL,43.3412017822,-73.6102981567
KPTK,42.665500640869,-83.420097351074
KTIX,28.514799118042,-80.799201965332
KLZU,33.97809982,-83.96240234
KLXV,39.220298767100005,-106.317001343
KF70,33.5742,-117.127998
KGIF,28.062901,-81.753304
KLEB,43.6260986328,-72.30419921880001
KMOT,48.25801,-101.279123
KILG,39.678699,-75.606499
KPNE,40.082406,-75.010614
KMER,37.38050079,-120.5680008
KRVS,36.0396,-95.984596
KCPS,38.570701599100005,-90.1561965942
KCGZ,32.954899,-111.766998
K3O8,36.247813,-120.238323
KIXD,38.830898,-94.890297
KDVO,38.143600463867,-122.55599975586
KVNC,27.070541,-82.440815
KLBE,40.275902,-79.4048
KGGG,32.38399887084961,-94.71150207519533
KMLU,32.510899,-92.037697
KIPT,41.242126,-76.92245
KHHR,33.922798,-118.334999
KBAF,42.157799,-72.715599
KJZI,32.698238,-80.005675
KRYN,32.1422004699707,-111.1750030517578
KLCK,39.813801,-82.927803
KHLN,46.6068,-111.983002
KAGC,40.354401,-79.930199
KMCC,38.667599,-121.401001
KRYY,34.01316,-84.59721
KBLH,33.6192016602,-114.717002869
KSGR,29.622299194336,-95.65650177002
KLOU,38.2280006409,-85.6636962891
KLCI,43.572701,-71.4189
KBGM,42.20869827,-75.97979736
KCSG,32.516415,-84.939602
KMBS,43.533181,-84.083104
KLRD,27.5438,-99.461601
KBHB,44.45000076,-68.3615036
KCNY,38.755001,-109.754997
KRAL,33.9519,-117.445
KBCT,26.3785,-80.107697
KFNL,40.44969,-105.011272
KOWD,42.1904983521,-71.1728973389
KRBL,40.1506996155,-122.251998901
KCIC,39.795595,-121.857716
KGTU,30.677543,-97.678524
KJVL,42.620300293,-89.0416030884
KASH,42.7817,-71.514801
KPVC,42.0718994141,-70.2213973999
KEAU,44.86579895019531,-91.48429870605467
KHOT,34.4788,-93.096262
KMHK,39.14099884033203,-96.6707992553711
KLBF,41.12620163,-100.6839981
KSBY,38.34049987792969,-75.51029968261719
KSTP,44.93479,-93.060036
KMTJ,38.5098,-107.893997
KBWG,36.9645004272,-86.41970062259999
KBID,41.168446,-71.578631
KBKV,28.469461,-82.457114
KC83,37.82647,-121.621699
KSBD,34.096717,-117.236596
KACV,40.978101,-124.109
KGCK,37.9275016785,-100.723999023
KJQF,35.387798,-80.709099
KSNS,36.662799835205,-121.60600280762
KGMU,34.847903,-82.350217
KLEE,28.82309914,-81.80870056
KTOP,39.069899,-95.622606
KWWD,39.0084991455,-74.9083023071
KTKI,33.177898,-96.5905
KDTO,33.201769,-97.197983
KOJC,38.84759903,-94.73760223
KAEX,31.325828,-92.546702
KDBQ,42.402,-90.709503
KEKO,40.82490158081055,-115.79199981689452
KAFW,32.99044,-97.31947
KPAH,37.06079864501953,-88.7738037109375
KSUX,42.397605,-96.382237
KIPL,32.83539,-115.574026
KSHD,38.263802,-78.8964
KMMV,45.194401,-123.136002
KUKI,39.125999,-123.200996
KWJF,34.7411,-118.219002
KFLD,43.7711982727,-88.48840332030001
KLXT,38.959702,-94.371399
KAVQ,32.409065,-111.216199
KMEV,39.00030136,-119.7509995
KPHK,26.78499985,-80.69339752
KRNM,33.0392,-116.915001
E16,37.08160019,-121.5970001
KSPG,27.7651,-82.626999
KCNM,32.337501525878906,-104.26300048828124
KRUT,43.5294,-72.9496
KYNG,41.26070023,-80.67910004
KBVU,35.947161,-114.858799
KDXR,41.371656,-73.482227
KSTJ,39.771900177002,-94.909698486328
KPWT,47.490200042725,-122.76499938965
KCOE,47.7743,-116.82
KCRE,33.8116989136,-78.72389984130001
KJWN,36.1824,-86.886703
KFIN,29.4674,-81.206299
KPVF,38.724201202393,-120.75299835205
KWLW,39.51639938,-122.2180023
KSPS,33.9888,-98.491898
KBRD,46.402861,-94.129727
KTCL,33.2206,-87.611397
KHUT,38.0654983521,-97.86060333250002
KLWM,42.7172012329,-71.1233978271
KFDY,41.0135002136,-83.66870117190001
KOKB,33.217947,-117.351683
KSSF,29.336999893188,-98.471099853516
KVIS,36.318699,-119.392998
KBDN,44.09479904,-121.2009964
KEMT,34.086102,-118.035004
KT82,30.2432,-98.909203
KJKA,30.290501,-87.671799
KEYE,39.830699920654,-86.294403076172
KMKY,25.995001,-81.672501
KPAN,34.256801605225,-111.33899688721
KBQK,31.258801,-81.466499
KGYY,41.617087,-87.413206
KSAW,46.351498,-87.395884
KMEI,32.3326,-88.7519
KRDG,40.378502,-75.965202
KHDN,40.481201,-107.218002
KTIW,47.267407,-122.577295
KFOE,38.950901,-95.663597
KINT,36.13370132446289,-80.22200012207031
KCXO,30.351801,-95.414497
KBVY,42.584202,-70.916496
KCON,43.20270157,-71.50229645
KDAG,34.85369873,-116.7870026
KMHV,35.056391,-118.145342
KARB,42.2229995728,-83.74559783939999
KESN,38.804199,-76.069
KCVH,36.8932991028,-121.410003662
KPOC,34.091598510742,-117.78199768066
KDHN,31.3213005065918,-85.44960021972656
KGRI,40.96749877929688,-98.30960083007812
KHTS,38.366699,-82.557999
PAKT,55.35559845,-131.7140045
KLMT,42.156101,-121.733002
KPIH,42.9098014831543,-112.59600067138672
KOLM,46.969399,-122.903
KMFD,40.82139968869999,-82.5166015625
KMIE,40.242298,-85.395897
KHYI,29.8927,-97.862999
KINW,35.021900177,-110.722999573
KAPV,34.575298309299995,-117.185997009
KCGC,28.867246,-82.571009
KJPX,40.959954,-72.25105
KJEF,38.5912017822,-92.1560974121
KERV,29.9767,-99.085701
KANE,45.145,-93.211401
KO88,38.19340133666992,-121.7040023803711
KI74,40.132599,-83.753403
KJLN,37.151798,-94.498299
KEWB,41.67610168457031,-70.95690155029297
KOTH,43.41709899902344,-124.24600219726562
KALO,42.55709838867188,-92.40029907226562
KAWO,48.161448,-122.158442
KORS,48.708199,-122.910004
KHGR,39.708771,-77.728014
KMCE,37.284698,-120.514
KWYS,44.6884,-111.117996
KWST,41.349602,-71.803398
KUAO,45.247100830078125,-122.7699966430664
KENV,40.7187004089,-114.03099823
KMTP,41.0765,-71.920797
KGKY,32.66389846801758,-97.09429931640624
KAUO,32.615101,-85.433998
L08,33.2589988708,-116.320999146
K11R,30.219,-96.374298
KBVS,48.470901,-122.420998
1O2,38.9906005859,-122.901000977
KLWC,39.01119995,-95.21659851
KMCD,45.86489868,-84.63729858
KL52,35.101398,-120.622002
KSFM,43.393901824951,-70.708000183105
KGKT,35.85779953,-83.52870178219999
KPIR,44.38270187,-100.2860031
KTWF,42.4818,-114.487999
KAEG,35.145199,-106.794998
PAMR,61.212792,-149.843988
KSUN,43.50439835,-114.2959976
KLWB,37.857914,-80.400438
KCWA,44.777448,-89.670238
KTEX,37.9538,-107.907997
KLAF,40.412875,-86.939363
KAST,46.158000946,-123.878997803
KEFD,29.6072998047,-95.1587982178
KADM,34.30301,-97.0196342
KCDK,29.134095,-83.050783
KTZR,39.901199,-83.136902
KHMT,33.7340011597,-117.023002625
KJYO,39.077999,-77.557503
KLHM,38.909199,-121.350998
KMPI,37.5108985901,-120.040000916
KOBE,27.2628002167,-80.8498001099
KSPB,45.771,-122.862
KTMK,45.4182014465,-123.814002991
KFOK,40.8437004089,-72.6317977905
KJGG,37.239201,-76.716103
KBPT,29.9508,-94.020699
KCGI,37.2253,-89.570801
KMGW,39.643305,-79.917598
KPLN,45.57089996,-84.79669952
KART,43.991901,-76.021698
KHYS,38.844521,-99.273148
KPCW,41.515647,-82.868328
KPUW,46.741601,-117.11163
KSWO,36.162132,-97.085581
KBMG,39.14599990844727,-86.61669921875
KBAZ,29.7045,-98.042198
KTTD,45.54940032959,-122.40100097656
KBLM,40.18690109,-74.12490082
KBDU,40.039101,-105.226025
KPVG,36.780391,-76.44881
KAJO,33.897701,-117.601997
KGOO,39.223998,-121.002997
K1O3,38.20240021,-121.2679977
KLMO,40.1637,-105.163002
KMGJ,41.50999832,-74.26460266
KOXC,41.47859954834,-73.135200500488
KFFC,33.3573,-84.5718
KPMP,26.247100830078,-80.111099243164
KABR,45.449100494384766,-98.42179870605467
KADW,38.810799,-76.866997
KFLO,34.18539810180664,-79.7238998413086
KOWB,37.74010086,-87.16680145
KSTC,45.5466,-94.059898
KMTN,39.325699,-76.413803
KSGH,39.840301513672,-83.840202331543
KCXP,39.194331,-119.734312
KHWO,26.0012,-80.2407
KMMH,37.625381,-118.84306
KUDD,33.748492,-116.275027
KCTY,29.6354999542,-83.10479736330001
KDED,29.066999,-81.283798
KFIT,42.55410003662109,-71.75900268554688
KGVL,34.27259827,-83.8302002
K1B1,42.291302,-73.710297
KIMM,26.427933,-81.403531
KIOW,41.6391983032,-91.5465011597
KLLR,39.262001037597656,-123.75399780273438
KOUN,35.2456,-97.472099
KRTS,39.6674,-119.875999
KSZP,34.34719849,-119.060997
KABY,31.532946,-84.196215
KLAR,41.31209945678711,-105.6750030517578
KMCN,32.69279861450195,-83.64920043945312
KMSL,34.745123,-87.612981
KRKS,41.5942,-109.065001
KTXK,33.453701,-93.990997
KSKF,29.38419914,-98.58110046
KLWS,46.3745002746582,-117.01499938964844
KMQY,36.0089988708,-86.5201034546
KBCE,37.706401825,-112.144996643
KFMN,36.741199,-108.230003
KENW,42.59569931,-87.92780304
KOLS,31.4177,-110.848
KBEH,42.128601074200006,-86.4284973145
KCLS,46.676998,-122.983002
KFWS,32.565201,-97.308098
KGLE,33.651401519800004,-97.1969985962
KGXY,40.4374008179,-104.633003235
KHQZ,32.747002,-96.530403
44N,41.707401,-73.737999
KWHP,34.2593,-118.413002
KIZA,34.60680008,-120.0759964
KLCH,30.126100540161133,-93.22329711914062
KEWN,35.0730018616,-77.04290008539999
KCLM,48.120201,-123.5
KVLD,30.78249931335449,-83.27670288085938
KMCW,43.159801,-93.329716
KHKY,35.74110031,-81.38950348
KHUF,39.4515,-87.307602
KBFM,30.626800537100003,-88.06809997559999
KAKR,41.037355,-81.46784
KAND,34.4945983887,-82.70939636230001
KEED,34.7663002014,-114.623001099
KPNC,36.73199844,-97.09980011
KRME,43.23379898,-75.40699768
KSVR,40.619499,-111.992996
KBOW,27.943399,-81.783401
06C,41.9892997742,-88.1011962891
KGAI,39.168301,-77.166
E63,32.95809937,-112.6780014
KGEU,33.52690124511719,-112.29499816894533
KGYR,33.4225006104,-112.375999451
KMQI,35.91879,-75.695662
KSFZ,41.9207992554,-71.49140167239999
KPSF,42.4268,-73.2929
S43,47.908199,-122.105003
KSLR,33.159801483154,-95.621101379395
KVDF,28.013999939,-82.3452987671
KAAO,37.74760056,-97.22109985
KX60,29.35420036315918,-82.472900390625
KPBG,44.650902,-73.468102
KMKG,43.169498,-86.238197
KSLE,44.9095,-123.002998
KSFF,47.682899,-117.321925
KCVO,44.49720001,-123.2900009
KGLD,39.370701,-101.699753
KIKK,41.07139968869999,-87.8462982178
KISO,35.331401825,-77.60880279540001
KLGU,41.7911987305,-111.851997375
KRMG,34.3506011963,-85.15799713130001
KBWD,31.7936000824,-98.9564971924
KVPC,34.1231,-84.848701
KCEU,34.6719017,-82.8864975
KDVN,41.610432,-90.589693
KEDU,38.531502,-121.786489
KDWA,38.57910156,-121.8570023
KDLZ,40.279701,-83.114799
KCFO,39.784194,-104.537639
KEMP,38.3320999146,-96.1912002563
L18,33.35419845581055,-117.2509994506836
KGED,38.689201,-75.358902
KHCR,40.4818,-111.429001
KLCQ,30.181999,-82.576897
KLSN,37.06290054,-120.8690033
KCOI,28.3416004181,-80.6855010986
KOMN,29.300600051879883,-81.11360168457031
K15,38.1105,-92.680496
KPYM,41.909,-70.728798
KPHN,42.9109993,-82.52890015
KANJ,46.479198,-84.368401
KDTN,32.5401992798,-93.7450027466
K6B6,42.460298,-71.519031
KVUO,45.620499,-122.655998
KF45,26.8444,-80.221298
PHMK,21.152901,-157.095993
KIRK,40.09349822998047,-92.5448989868164
KPKB,39.3451,-81.439201
KBFF,41.87400055,-103.5960007
PASI,57.04710006713867,-135.36199951171875
KYKM,46.56819916,-120.5439987
KBIH,37.3731,-118.363998
KGCC,44.3489,-105.539001
KUUU,41.532207,-71.281039
KEDC,30.398049,-97.566909
KJXN,42.260509,-84.463019
KBAK,39.262386,-85.895576
KMYV,39.09780121,-121.5699997
KSCH,42.852500915527,-73.928901672363
PAED,61.251709,-149.807097
KDRT,29.3742008209,-100.927001953
KPRX,33.636600494385,-95.450798034668
KTPH,38.06019974,-117.086998
KAMW,41.992001,-93.621803
KEKY,33.312901,-86.925903
KCXL,32.6694984436,-115.513000488
KIGQ,41.534901,-87.529503
KP08,32.935902,-111.427002
KDIJ,43.742667,-111.096829
KGVT,33.0677986145,-96.0652999878
KIWS,29.818199,-95.6726
KUNU,43.42660141,-88.70320129
KDKX,35.963902,-83.873901
KFCI,37.406502,-77.525002
O27,37.75630188,-120.8000031
KOVE,39.487800598145,-121.62200164795
0Q9,38.257702,-122.433998
KVCV,34.597499847399995,-117.383003235
KE25,33.970172,-112.796043
KBRL,40.783199310302734,-91.12550354003906
KBTM,45.95479965209961,-112.49700164794922
KGTR,33.450298,-88.5914
KFFO,39.826099,-84.048302
KDUJ,41.17829895,-78.8986969
KUIN,39.942699,-91.194603
KTUP,34.26810073852539,-88.7698974609375
KVCT,28.85260009765625,-96.9185028076172
KALS,37.434898,-105.866997
KCOD,44.520199,-109.024002
KGUP,35.511653,-108.788166
KHOB,32.6875,-103.217003
KOXB,38.310398,-75.124001
KOAJ,34.829201,-77.612099
KVEL,40.436214,-109.511661
KBTL,42.307301,-85.251503
KRIV,33.880699,-117.259003
KALN,38.89030075069999,-90.0459976196
KVPZ,41.45399857,-87.00710297
KLFK,31.2339992523,-94.75
KONP,44.580399,-124.057999
K4S2,45.67259979,-121.5360031
KTME,29.807199,-95.897903
KTYQ,40.030701,-86.251404
KJVY,38.365398,-85.738197
09J,31.074499,-81.427803
K20N,41.985298,-73.964104
X14,26.7442,-81.432602
KLGC,33.008873,-85.074331
KLUA,38.667099,-78.500603
KMKT,44.224781,-93.919128
KMRT,40.224701,-83.351601
KMSV,41.701596,-74.794997
KOLV,34.9786987305,-89.78690338130001
KORE,42.570098877,-72.2885971069
KPTV,36.029598236084,-119.06300354004
KRKP,28.0867996216,-97.0446014404
KCPU,38.14609909057617,-120.64800262451172
0Q3,38.223499,-122.449997
KSEP,32.215302,-98.177696
KOKV,39.14350128,-78.14440155
KCEC,41.778929,-124.236403
KDEC,39.834598541259766,-88.8656997680664
KMKL,35.599899,-88.915604
KLRU,32.289398,-106.921997
KLBL,37.0442009,-100.9599991
KSLK,44.38691,-74.204629
KPGV,35.635535,-77.384262
KLAW,34.567699,-98.416603
KMYL,44.888837,-116.101112
KHQM,46.9711990356,-123.93699646
KZZV,39.9444007874,-81.89209747310001
KTPL,31.1525,-97.407799
KCGF,41.5651016235,-81.4863967896
KCEW,30.778799057,-86.522102356
KOQU,41.597099304199,-71.412101745605
KDLS,45.620979,-121.170777
KFME,39.0854,-76.759399
KUTS,30.7469005585,-95.5871963501
KVQQ,30.2187,-81.876701
KDLL,43.522701,-89.770203
KBVO,36.762501,-96.0112
KBUY,36.04850006103516,-79.47489929199219
KO08,39.17900085,-121.9929962
KDKB,41.936316,-88.704128
KFHB,30.611799,-81.461197
KFCH,36.732399,-119.82
KHAO,39.3638000488,-84.5220031738
KHDC,30.521601,-90.418404
KOFP,37.709,-77.436699
KMDQ,34.8614006,-86.55750275
KMZJ,32.5106010437,-111.32800293
KMNN,40.6161994934,-83.06349945070001
KMAN,43.581299,-116.523003
KMLE,41.195877,-96.112107
KK81,38.53971,-94.920517
K1G4,35.985787,-113.817072
0S9,48.053799,-122.810997
W29,38.976398,-76.329597
KSFQ,36.6824,-76.601898
KTOC,34.5938,-83.295799
KCCB,34.111599,-117.688004
KCKB,39.2966,-80.228104
KDDC,37.76340103149414,-99.9655990600586
KFHU,31.587383,-110.348225
KJBR,35.83169937133789,-90.64640045166016
KSHR,44.76919937133789,-106.9800033569336
KGUC,38.534672,-106.934566
PAHO,59.644456,-151.479235
KMWA,37.751208,-89.016568
KMCK,40.207787,-100.592794
KSOW,34.264062,-110.007091
KEAT,47.398899,-120.207001
KLOZ,37.0821990967,-84.08489990230001
KNKX,32.86840057,-117.1429977
KADH,34.805214,-96.671988
KDMN,32.262298584,-107.721000671
KEKA,40.803398,-124.112999
KLAA,38.066407,-102.691373
KNZY,32.69919968,-117.2149963
KHLG,40.1749992371,-80.6463012695
KBNG,33.922548,-116.850672
KBMC,41.552399,-112.061996
KBMQ,30.738899,-98.238602
KEUL,43.641899,-116.636002
KCGE,38.53929901,-76.03040314
KARR,41.771900177,-88.47570037839999
X01,25.8486995697,-81.3900985718
KIYK,35.65879822,-117.8300018
KLHX,38.049702,-103.509003
KLKP,44.2644996643,-73.96189880370001
KAOH,40.706902,-84.026703
KA39,32.990806,-111.918528
KOAR,36.68190002,-121.762001
KMTV,36.630699,-80.018303
KC29,43.1143,-89.531502
KMDD,32.0364990234,-102.100997925
KPHD,40.470901489258,-81.419700622559
KN40,40.56629943847656,-74.97859954833984
3W2,41.6367,-82.8283
KRGK,44.589401,-92.485001
KRIR,33.9897,-117.411003
K0G7,42.883598,-76.782246
KSUT,33.929298,-78.074997
KTSP,35.134998321533,-118.43900299072
KAYS,31.2490997314,-82.39550018310001
KCBE,39.615398,-78.760902
O43,39.0041007996,-119.157997131
KBLV,38.5452,-89.835197
KSUU,38.262699,-121.927002
KHRO,36.26150131225586,-93.15470123291016
KMSS,44.936157,-74.844304
PAOM,64.51219940185547,-165.44500732421875
KPQI,46.688999,-68.0448
KEAR,40.727001,-99.006798
KMWL,32.781601,-98.060204
KMRB,39.40190125,-77.98459625
KMIV,39.367802,-75.072197
KFYV,36.00510025024414,-94.17009735107422
KNQA,35.356701,-89.8703
KBJI,47.50939941,-94.93370056
KKLS,46.11800003049999,-122.898002625
K67L,36.833105,-114.055928
1K1,37.77790069580078,-97.1135025024414
KBCB,37.2075996399,-80.4077987671
KUKL,38.302502,-95.724998
KBUM,38.2897987366,-94.3401031494
KO05,40.28239822387695,-121.24099731445312
KLOT,41.6073,-88.096199
KUGN,42.422199249268,-87.867897033691
KCLW,27.9766998291,-82.7586975098
KGDK,39.690807,-83.992585
KDTA,39.3805999756,-112.508003235
1B2,41.358299,-70.524399
F72,38.304901123047,-121.43000030518
KGAD,33.972599,-86.088996
KGPM,32.698799,-97.046898
K0L7,35.768299,-115.330002
KTKX,36.2258987427,-90.0365982056
KL05,35.728194,-118.41975
KAQO,30.783700942993,-98.662002563477
KUYF,39.932701,-83.461998
47N,40.5243988037,-74.59839630130001
KMYJ,39.157501,-91.818298
KMPO,41.136025,-75.379572
KEVB,29.0557,-80.948898
KCCO,33.3116,-84.769798
KOWI,38.5387,-95.252998
KRAS,27.8118,-97.088799
KPTW,40.239601,-75.556702
KRBG,43.2388000488,-123.356002808
KSEF,27.45639992,-81.3423996
KHWV,40.821899,-72.8694
KSIK,36.898899078369,-89.561798095703
KS21,43.876301,-121.453003
KASW,41.2747,-85.840103
KWDR,33.98289871,-83.66739655
3U2,44.912215,-115.485433
KGRK,31.0672,-97.828903
KINL,48.566200256347656,-93.4030990600586
PHNY,20.785675,-156.951324
KRKD,44.060101,-69.099197
KANB,33.5882,-85.8581
KLSV,36.2361984253,-115.033996582
KMDH,37.778099,-89.251999
KRHP,35.195202,-83.862999
KL71,35.151377,-118.016059
KGYI,33.7141,-96.673698
KECG,36.260601,-76.174599
KEVW,41.27479935,-111.0350037
KFST,30.9157009125,-102.916000366
KJWY,32.4587,-96.912399
KRIL,39.526299,-107.726997
PATK,62.320499420166,-150.09399414062
KWMC,40.8965988159,-117.805999756
KIKV,41.691399,-93.566399
KX04,28.707199096679688,-81.58170318603516
K3R9,30.3575,-97.994499
KVBT,36.345699,-94.219299
K5C1,29.7239,-98.694603
KBXK,33.422397,-112.686317
KMQS,39.97900009,-75.8655014
KCPM,33.8899993896,-118.244003296
E60,32.806999,-111.586998
KCXY,40.2170982361,-76.85150146480001
KMQJ,39.843498,-85.8971
KJAQ,38.376801,-120.793999
KAFN,42.805099,-72.002998
KS27,48.1786,-114.304001
KMLF,38.426601,-113.012001
KEQY,35.01879883,-80.62020111
KAQW,42.6959,-73.170403
KPEQ,31.382400512695,-103.51100158691
KPLU,47.103901,-122.287003
KROG,36.37229919,-94.10690308
KSBM,43.76959991,-87.85140228
KSYI,35.560101,-86.442497
KSWI,33.624199,-96.586098
KTPF,27.915599822998,-82.44930267334
KUES,43.041000366211,-88.237098693848
KLNA,26.59300041,-80.08509827
KZPH,28.228201,-82.155899
KGLH,33.482899,-90.985603
KCMX,47.168399810791016,-88.48909759521484
KHIB,47.384831,-92.836905
KJMS,46.92969894,-98.67819977
KCIU,46.242038,-84.462082
KMLS,46.427268,-105.885372
KALW,46.09489822,-118.288002
KBBG,36.532082,-93.200544
KDIK,46.797533,-102.801905
KESC,45.723199,-87.088623
KDAN,36.572899,-79.336098
KNUQ,37.4161,-122.049004
KMLC,34.882401,-95.783501
KMPV,44.20349884,-72.56230164
KBXM,43.89220047,-69.93859863
KDUA,33.939675,-96.395072
KFKL,41.3778991699,-79.8603973389
KMWH,47.20769882,-119.3199997
KS50,47.327702,-122.226997
KCNI,34.3106,-84.423897
KTSO,40.561901,-81.077499
K3CK,42.206799,-88.322998
K33N,39.21874,-75.600424
X35,29.0618,-82.37660217
KFVX,37.35749817,-78.43779755
KFSK,37.7984008789,-94.7694015503
KEZF,38.2668,-77.449203
KRMN,38.398102,-77.455498
KGOK,35.84980011,-97.41560364
KHTH,38.544399,-118.634002
KHES,38.6534996033,-122.899002075
1C9,36.95330047607422,-121.46499633789062
KLNC,32.577564,-96.717494
S30,44.52980041503906,-122.93000030517578
KMAE,36.9886016846,-120.111999512
3S7,45.69820022583008,-123.93000030517578
KM01,35.200699,-90.054001
KMIC,45.062,-93.353897
KEWK,38.0582008362,-97.2744979858
KIUA,42.908902,-77.325226
KPTB,37.183799743652,-77.507400512695
KSAD,32.85480118,-109.6350021
KX26,27.812599,-80.495903
KSEG,40.820598602295,-76.863899230957
KASG,36.176399231,-94.1193008423
83D,45.891701,-84.738098
KSJN,34.51860046,-109.3789978
KSBS,40.5163002,-106.8659973
KSVE,40.375702,-120.572998
KFWN,41.20019912719727,-74.62300109863281
KTGI,37.8251,-75.997803
KOPN,32.95460129,-84.26319885
KMJX,39.92750168,-74.29239655
KTVY,40.612301,-112.350998
KVIH,38.127399,-91.769501
KAPN,45.0780983,-83.56030273
KDOV,39.129501,-75.466003
KELD,33.221001,-92.813301
PHHN,20.795601,-156.014008
KPIB,31.4671,-89.337097
KTCM,47.137699,-122.475998
KAUG,44.3205986023,-69.7973022461
PAEN,60.570946,-151.245174
KRIW,43.064201,-108.459999
KLBX,29.108601,-95.462097
KDNL,33.4664993286,-82.0393981934
KBYI,42.5425987244,-113.772003174
KDHT,36.0225982666,-102.54699707
KJCT,30.5112991333,-99.7634963989
KLVS,35.654202,-105.141998
KBPK,36.3689002991,-92.4704971313
KAIK,33.649399,-81.684998
KLEW,44.048500061,-70.2835006714
KPLK,36.62590027,-93.22889709
KXBP,33.175301,-97.8284
KCTJ,33.631001,-85.152
KSOP,35.237184,-79.389381
KL77,33.664729,-115.710819
KCPT,32.353802,-97.433701
KGLY,38.35660171508789,-93.68419647216795
O60,38.77600098,-122.9929962
KFLY,38.945801,-104.57
KEKX,37.686001,-85.925003
KEKM,41.7193984985,-86.00319671630001
F34,36.860000610352,-120.46399688721
KFZY,43.3508,-76.3881
E36,38.921100616455,-120.86499786377
KGBD,38.344299,-98.8592
KL26,34.377201,-117.316002
KJES,31.554001,-81.8825
KAIZ,38.0960006714,-92.54949951170002
KLZZ,31.106199,-98.1959
N07,40.9474983215332,-74.31449890136719
KLDJ,40.617401123,-74.2445983887
K50R,29.85029983520508,-97.67240142822266
KLPR,41.344299,-82.177597
KN14,39.934299,-74.807297
KMFV,37.646900177,-75.761100769
KMEZ,34.545399,-94.202698
KLOM,40.1375007629,-75.2650985718
KPVW,34.168098,-101.717003
KPNT,40.924255,-88.62447
39N,40.3992004395,-74.6588973999
KDAW,43.2841,-70.929298
KTTA,35.583698,-79.1008
K5B2,43.0513,-73.861198
K3B0,42.10089874267578,-72.03839874267578
K21D,44.99750137,-92.85569763
KTRL,32.709202,-96.267403
KTHV,39.917,-76.873001
KTDZ,41.56489944,-83.4822998
K1Q4,37.6791,-121.300003
KTHA,35.3801,-86.246399
KTNP,34.133901,-115.947347
KRYV,43.169601,-88.723198
KLNN,41.683998,-81.389702
KCEF,42.194,-72.534798
PAYA,59.508717,-139.660435
KAXN,45.866299,-95.394699
KNPA,30.352699,-87.318604
KDMA,32.1665000916,-110.883003235
PHJR,21.3074,-158.070009
KHZY,41.778,-80.695503
KBVI,40.772499,-80.391403
KHBG,31.26479912,-89.25279999
KNIP,30.2358,-81.680603
KUOX,34.384300231934,-89.536796569824
KJNX,35.540901,-78.390297
KTTS,28.615,-80.694504
S12,44.637798309326,-123.05899810791
KTDW,35.1698989868,-101.825996399
KGVQ,43.0317,-78.167603
KARW,32.412201,-80.634399
K1C5,41.6959991455,-88.12920379639999
D83,39.012699127197,-123.38300323486
K1G0,41.390999,-83.630096
KCQX,41.68840026855469,-69.989501953125
KCPK,36.6656,-76.320702
KCWI,41.8311004639,-90.3291015625
KCUT,43.733299,-103.617996
7FL6,29.0802001953125,-81.04669952392578
KDYT,46.721901,-92.043404
KELN,47.03300095,-120.5309982
KWDG,36.3791999817,-97.7910995483
KEIK,40.010200500488,-105.047996521
KGPH,39.3325,-94.309601
KFFT,38.181698,-84.906764
K34,38.80690002441406,-94.9561996459961
KREG,30.172701,-90.940598
KVGC,42.8438,-75.561401
KHIG,39.07289886,-93.67749786
P14,34.940700531,-110.138000488
K7S5,44.867000579833984,-123.197998046875
KUMP,39.9352,-86.044998
KINF,28.803588,-82.318311
KKIC,36.2280006409,-121.122001648
KOXI,41.330098,-86.662302
3M0,36.348701,-92.557098
KMLD,42.166599,-112.296997
M45,38.734699249268,-119.76699829102
KMMK,41.50870132446289,-72.82949829101562
KMLJ,33.154202,-83.240701
KMBY,39.464393,-92.428365
KSIY,41.781399,-122.468002
KMBT,35.877499,-86.377502
K60R,30.37190055847168,-96.11329650878906
KU14,39.73681,-111.870063
KVTA,40.0247001648,-82.46179962160001
KIJD,41.743999,-72.180298
UT25,37.015868,-110.202031
KOMH,38.2472,-78.045601
KOWA,44.123402,-93.260597
K28J,29.6586,-81.688904
KC77,42.322899,-88.836304
KREI,34.08530044555664,-117.14600372314452
KRIF,38.734068,-112.101603
KSQI,41.742175,-89.673629
KL00,34.8708,-118.209
KANK,38.5383,-106.049004
KW75,37.602402,-76.446701
KSZT,48.299499511719,-116.55999755859
KSHN,47.233600616455,-123.14800262451
KSCR,35.7043,-79.504204
KSGS,44.857101,-93.032898
KSRB,36.055901,-85.530701
KASN,33.569900512699995,-86.05090332030001
KAWM,35.1351013184,-90.2343978882
KAOO,40.296398,-78.32
KBFD,41.8031005859375,-78.64009857177734
PAOT,66.88469696,-162.598999
KRHI,45.63119888305664,-89.46749877929688
PABR,71.285402,-156.766008
KTVF,48.065701,-96.184998
KOTM,41.106368,-92.449837
KRWI,35.8563,-77.891899
KBNO,43.590463,-118.955154
KELY,39.29970169,-114.8420029
KLBT,34.610773,-79.05943
KOFK,41.985500335693,-97.435096740723
KSNY,41.101299,-102.985001
PHDH,21.5795,-158.197006
KAFO,42.7112007141,-110.942001343
KVUJ,35.416698455811,-80.150802612305
KANP,38.942902,-76.568398
S05,43.08649826,-124.4079971
KEDJ,40.372299,-83.819
KVER,38.946701,-92.682701
KBUU,42.69070053100586,-88.30460357666016
KBTP,40.776901,-79.949699
P19,33.298829,-111.915795
KSNC,41.384177,-72.506011
KC80,36.163101,-120.293999
I40,40.3092,-81.853401
KCBF,41.2592010498,-95.760597229
KCJR,38.526699,-77.858902
KDSV,42.570545,-77.713273
K4R9,30.2605,-88.127502
KMGY,39.5890007019,-84.224899292
KLUD,33.254601,-97.580597
KFKN,36.698101,-76.903801
KGBG,40.9379997253,-90.431098938
KGSH,41.5264015198,-85.79290008539999
40G,35.65060043335,-112.14800262451
K3O1,37.26269912719727,-120.96299743652344
KHMP,33.389876,-84.331011
7S3,45.42850112915039,-122.94200134277344
KIDP,37.1584014893,-95.7783966064
KHKS,32.33449936,-90.22219849
KM54,36.190399,-86.315697
KO20,38.091599,-121.359001
KONX,36.398899,-76.016296
KGHG,42.097665,-70.67283
K4I3,40.328701,-82.523804
KW95,35.1012,-75.966003
KPTS,37.449501,-94.731102
K4B8,41.69039916992188,-72.86479949951172
KPOF,36.773899,-90.324898
KRIU,38.486755,-121.102822
KRID,39.757198,-84.842796
KAXH,29.5061,-95.476898
KFYJ,37.521299,-76.762762
KEZZ,39.7276,-94.276398
KSCA,40.241402,-84.150902
KSET,38.929699,-90.43
K1H0,38.726799,-90.508301
KT74,30.572599,-97.443199
K16G,41.094101,-83.212502
KO86,40.98320007324219,-122.69400024414062
KUVA,29.2112998962,-99.743598938
KO46,41.480786,-122.454791
KETB,43.422278,-88.128966
4N1,41.128200531,-74.34670257570001
KDMW,39.60829926,-77.00769806
KCWC,33.85779953,-98.49040222
KBKW,37.7873,-81.124199
PABE,60.77980042,-161.8379974
KGGW,48.212502,-106.614998
KHST,25.4886,-80.383598
KJST,40.31610107421875,-78.83390045166016
PHJH,20.9629,-156.673004
KCVN,34.426594,-103.078794
KCEZ,37.303001,-108.627998
KNGP,27.6926,-97.2911
PAAQ,61.594898,-149.08901
KCNU,37.668173,-95.486727
KHYR,46.025199890100005,-91.44429779050002
PHBK,22.0228,-159.785004
KLVM,45.6994018555,-110.447998047
KHRT,30.427799,-86.689301
KPBF,34.174121,-91.935643
KRWL,41.80559921,-107.1999969
KINK,31.7796001434,-103.200996399
K74S,48.498513,-122.662513
KVJI,36.687099,-82.033302
KANW,42.579201,-99.992995
KXLL,40.570105,-75.486763
KBAM,40.598999023400005,-116.874000549
KDDH,42.8913,-73.246399
1N7,40.9711,-74.997498
KDZJ,34.855099,-83.996902
KBTF,40.8694000244,-111.927001953
KN94,40.187901,-77.174301
K4A4,34.018699646,-85.1464996338
KCHK,35.09740067,-97.96769714
KCYO,39.515999,-82.982101
KCGS,38.9805984497,-76.9223022461
KCVC,33.63249969,-83.84960175
KCFJ,39.975602,-86.919899
KDNV,40.199124,-87.59663
KPSK,37.137298583984,-80.678497314453
KCQF,30.460501,-87.876999
KFTT,38.83810043334961,-92.00260162353516
K3GV,39.015149,-94.215252
KGPZ,47.21110153,-93.50980377
KGPC,39.632596,-86.813793
KGYH,34.758301,-82.376404
KE55,38.801602,-123.530504
K7B3,42.961382,-70.830311
KLRY,38.609863,-94.343548
KBIV,42.742901,-86.107399
KDZB,30.52709961,-98.35870361
KHSP,37.95140076,-79.83390045
KLVJ,29.521299,-95.242104
KOZW,42.62919998,-83.98210144
KJSO,31.8693008423,-95.2173995972
KJZP,34.4534,-84.457397
KKNB,37.011101,-112.530998
KU87,43.912209,-114.79622
KRYW,30.4986,-97.969498
KCWF,30.2106,-93.143204
O24,37.9583015442,-119.107002258
KLSB,32.3334999084,-108.692001343
KLKU,38.0098,-77.9701
KLHZ,36.0233,-78.330299
KMAC,32.82210159,-83.56199646
41U,39.32910156,-111.6149979
KMHL,39.0957984924,-93.2029037476
KMWO,39.530998,-84.395302
KHWY,38.5863,-77.710602
KMHE,43.7747993469,-98.0385971069
KEFT,42.614899,-89.590401
K1O5,41.7304000854,-122.54599762
KMGR,31.0848999023,-83.8032989502
KHEZ,31.614817,-91.297331
KNVD,37.8521,-94.304901
2B2,42.795898,-70.841202
KO37,39.72119903564453,-122.14700317382812
KPLR,33.558799743652,-86.249099731445
KPEO,42.6371,-77.052902
KL65,33.760899,-117.218002
KFPY,30.0693,-83.580597
KPIM,32.8406982422,-84.8824005127
KPCM,28.0002,-82.1642
KUNO,36.878399,-91.902702
KPIL,26.166201,-97.345901
O85,40.5749015808,-122.407997131
KRXE,43.8339,-111.805002
KRJD,38.9701,-75.866302
KRCR,41.0656013489,-86.18170166019999
KDMO,38.70740127559999,-93.1759033203
KSMQ,40.6259994506836,-74.67019653320312
KSTF,33.43310165,-88.84860229
KTVI,30.901599884033,-83.881301879883
KVNW,40.8647,-84.609398
KARG,36.124667,-90.925111
KRBW,32.921001434299995,-80.6406021118
KAXV,40.49340057,-84.29889679
KP33,32.245399,-109.894997
KJYR,40.896801,-97.622803
KFOD,42.552624,-94.191237
KHON,44.385201,-98.2285
PAKN,58.677845,-156.651965
PADQ,57.75,-152.4940033
KLWT,47.048429,-109.466143
KMCF,27.8493,-82.521202
KWRI,40.0155983,-74.59169769
KOGS,44.6819,-75.4655
KPDT,45.695099,-118.841003
KGWO,33.495025,-90.088204
PAEI,64.66570282,-147.102005
KEET,33.17699814,-86.78279877
KJHW,42.15425,-79.254008
KLOL,40.0663986206,-118.565002441
KRNH,45.1483,-92.538101
KSME,37.0533981323,-84.6158981323
PAWS,61.571701,-149.539993
KTNT,25.861788,-80.89701
KCVX,45.304798,-85.274803
KUNI,39.211839,-82.22949
KAMG,31.53610038757324,-82.50659942626953
KE38,30.384199,-103.683998
KAID,40.10860061649999,-85.6129989624
KAAF,29.727501,-85.027496
KHBI,35.65449905,-79.8946991
KBAX,43.780201,-82.985397
KMRH,34.73360062,-76.66059875
KM17,37.5961,-93.347702
KBWC,32.99290085,-115.5169983
KAEJ,38.812906,-106.120062
KCZL,34.455399,-84.939201
KOEB,41.933399,-85.052597
KAJR,34.499901,-83.556702
KCRS,32.0280990601,-96.4005966187
KN03,42.59260178,-76.21489716
K77S,43.93080139160156,-123.00700378417967
KPUJ,33.912328,-84.941111
KDNN,34.72290039,-84.87020111
KL09,36.604099,-117.158997
KDLO,35.745601654052734,-119.23699951171876
KEQA,37.7741012573,-96.8175964355
KHRJ,35.379398,-78.733002
KEUF,31.9512996674,-85.1288986206
KFBL,44.32844,-93.312534
K1A5,35.222599029541016,-83.41899871826172
S45,44.876899719238,-124.02899932861
KGWS,39.5083007812,-107.310997009
KGDJ,32.442222,-97.824444
KGBR,42.18420029,-73.40319824
KCPP,33.598008,-83.138158
K6A2,33.227001,-84.274902
K8A1,34.403035,-86.263615
KHJO,36.31669998,-119.6279984
KHZL,40.9868011475,-75.9949035645
N30,41.515301,-75.251503
KT41,29.6693,-95.064201
KX07,27.893801,-81.620399
KLKV,42.1610984802,-120.399002075
I68,39.4622,-84.251801
0N0,39.29109954833984,-94.44219970703124
KVAY,39.942902,-74.845703
KIMS,38.75889969,-85.46549988
KS33,44.67020035,-121.1549988
KX59,27.962,-80.559799
KMTW,44.127116,-87.681983
1B9,42.0000991821,-71.1968002319
KL41,36.8125,-111.647003
KMRF,30.369593,-104.015893
KLXY,31.639799118041992,-96.51470184326172
K2R4,30.6376,-86.993698
KLVN,44.627899,-93.228104
KC09,41.4254,-88.418701
KOSA,33.095501,-94.961502
KPQL,30.462799072266,-88.529197692871
KLQK,34.8100013733,-82.70290374759999
KC47,43.560299,-89.482903
KPMH,38.8404998779,-82.84729766850002
KPOV,41.210201,-81.251602
KRPD,45.423024,-91.773127
KFQD,35.4282,-81.935097
KO79,39.581001,-120.353996
K84R,30.028157,-97.167028
KSPK,40.145027,-111.667694
K3DW,37.222705,-93.248348
KSUE,44.84370041,-87.42150116
KSUW,46.688612,-92.095041
KXSA,37.8596,-76.894096
KVLL,42.5429,-83.177902
K3G3,41.003101,-81.7565
KRCM,38.784199,-93.802902
KWVL,44.5331993103,-69.6754989624
KCHN,27.5149,-81.880501
KUSE,41.6101,-84.127197
KBDH,45.117552,-95.132259
KWLD,37.168598,-97.037598
K10C,42.402735,-88.376942
KBJJ,40.8748016357,-81.88829803470001
PALH,61.18,-149.972003
W55,47.629002,-122.338997
F57,28.057501,-81.762802
KALM,32.837818,-105.993149
KCOF,28.2349,-80.6101
PASC,70.19470215,-148.4649963
KEDW,34.910781,-117.886391
KMGE,33.915401,-84.516296
KPMD,34.629398,-118.084999
KATY,44.91400146,-97.15470123
KIAB,37.621899,-97.268204
KCDR,42.837601,-103.095001
PAOR,62.9613,-141.929001
KSVC,32.636701,-108.154736
PAVD,61.132712,-146.246567
KLSF,32.332546,-84.988003
KLRF,34.916900634799994,-92.14969635010002
KOFF,41.119307,-95.90851
PABV,61.4165,-149.507004
KCUB,33.970500946,-80.9952011108
KCTB,48.608657,-112.378183
KDUG,31.464139,-109.60456
KNJK,32.829201,-115.671996
KNGU,36.937599,-76.289299
KONO,44.0198,-117.013289
KRWF,44.547199,-95.082298
KTCC,35.182800293,-103.602996826
KVTN,42.856211,-100.549192
K3AU,37.6716,-97.077904
KBMT,30.070635,-94.215746
KBEA,28.361900329589844,-97.79100036621094
K0G6,41.4674,-84.506599
KCVB,29.3419,-98.850899
KCHT,39.7822,-93.495697
K2O6,37.11240005493164,-120.24700164794922
KMRC,35.5541000366,-87.17890167239999
KCXW,35.019889,-92.555111
KCMD,34.2687,-86.858002
KDFI,41.3375015259,-84.4288024902
KDTL,46.824301,-95.883322
KDYR,35.999158,-89.404898
KEBG,26.4417,-98.1222
KFNB,40.0788,-95.592003
K3D2,45.135399,-87.185898
KFMM,40.335758,-103.804371
KT67,32.930535,-97.412328
KFRR,38.9175,-78.253502
KGDM,42.5499992371,-72.0160980225
K27K,38.234405,-84.434702
KGGE,33.3116989136,-79.3196029663
KGYB,30.1693,-96.980003
3T0,33.839298248291016,-96.81009674072266
KGGI,41.70991,-92.736052
KU96,37.435169,-110.564373
PHPA,21.8969,-159.602997
KHAE,39.724499,-91.443703
KHSE,35.232799530029,-75.617797851562
KHZE,47.28990173,-101.5810013
KHFY,39.628399,-86.087898
KIJX,39.774601,-90.238297
KHEG,30.2778,-81.805901
KC62,41.472698,-85.260803
KOKK,40.528198242188,-86.05899810791
K20V,40.05341,-106.369078
KDUH,41.73590087890625,-83.65540313720703
KLBO,37.6483,-92.652397
K1Z1,36.257984,-113.231063
K00R,30.6859,-95.017899
KLPC,34.665599823,-120.468002319
KMFI,44.6369018555,-90.1893005371
KEVU,40.352501,-94.915001
KMWC,43.110401,-88.034401
KMKS,33.185501,-80.036301
K0B5,42.5914,-72.522797
KMRN,35.820202,-81.611397
KMPG,39.880798,-80.735802
K4I9,40.524502,-82.850098
KLRO,32.8978,-79.782898
KOKH,48.251499176,-122.674003601
K26N,39.2635,-74.607498
K60J,33.90850067138672,-78.43669891357422
KODO,31.920601,-102.387001
KHSD,35.601799,-97.7062
KPSX,28.727500915527,-96.250999450684
KPKD,46.9006,-95.073095
KGWW,35.460602,-77.964897
KPEZ,28.954200744628903,-98.5199966430664
KPNM,45.559898,-93.6082
KTIP,40.293598,-88.142403
L36,38.674999,-121.445
K52F,33.051575,-97.232051
K38D,40.948101,-80.862099
KSRC,35.210602,-91.737503
KMIT,35.507401,-119.192002
KSDA,40.7515983581543,-95.4136962890625
KS37,40.041605,-76.201386
KSPF,44.48030090332,-103.78299713135
KSPW,43.165500640869,-95.202796936035
KLNR,43.2099,-90.181332
KSTE,44.5452003479,-89.530296325684
KIRS,41.813301,-85.439003
KDYB,33.0634,-80.279297
K1Q2,40.650169,-120.768524
KTAN,41.874401,-71.016602
KTAZ,39.534199,-89.327797
K4B6,43.8773,-73.413101
KN27,41.740002,-76.447098
K06A,32.460499,-85.680002
KVDI,32.192699432373,-82.371200561523
KCNW,31.641129,-97.073335
KWBW,41.2971992493,-75.8511962891
KSDC,43.234573,-77.119403
KONA,44.077202,-91.708298
KTBN,37.7416,-92.140701
PAGS,58.4253006,-135.7070007
KPAM,30.069599,-85.575401
KSKA,47.615101,-117.655998
KRND,29.529699,-98.2789
KWRL,43.965698,-107.950996
KDVL,48.115454,-98.908796
KNKT,34.900902,-76.880699
KCSV,35.95131,-85.08499
KALI,27.7409,-98.026901
KEKN,38.889759,-79.857651
KYKN,42.916698455811,-97.385902404785
KSRR,33.462799,-105.535004
KBKE,44.8372993469,-117.808998108
07FA,25.325399,-80.274803
KNQX,24.57579994,-81.68890381
KARA,30.0378,-91.883904
KNUW,48.351799,-122.655998
KPNA,42.79550171,-109.8069992
KRSL,38.872100830078,-98.811798095703
PHLU,21.211,-156.973999
S31,48.4838981628418,-122.93800354003906
KORK,34.83309937,-92.25409698
KBIE,40.3013,-96.754097
WA09,48.612301,-123.139
KADG,41.866205,-84.077983
3O9,36.577598571777,-94.86190032959
L54,32.95009994506836,-116.29299926757812
KAKO,40.1755981445,-103.222000122
KALX,32.914699554399995,-85.9629974365
KBRY,37.8143005371,-85.4996032715
KHSA,30.3678,-89.454597
KHMZ,40.085952,-78.513359
KE95,31.999396,-110.358224
U60,45.133202,-115.321999
KBGD,35.700901031499995,-101.393997192
KBKD,32.71900177,-98.8909988403
K7G0,43.181099,-77.915802
KCFD,30.7157001495,-96.3313980103
KCAD,44.275749,-85.421534
K2S7,42.57944,-121.879063
KCTZ,34.9756011963,-78.3646011353
KCFV,37.09400177,-95.5718994141
K0O4,39.944555,-122.170851
KDVK,37.579409,-84.774347
K54J,30.7313,-86.151604
KONZ,42.099098,-83.161499
M02,36.127998,-87.429802
KDLN,45.2554016113,-112.553001404
KDYL,40.3330001831,-75.1222991943
KDKK,42.49247,-79.273102
K33U,40.917701721191406,-109.39099884033205
KELA,29.600599288900003,-96.3218994141
KBLU,39.2750015259,-120.709999084
KO89,41.018798828125,-121.43299865722656
2I3,37.610022,-86.507262
KFAM,37.761101,-90.428597
KFYM,35.059700012200004,-86.5640029907
KSMD,41.14339828,-85.15280151
KFKR,40.273399,-86.562202
KFRH,38.5061988831,-86.63690185550001
88NV,40.757303,-119.212861
KGLW,37.03179932,-85.9536972
K4S1,42.41339874,-124.4240036
KMNZ,31.665899,-98.148598
KHDO,29.35950088501,-99.176696777344
KHTF,42.382139,-77.68211
KHHG,40.852901,-85.4571
KX58,27.036399841308597,-80.44010162353516
KJER,42.72669982910156,-114.45700073242188
KEMM,41.82410049439999,-110.556999207
KEOK,40.4598999023,-91.4284973145
KILE,31.0858001709,-97.6865005493
KF31,33.99100112915039,-96.6427993774414
4R5,46.7887,-90.758698
KPPO,41.5724983215,-86.73449707030001
KN12,40.066799,-74.177696
KEXX,35.781101,-80.303802
L53,38.08409881591797,-121.31600189208984
KMBO,32.438702,-90.103104
KMZZ,40.4898986816,-85.6797027588
KMTO,39.477901,-88.279198
K1G5,41.13189,-81.767368
KW91,37.1077,-79.592499
K42U,41.1488,-111.766998
KU76,43.13130188,-115.7300034
KUCP,41.02529907,-80.41339874
KOIC,42.566600799561,-75.524101257324
L90,33.14594,-116.129755
K3N6,40.329899,-74.346802
K1V6,38.429739,-105.108562
K4S9,45.21630096435547,-122.58999633789062
KPUC,39.613899,-110.751
KUKT,40.4352,-75.381897
2J9,30.5979,-84.557404
KRZL,40.9478988647,-87.1826019287
KUZA,34.9878006,-81.05719757
KRSN,32.514187,-92.588517
E77,32.636501,-110.647003
KDNA,31.881001,-106.705002
KN79,40.836899,-76.552498
KSPZ,39.40299987792969,-119.2509994506836
KTBR,32.4827003479,-81.73690032959999
3B3,42.4259,-71.7929
KSCD,33.171799,-86.305496
KL17,35.14147,-119.438624
KHAI,41.959801,-85.593399
KTMA,31.4290008545,-83.4885025024
KTDF,36.284901,-78.9842
KTOR,42.0644989,-104.1529999
KTLR,36.15629959,-119.3259964
KO15,37.48740005493164,-120.6969985961914
KTWM,47.04919815,-91.74510193
KX23,28.924286,-81.651826
KVLA,38.991501,-89.166199
KB06,44.191499,-73.358889
KAWG,41.276100158691406,-91.67340087890624
KFYG,38.587601,-90.993797
KB16,43.080299,-76.538399
KW03,35.77040100097656,-77.96980285644531
KBGF,35.177502,-86.0662
KIWI,43.9613990784,-69.712600708
KOTG,43.65477,-95.577364
KO52,39.12369918823242,-121.6050033569336
KL22,34.129659,-116.407411
S60,47.754799,-122.259003
KDYS,32.420799,-99.854599
KLTS,34.667099,-99.266701
KBLF,37.295799,-81.207703
KLFI,37.082901,-76.360497
KTIK,35.4147,-97.386597
PAPG,56.80170059,-132.9450073
KWRB,32.640099,-83.591904
KAIA,42.052543,-102.803965
KGDV,47.137658,-104.80691
KIMT,45.81911,-88.114557
KBIX,30.4104003906,-88.92440032959999
K79J,31.3088,-86.393799
KBDE,48.728401,-94.612198
KBBD,31.178931,-99.324732
KCDS,34.4337997437,-100.288002014
KBIF,31.84950066,-106.3799973
KNFW,32.769199,-97.441498
KGUY,36.6851005554,-101.508003235
KOGB,33.456798553467,-80.859497070312
PASX,60.474935,-151.038471
KSOA,30.585699081421,-100.6490020752
KAUW,44.9262008667,-89.6266021729
PABT,66.913902,-151.529007
PAGY,59.460343,-135.316651
KACJ,32.110802,-84.188904
KANQ,41.639702,-85.083504
KFGU,35.044315,-85.020146
KGWB,41.307201,-85.0644
KBYY,28.973301,-95.863503
KHPY,29.7861003876,-94.9526977539
07S,37.659198760986,-96.527198791504
KBFR,38.84000015,-86.44539642
KBML,44.57540131,-71.17590332
KBPG,32.212601,-101.522003
KBBW,41.4365005493,-99.6421966553
KCBG,45.557499,-93.264198
KOZS,37.974024,-92.691254
KBQ1,35.341702,-79.436897
KU70,44.4938011169,-116.01599884
3S4,42.1036987305,-123.681999207
KS10,47.866001,-119.943001
KAZC,36.95919,-113.013166
KUBS,33.4654006958,-88.3803024292
K3W5,48.5298,-121.758003
KCOT,28.45669937,-99.22029877
KO09,39.790199,-123.265999
KCKN,47.8417015076,-96.62159729
KDCU,34.652698516799994,-86.94539642330001
KAJZ,38.7864,-108.064003
KDUC,34.47090149,-97.9598999
S28,48.997799,-100.042999
K1O6,41.263199,-122.272003
K00C,37.203201,-107.869003
K1H2,39.0704,-88.533501
K08A,32.5294,-86.328201
KF41,32.3297,-96.663902
KA30,41.558201,-122.855003
KFRM,43.643901825,-94.4156036377
KBKS,27.20680046,-98.12120056
KFOM,38.95830154,-112.362999
K5R4,30.427693,-87.700971
KFOT,40.55390167,-124.1330032
KFEP,42.2462005615,-89.58200073239999
KW05,39.841222,-77.274699
KRPH,33.110198974609,-98.555297851562
KGRE,38.836844,-89.376525
KGRD,34.248699,-82.159103
K29D,41.146,-80.167702
KRFI,32.141701,-94.8517
KHLC,39.37879944,-99.83149719
KHUM,29.5664997101,-90.6604003906
KHHW,34.03480148,-95.54190063
K3M5,34.747299,-86.461403
06U,41.97600173949999,-114.657997131
K1G3,41.151402,-81.4151
KLHQ,39.7556,-82.657097
KLUG,35.507,-86.803902
KLXN,40.791,-99.777298
KT78,30.077801,-94.698601
K24J,30.3001,-83.024696
KGKJ,41.626499,-80.214699
KLUM,44.8923,-91.867897
KIKW,43.663054,-84.258606
KC56,41.377602,-87.681396
KTTF,41.939899,-83.4347
KJMR,45.886101,-93.271796
KMVN,38.322774,-88.859257
KMKO,35.656502,-95.366699
KOCH,31.57799911,-94.70950317
KEOS,36.810799,-94.391701
K8W2,38.655683,-78.708995
KVSF,43.343601,-72.517303
KUKF,36.2228012085,-81.09829711910001
KRCE,35.488098,-97.823601
KOEO,45.310001,-92.691902
KU08,36.56800079345703,-114.44300079345705
KPSN,31.779699325562,-95.706298828125
KPVJ,34.71110153,-97.22319794
KPEA,41.40010070800781,-92.9458999633789
K3MY,40.7953,-89.613403
KVYS,41.351898,-89.153099
KI17,40.16469955,-84.30840302
KPDC,43.019298553467,-91.12370300293
KPRS,29.634212,-104.361493
S39,44.286998748779,-120.90399932861
K5E9,40.407854,-83.215183
K4V0,40.094002,-108.763
KRVL,40.6773986816,-77.6268005371
K3J1,32.492699,-80.992302
K2RR,27.78219985961914,-81.2052993774414
N87,40.21390152,-74.60179901
KRPJ,41.893002,-89.0783
56S,46.01649857,-123.9049988
N23,42.302600860596,-75.416000366211
KSLG,36.191898,-94.489998
KLWA,42.3512,-86.255699
KSWW,32.467399597168,-100.46700286865
KUTA,34.68505,-90.347757
N45,41.627899,-74.133797
KRAW,38.346901,-93.345398
KPCZ,44.333302,-89.019798
KOJA,35.5448,-98.668503
KOQN,39.990101,-75.581902
14S,46.8969,-124.100998
KCPC,34.27289963,-78.71499634
KBEC,37.6944999695,-97.21499633790002
KO42,36.39879989624024,-119.10700225830078
KJRB,40.700711,-74.008573
KHMN,32.852501,-106.107002
KBAD,32.501801,-93.662697
KCBM,33.643799,-88.443802
PACV,60.491798,-145.477997
KDLF,29.359501,-100.778002
KLUF,33.535,-112.383003
PADU,53.89881,-166.544996
KMIB,48.4156,-101.358002
KRCA,44.14500046,-103.1039963
KHVR,48.541387,-109.762859
KSDY,47.705141,-104.194422
KSKX,36.452494,-105.67749
KPOB,35.170898,-79.014503
KNBG,29.82530022,-90.03500366
KHIF,41.12403,-111.973086
KNTD,34.120300293,-119.121002197
KSVN,32.00999832,-81.14569855
KBPI,42.58509827,-110.1110001
KHUL,46.1231002808,-67.792098999
PHNG,21.4505,-157.768005
KILN,39.427898407,-83.792098999
K2G4,39.580819,-79.33573
KBFZ,34.229099,-86.255798
K35D,42.53099823,-85.82510376
KAMN,43.322101593,-84.68800354
KAXS,34.697952,-99.3385
KAVK,36.773201,-98.669899
KU01,42.79729843139648,-112.8249969482422
KTFP,27.913,-97.211502
KATS,32.8525009155,-104.468002319
3G4,40.903,-82.2556
KAVO,27.59119987,-81.52780151
K64,38.837501525878906,-95.18219757080078
KBKT,37.0741996765,-77.9574966431
KBNW,42.049599,-93.847603
KAVC,36.688301,-78.054497
KMO8,39.77000045776367,-93.01270294189452
KW22,39.00049973,-80.2736969
KCFE,45.159,-93.8433
KU07,37.547827,-110.712898
7W4,37.9656982421875,-77.74579620361328
K7F3,33.036201,-96.243103
KO59,41.55270004272461,-120.16600036621094
KF17,31.8316,-94.156403
KICL,40.72180176,-95.02639771
KRNV,33.761101,-90.757896
K9A0,34.582838,-84.019918
KLZD,41.81969833374024,-71.9010009765625
KDEH,43.275501,-91.739403
KEGV,45.9323005676,-89.26830291750001
K27R,30.8622,-100.611
K58M,39.5742,-75.869797
KN89,41.728773,-74.376923
KS78,43.84989929199219,-116.54299926757812
K1L7,37.74530029296875,-111.56999969482422
3EX,39.33720016479492,-94.19770050048828
9N3,41.58940124511719,-75.756103515625
5B6,41.585602,-70.540398
KN58,39.559600830078125,-119.24099731445312
K0B8,41.252099,-72.032218
KW90,37.271801,-79.335899
KFFX,43.436854,-85.996592
S24,41.2957,-83.037201
KVKX,38.74760056,-76.9571991
KXNX,36.375076,-86.408414
KO16,40.08599853515625,-123.81400299072266
D52,42.79869842529297,-77.84249877929688
K33J,31.052579,-85.868715
KGAF,48.40470123291016,-97.37090301513672
KGCY,36.195648,-82.811482
KI34,39.32690048,-85.52249908
KHRF,46.251499,-114.125569
KMGN,45.42559814453125,-84.91339874267578
KHSI,40.6053009033,-98.4279022217
KLHB,30.871799,-96.6222
KHRI,45.828223,-119.259024
K3H4,47.359402,-97.060402
KLHW,31.891237,-81.561003
S66,43.61489868164063,-116.9219970703125
T51,30.042873,-95.667238
K7S9,45.18040084838867,-122.74299621582033
K18V,40.099998,-104.700996
H47,40.62760162353516,-123.47100067138672
Y70,42.938,-85.060501
KJCA,34.174,-83.560699
KGEV,36.432418,-81.418519
KNY0,42.998199,-74.329597
KJOT,41.51779938,-88.17549896
E67,33.04759979248,-110.90899658203
KI95,40.610699,-83.6436
KC75,41.018391,-89.385865
CA89,33.632272,-117.300868
W10,48.01750183105469,-122.43800354003906
K6S8,45.703098,-108.761002
KLIC,39.2747993469,-103.666000366
KAAA,40.158699,-89.334999
KIPJ,35.483299,-81.161301
KLXL,45.949699,-94.347397
K8A3,36.412102,-85.3116
KLHV,41.13560104,-77.42230225
KF82,33.48559952,-101.8130035
KMDS,44.01599884,-97.08589935
K3F3,32.0735015869,-93.7655029297
KMGG,45.236,-93.985603
KRMY,42.251202,-84.955498
2B1,41.685299,-70.402298
KTEW,42.5658,-84.423203
KMPR,38.352402,-97.691299
KMDZ,45.10100174,-90.30329895
K06N,41.431999,-74.391602
KEVY,39.520401,-75.720398
KMCX,40.708801,-86.7668
KMPJ,35.138901,-92.909202
KMVL,44.534599,-72.613998
8D1,43.944199,-88.113503
KX50,28.978901,-80.925102
17S,45.32369995117188,-123.0540008544922
2S6,45.29570007,-122.9550018
K2B3,43.3881,-72.189301
KOKM,35.668098449707,-95.948699951172
K0F3,43.387501,-95.139198
KSCX,36.455505,-84.586008
K0S7,48.959,-119.412003
KRNP,42.993000030518,-84.138900756836
KPFC,45.199799,-123.961998
KPSO,37.28630066,-107.0559998
K1U7,42.2472,-111.337997
50S,43.777478,-116.936288
S75,44.0915985107,-116.901000977
KCKZ,40.389198303222656,-75.29049682617188
KPCD,37.868698,-89.862099
KPPQ,39.638901,-90.778397
KC65,41.365101,-86.300499
KPLD,40.450802,-84.990097
KU10,42.10689926147461,-111.91300201416016
KO32,36.66630172729492,-119.4499969482422
N86,39.66659927368164,-119.7229995727539
KRLD,46.305599,-119.304001
KU56,43.642039,-111.929526
KSXU,34.93439865,-104.6429977
K4A6,34.688702,-86.005898
K11S,48.266102,-124.314003
W28,48.098098754883,-123.18699645996
KSNL,35.357898712158,-96.942802429199
KGEZ,39.586044,-85.804024
KRZN,45.822701,-92.372498
KASD,30.3451,-89.820801
KSAR,38.148899,-89.6987
KTVR,32.351601,-91.027702
KHQU,33.52970123,-82.51650238
KX21,28.622633,-80.835257
KN57,39.83050155639648,-75.76969909667969
KVES,40.204399,-84.531898
KVKS,32.23929977417,-90.928398132324
KBWP,46.2440986633,-96.6073989868
K0B7,44.117724,-72.826867
KAFJ,40.136501,-80.290199
KS87,44.20679855,-116.961998
KEGT,37.323601,-97.388298
KTXW,26.177601,-97.973098
4V8,42.927101,-72.8657
KARM,29.254299,-96.154404
KHIE,44.36752,-71.545765
KCMR,35.305555,-112.194393
KARV,45.927898,-89.730904
KCVS,34.382801,-103.321999
PHMU,20.001301,-155.667999
PADK,51.883564,-176.642783
KMTC,42.613463,-82.836919
PAGK,62.155859,-145.454662
KNQI,27.5072002411,-97.8097000122
KSUZ,34.590599,-92.479401
KW63,36.595798,-78.560097
KFCS,38.67839813,-104.7570038
KRDR,47.961101532,-97.4011993408
KHBR,34.991317,-99.051313
KNDZ,30.704399,-87.023003
KTOI,31.860399,-86.012101
KTCS,33.2369,-107.272003
KNTU,36.820702,-76.033501
KBKX,44.304798,-96.816902
PASM,62.060501,-163.302002
PHHI,21.481637,-158.037048
KSJX,45.692299,-85.566597
KT89,29.278,-103.686997
PASO,59.442981,-151.705227
KAEL,43.68149948,-93.36720276
E11,32.331100463867,-102.5299987793
KASX,46.54850006,-90.91899872
KAUH,40.8941,-97.994598
KBGE,30.9715004,-84.63739777
KBTY,36.8610992432,-116.787002563
KU52,38.230701,-112.675003
KBRG,34.645198,-106.834
E41,31.198900222800003,-101.472999573
PAGQ,61.534658,-149.812936
KU02,43.209233,-112.34956
KBDG,37.58330154,-109.4830017
KN13,40.997676,-76.435256
F95,30.486899,-85.113798
KBCR,30.843879,-85.601773
58CL,33.1917,-116.276001
3T3,45.043999,-92.020401
K12J,31.0506,-87.065598
27XS,29.837999,-95.94981
X05,28.3302993774,-82.4964981079
KA20,35.005944,-114.565076
KITR,39.2425,-102.285004
K8G6,40.2384,-81.012901
KCDI,39.974998,-81.577599
KAAS,37.358254,-85.309434
KCZK,45.676599,-121.878879
K5N8,46.854,-97.208702
KPYP,34.089977,-85.610069
KCQW,34.712898,-79.957001
KRZT,39.440399,-83.023102
KGCM,36.292702,-95.479599
KAXQ,41.2258,-79.441002
KCKV,36.6218986511,-87.4150009155
KH35,35.470699,-93.4272
KCSM,35.3398017883,-99.2005004883
KCKF,31.9888,-83.773903
KCRX,34.9150009155,-88.6035003662
K61S,43.799800872802734,-123.02899932861328
KM04,35.583401,-89.587196
KW41,38.018277,-75.825834
KDKR,31.306999,-95.403801
KUBE,45.505969,-91.98012
KC59,42.634102,-88.601097
PAIN,63.732465,-148.911266
KSYN,44.475579,-93.016756
KC73,41.833875,-89.443967
KA32,41.887199,-121.975998
KDGW,42.79719925,-105.3860016
KDUX,35.857899,-102.013
K57C,42.797199,-88.372597
KEPM,44.910099,-67.012703
KRQO,35.472698,-98.005798
KEBA,34.095423,-82.817581
KH79,38.360599517822266,-92.57160186767578
K0A9,36.371201,-82.173302
KZEF,36.27999877929688,-80.78610229492188
KCZG,42.078499,-76.096296
O33,40.780998,-124.211998
K4G7,39.4482,-80.167
KFLX,39.4990997314,-118.749000549
KFGX,38.5418014526,-83.74340057370001
KFBR,41.3918991089,-110.406997681
KFDR,34.35200119,-98.98390198
E79,36.840177,-119.86943
X09,29.690000534057617,-95.8396987915039
KGQQ,40.7533988953,-82.7238006592
KGAS,38.834099,-82.163399
U88,44.066863,-115.930903
KK68,38.27717,-95.215287
KGNG,42.91719818,-114.7649994
KGNB,40.08969879150391,-105.91699981689452
K3GM,43.034,-86.198196
KGIC,45.9426,-116.123001
KC81,42.32460021972656,-88.0740966796875
K3B1,45.463001,-69.551598
KGMJ,36.6068,-94.738602
F62,40.547100067139,-123.18199920654
KJYM,41.92129898071289,-84.58580017089844
KHNB,38.2490005493,-86.95369720459999
K1L8,37.138901,-113.306
K2O7,36.815383,-118.204463
S81,44.761299,-115.107002
K2R2,39.7481,-86.473801
KJAU,36.334073,-84.162977
KJRO,38.9814,-82.577904
L78,32.616001,-116.165001
KJFX,33.902,-87.314201
KGCD,44.404202,-118.962997
KDPL,35.00009918,-77.98169708
KIKG,27.5509,-98.030899
KLWV,38.7643013,-87.6054992676
KLMS,33.1461982727,-89.0625
W24,37.377899,-79.1222
KMQB,40.5200996399,-90.6523971558
KM75,48.366901,-107.918999
KMAI,30.837799,-85.1819
KASL,32.5205001831,-94.307800293
KRNC,35.69869995,-85.84380341
M90,36.7585983276,-120.371002197
KMIO,36.909199,-94.887497
KMLT,45.6478,-68.6856
KJDD,32.742199,-95.496498
KMRJ,42.886799,-90.236198
KMVC,31.458,-87.350996
K0E0,34.9751,-106.0028
K6G4,40.3651008605957,-82.49569702148438
KIER,31.735701,-93.099098
KL88,34.9375,-119.68800354003906
KHZR,30.7183,-91.478699
KULM,44.319599151611,-94.502296447754
KEFK,44.888802,-72.229202
I80,40.003601074219,-85.964698791504
KONL,42.468916,-98.686989
KORG,30.069201,-93.800903
KHNZ,36.361599,-78.529198
48X,27.64249992370605,-82.5208969116211
KPPF,37.32989883,-95.5062027
KPTN,29.709499359131,-91.338996887207
KT30,28.8223,-99.109001
KC15,40.488201,-89.675903
K01G,42.741453,-78.052646
KMPE,32.7994,-89.125999
KPBH,45.709,-90.402496
KHFJ,36.9062,-94.012802
KPBX,37.560795,-82.570051
1D2,42.348202,-83.456299
FA08,28.166763,-81.809603
K1M5,36.592681,-86.476936
KN47,40.26029968261719,-75.6707992553711
KZER,40.706501,-76.3731
KUIL,47.936599731445,-124.56300354004
KRAC,42.7606010437,-87.8152008057
KRTN,36.741501,-104.501999
D98,42.79610062,-82.97499847
KHYX,43.433399,-83.862297
KSAS,33.2414016724,-115.952003479
CA35,38.01689910888672,-122.52100372314452
K81R,31.235200881958008,-98.71700286865234
KTQK,38.47430038452149,-100.88500213623048
0Q4,36.58160018920898,-119.65799713134766
KSER,38.923599243164,-85.907402038574
KEZS,44.787514,-88.560481
K5I4,40.177898,-86.2173
KL61,35.968601,-116.268997
KS83,47.547277,-116.188745
4B0,42.56069946289063,-73.83390045166016
K6I2,37.633499,-85.241798
KOYM,41.412498474121,-78.502601623535
KSVH,35.765301,-80.953903
KSIF,36.437199,-79.850998
X39,28.2213001251,-82.37449646
KU30,36.02050018310547,-114.33499908447266
KTDO,46.4771995544,-122.805999756
20GA,33.7565002441,-84.88469696039999
KPWG,31.48489952,-97.3164978
KACZ,34.717899,-78.003601
K69K,39.19720077514648,-96.25890350341795
KU79,45.373253,-115.198157
N72,41.28760147094727,-74.28710174560547
KOCW,35.570499420166,-77.049797058105
KJWG,35.8647,-98.420799
KLCG,42.241901,-96.9814
KHEE,34.576571,-90.67616
KI22,40.1689,-84.925697
W27,45.89879989624024,-122.73699951171876
KDWU,38.554501,-82.737999
PADL,59.04470062,-158.5050049
KEND,36.339199,-97.916496
KVBG,34.737301,-120.584
KMUO,43.043598,-115.872002
KXWA,48.260863,-103.75116
PAKP,68.133598,-151.742996
PABA,70.134003,-143.582001
PAGM,63.767694,-171.733303
KMGC,41.7033,-86.821198
KSMN,45.122233,-113.88196
KOZR,31.27569962,-85.71340179
KMXF,32.3829,-86.365799
KESF,31.394266,-92.294082
KBYH,35.9642982483,-89.94400024410001
PASY,52.71229935,174.1139984
KEGI,30.65040016,-86.52290344
KLND,42.815201,-108.730003
KNLC,36.33300018,-119.9520035
KSLI,33.790864,-118.050342
KMBG,45.54650116,-100.4079971
KNFG,33.30130005,-117.3550034
KNHK,38.285999,-76.411797
KWWR,36.438,-99.5226667
PHUP,20.265301,-155.860001
PHSF,19.760099,-155.554001
89D,41.60296,-82.687054
KMBL,44.272707,-86.246495
PFTO,63.32949829,-142.9539948
KIYA,29.97579956,-92.084198
15J,31.1378,-83.4533
89NY,44.312002,-75.90034
KAQX,32.995098,-81.270203
KAAT,41.482736,-120.565671
KMMI,35.39730072,-84.56259918
K0R1,31.016199,-87.4468
KTMT,39.467708,-117.197576
7N8,40.398201,-75.564301
KBQP,32.756,-91.880556
KBVX,35.7262,-91.647301
KPMU,34.36349869,-89.89260101
KBHC,31.71380043029785,-82.393798828125
K1R8,30.870321,-87.819298
2D7,40.64659881591797,-81.55609893798828
KTX2,28.362444,-97.661917
KBST,44.409401,-69.011902
K44C,42.497799,-88.967598
K4M1,36.381302,-93.624603
KB19,43.4641,-70.472397
KRQB,43.7225990295,-85.50409698490002
K0F2,33.6017,-97.775597
KVBW,38.366699,-78.960297
KL62,35.35269927978516,-119.47899627685548
K70J,30.88800048828125,-84.15470123291016
KT35,30.8794002532959,-96.97109985351562
ID74,44.537881,-115.367282
40XS,30.51768,-97.780865
KENL,38.515099,-89.091103
KLLJ,44.522999,-114.218002
KFPK,42.574501,-84.811401
KCKM,34.2997016907,-90.512298584
KCWV,32.195099,-81.869598
KS95,46.046902,-118.417
K6S3,45.630501,-109.238998
CKU,60.5438995361,-145.727005005
KNWL,27.635,-97.312202
50F,32.581799,-97.590797
K0I8,38.366199,-84.283302
K2A0,35.486198,-84.931099
K38S,46.38819885,-112.7659988
KDEW,47.966599,-117.427002
KDNS,41.9864006,-95.38069916
KDEQ,34.047001,-94.399399
KDXE,36.77750015,-89.94120026
KDRM,46.0093002319,-83.74389648440001
KDBN,32.5644,-82.985298
KU69,40.191898,-110.380997
K02G,40.673302,-80.641403
KETN,32.4135017395,-98.8097991943
KEZM,32.214199,-83.127998
1N1,35.094501,-106.167
K87K,37.8567008972168,-93.99909973144533
3W7,47.922000885,-119.083000183
KEYF,34.60179901,-78.57929993
K49A,34.627899169921875,-84.52490234375
K7B9,41.925302,-72.457066
KEKS,45.271801,-111.649002
KEDN,31.29969978,-85.89990234
KGZH,31.4158,-87.043999
KL73,35.59659957885742,-119.12799835205078
KM95,33.709158,-87.815266
3DA,43.052502,-83.804901
K25D,45.24769973754883,-92.99440002441406
KFLV,39.3683013916,-94.9147033691
K4A9,34.473701,-85.721397
KFZI,41.1908,-83.394501
K14G,41.333099,-83.161201
0O9,41.845699310302734,-123.98500061035156
KGLR,45.0135002136,-84.7035980225
K1K4,35.155102,-97.470398
KNGT,28.615516,-97.616302
KF35,32.923199,-98.436401
KGNT,35.167301178,-107.902000427
KU34,38.9613990784,-110.226997375
K6D6,43.1423,-85.253799
KN81,39.6675,-74.757698
HI01,22.209313,-159.44515
KHXF,43.3493,-88.391098
K9D9,42.663601,-85.346298
KHBV,27.34959983825684,-98.73699951171876
K0A7,35.308258,-82.432948
K8B1,43.061958,-71.905343
KINJ,32.0835,-97.097198
KHOC,39.188801,-83.538803
KHLX,36.766102,-80.823601
K04W,46.0228,-92.895401
KHOE,31.055901,-82.774101
O21,41.04290008544922,-123.66799926757812
KM18,33.7201,-93.658798
K1B6,42.106499,-71.510101
KHVC,36.856998,-87.455101
KHSR,43.366615,-103.390545
KHQG,37.163101,-101.371002
KIIB,42.456836,-91.94767
K2W5,38.596572,-77.072639
KK88,37.870098,-95.386398
KMJQ,43.650002,-94.986504
K3R7,30.242700576782227,-92.67340087890624
K3JC,39.044452,-96.844566
KW31,36.96020126342773,-78.18499755859375
WN53,48.11079,-122.062958
KX49,27.933399200439453,-82.04399871826172
KBQR,42.922298,-78.612297
K0U0,44.642399,-115.532997
D95,43.066601,-83.272301
KLUL,31.6725997925,-89.172203064
5G0,42.9814,-77.9375
KLLN,33.5525016784668,-102.37200164794922
KLDM,43.96250153,-86.40789795
KK89,39.728699,-92.4645
52A,33.612099,-83.460403
KMNV,35.545399,-84.380203
KMAL,44.853699,-74.328903
KISQ,45.974602,-86.171799
KOQW,42.050703,-90.739217
KMKV,31.09469985961914,-92.06909942626952
KMIW,42.112701,-92.917801
21N,40.987598,-72.518997
KMEB,34.791901,-79.365799
KM25,36.7691,-88.584702
D56,47.476298,-97.328111
KMNM,45.126701,-87.638397
3Q0,38.383301,-118.100998
UT75,38.5315831779,-109.995889664
K14A,35.612998962402344,-80.89939880371094
KMOR,36.179401,-83.375504
KMWK,36.45970154,-80.5530014
KN71,40.09220123291016,-76.57440185546875
KIOB,38.058102,-83.979599
O74,40.52470016479492,-83.51170349121094
KMNF,36.992802,-91.7145
KMAO,34.181198,-79.334702
1U3,43.21599960327149,-116.54900360107422
KMUT,41.367803,-91.148201
3OH0,39.930317,-84.013429
K82C,43.838699,-90.137703
1U4,44.97909927368164,-116.28399658203124
K0C8,41.51885,-88.605079
KTNU,41.6744,-93.021698
KOVO,39.045601,-85.605301
K4V4,47.724876,-97.590115
KOLE,42.241199,-78.371399
KONY,33.350899,-98.819199
KOPL,30.558399,-92.099403
WS17,43.985045,-88.576083
K81B,44.157398,-70.4813
58N,40.287601,-76.577499
K1L9,37.85969924926758,-112.81600189208984
KL37,35.527168,-113.247636
KPMB,48.9425010681,-97.2407989502
KPXE,32.510601,-83.767303
W99,38.9948997498,-79.1458969116
48Y,48.99959945678711,-95.98259735107422
KPKV,28.653999,-96.681297
KRKR,35.021599,-94.6213
K91C,43.297901,-89.755798
KPTT,37.70159912,-98.74690247
KC35,43.525902,-89.9832
KRBO,27.778103,-97.690098
KRCZ,34.8913,-79.759598
KRKW,35.9222984314,-84.6896972656
KK16,43.250334,-75.606194
KRPX,46.475095,-108.541497
KMKJ,36.894901,-81.349899
KROS,45.698002,-92.953003
KRUE,35.259102,-93.0933
KRUQ,35.645901,-80.520302
KNSI,33.23979949951172,-119.45800018310548
KOWP,36.175301,-96.151802
KSEM,32.343898773193,-86.987800598145
KSSQ,45.7314,-91.9207
K6K5,44.30459976196289,-121.53900146484376
KONM,34.022499,-106.903
KFYE,35.207699,-89.394501
K2S9,46.697601,-123.822998
KHTW,38.419082,-82.494922
KSPA,34.915699005127,-81.956497192383
KS72,47.325735,-116.576457
2U8,44.72629928588867,-115.00299835205078
KSTK,40.613497,-103.263833
KMO3,37.660301,-93.816803
KSGT,34.599499,-91.574997
KJYL,32.645302,-81.597099
FA81,25.004848,-80.533279
KL94,35.101101,-118.422997
KTEL,38.0177,-86.690903
K9S5,45.878101,-111.569
KP29,31.671061,-110.022039
KTAD,37.2593994141,-104.341003418
KO81,41.88740158081055,-121.35900115966795
K3B5,44.1889,-70.232903
KRVF,45.533702,-112.300283
K56D,40.8834,-83.314499
KC16,40.1464,-88.198502
S49,43.96379852294922,-117.25900268554688
KVHN,31.057800292969,-104.78399658203
KIWH,40.762991,-85.799747
15G,41.028278,-81.798077
KAKQ,36.98720169067383,-77.0010986328125
D37,48.191541,-96.711912
KRRT,48.94139862,-95.3483963
KL19,35.61970138549805,-119.35399627685548
KACQ,44.073502,-93.552902
KI23,39.5704,-83.420502
W13,38.077099,-78.944199
40I,39.50529861450195,-84.12190246582031
KO54,40.74570083618164,-122.9219970703125
KLWL,41.117099762,-114.92199707
KELZ,42.109501,-77.989998
KM24,30.84320068359375,-89.15979766845703
5A6,33.4654007,-89.72920227
KPJC,40.801601,-80.160698
5BL,59.64469909667969,-151.5019989013672
KJRA,40.755107,-74.006896
KSZL,38.730301,-93.547897
KGUS,40.648102,-86.1521
KSSC,33.972698,-80.470596
PAWG,56.48429871,-132.3699951
6N5,40.742372,-73.972074
PAFM,67.105529,-157.855339
PACD,55.207871,-162.725029
PAGA,64.736198,-156.936997
PAQT,70.209999,-151.005998
PASA,63.686401,-170.492996
KBKF,39.701698,-104.751999
KNCA,34.708401,-77.439697
KVOK,43.938999,-90.253403
KCAR,46.871498,-68.017899
KNID,35.6853981,-117.6920013
KDRI,30.831699,-93.339897
KNFL,39.41659927,-118.7009964
KFBG,35.13180161,-78.93669891
KFTK,37.9071006775,-85.9720993042
KNRB,30.3911,-81.424698
KRGA,37.630798,-84.332298
PAWD,60.130478,-149.418612
KIWD,46.525298,-90.131578
PAWM,64.689201,-163.412994
KM40,33.873699,-88.4897
KA26,41.186491,-120.954499
KAIT,46.548401,-93.676804
46U,43.181876,-111.038657
KA24,41.412399,-120.683998
KAHH,45.2811012268,-92.3753967285
KT00,29.7701,-94.662399
KANY,37.158501,-98.079597
KAIG,45.154202,-89.110703
K0J8,29.618954,-82.508769
KATA,33.101799,-94.195297
KAIO,41.40729904,-95.04689789
KADU,41.701401,-94.920502
KAUM,43.66500092,-92.93340302
KBNL,33.25780106,-81.38829803
K8B5,42.3564,-72.130096
W52,45.826801,-122.577003
K54T,29.7617,-94.846497
KK06,39.9734,-90.403702
KX10,26.700899,-80.6623
KC20,41.951698,-86.367699
K0B1,44.425201,-70.809896
K8N1,40.484798,-76.263603
O55,41.139599,-121.124001
I08,45.143501,-114.929001
P04,31.3640003204,-109.883003235
K00S,44.181466,-122.086
KHKA,35.940399169900004,-89.83080291750001
1TX4,29.272999,-95.886869
KOVS,43.160198,-90.675499
KBFA,45.165798,-84.924103
KBOK,42.0746,-124.290001
KBYG,44.3811,-106.722
KA09,34.887533,-114.616638
K1T8,29.7391,-98.451258
0OH5,40.59683,-82.43173
KTVB,37.13240051269531,-92.08399963378906
KI10,39.80099868774414,-81.53630065917969
KRWV,30.515499,-96.704102
K18A,34.340099,-83.133499
KCIN,42.0461997986,-94.7890014648
K26,39.3114013671875,-93.50659942626952
K1H8,39.302502,-88.004097
KOOA,41.2262,-92.493896
KCQA,40.4841,-84.560097
KGHM,35.8373985291,-87.44539642330001
K0U3,44.74457,-114.921404
KC53,44.808437,-114.808824
U72,44.591231,-114.82481
KN68,39.973099,-77.643303
CL56,39.719601,-121.871002
K0W3,39.566799,-76.2024
KGZN,32.367348,-99.023642
KCNH,43.3703994751,-72.36869812009999
KRZR,35.211497,-84.799769
K95F,36.283798,-96.463303
KCLK,35.5383,-98.932701
KCCA,35.597801,-92.451599
KCLI,44.6138000488,-88.731300354
KCOQ,46.701099,-92.503601
KVVS,39.960872,-79.657745
KK23,42.629552,-74.890445
K7N1,42.1759,-77.112198
KNGW,27.704426,-97.440578
K17N,39.705502,-75.032997
KCRT,33.1782989502,-91.8802032471
KCUH,35.950496,-96.772371
KPVE,35.656399,-88.195396
KUDG,34.449401,-79.890098
1S2,48.258598,-121.610001
KA34,39.238581,-119.555023
KC48,45.396994,-115.485306
KA05,45.518934,-115.515416
KTOB,44.018002,-92.831497
KP03,31.371099,-109.690002
KDQH,31.4767,-82.860497
KC91,41.992901,-86.127998
LL22,41.73270034790039,-87.99929809570312
K6R6,30.046,-102.212997
2W3,46.87160110473633,-122.25700378417967
KEDE,36.027698516799994,-76.56710052490001
KEMV,36.6869010925293,-77.48280334472656
KEPH,47.307598,-119.515999
8CL1,33.175891,-117.001868
05U,39.6041984558,-116.004997253
KEVM,47.42458,-92.499204
KFFL,41.053024,-91.980114
KFWC,38.378601,-88.412697
K6K4,36.2901,-98.4758
KFFM,46.28440094,-96.15670013
KFZG,31.68370056152344,-83.27050018310547
KFOA,38.66490173339844,-88.4530029296875
K0J4,31.0425,-86.3116
3FK,39.426399,-86.058296
KIZG,43.9911003113,-70.9478988647
MO32,36.52870178222656,-93.6769027709961
KCKC,47.8382987976,-90.3828964233
KGTG,45.7980995178,-92.6643981934
W88,36.17359924316406,-79.8031005859375
KPRN,31.845699,-86.610703
KM21,37.225966,-87.156987
KGNF,33.8325,-89.798203
K33R,31.08489990234375,-95.16410064697266
KGUR,42.259601593,-104.727996826
KGWR,46.2187,-97.643204
KIXA,36.3298,-77.635231
KHAB,34.11759949,-87.99819946
KHVE,38.4179992676,-110.70400238
28M,42.025101,-70.838097
K36S,41.79069900512695,-123.38899993896484
UT97,38.15719985961914,-110.29199981689452
KI67,39.2589,-84.7743
K49X,34.528805,-114.431999
KHBZ,35.5117,-92.013
KEHR,37.8078,-87.685699
H37,40.138801574707,-120.17900085449
K0C2,41.770901,-88.7034
NM83,32.7668,-103.209
K6M2,36.22140121459961,-91.75550079345705
KHTL,44.359798,-84.671095
KW43,44.662899017333984,-104.56800079345705
KIDI,40.631119,-79.101884
0OR6,42.834,-117.628998
KJSY,45.3596000671,-117.253997803
KIBM,41.1880989074707,-103.677001953125
S51,41.51210021972656,-123.99600219726562
KOSX,33.090302,-89.542
KRCX,45.496799,-91.000504
K9A5,34.688599,-85.290398
KC02,42.614899,-88.389603
K6I4,40.007301,-86.440598
K22N,40.809502,-75.761497
MU97,39.209998,-93.926854
ME16,46.950401,-67.885902
KLJF,45.097099,-94.507301
KLAM,35.8797988892,-106.268997192
E98,34.759799957275,-106.74500274658
KLYV,43.616217,-96.217946
38W,48.95589828491211,-122.45800018310548
K51R,30.9128,-95.952003
K40U,40.98609924316406,-109.6780014038086
K3R4,31.54490089,-93.4865036
KA08,32.512402,-87.385597
KC17,42.031101,-91.529297
KMML,44.45050049,-95.82189941
KMYZ,39.856417,-96.630688
MD1,39.299198,-75.7994
K22I,39.328098,-82.441803
KMQW,32.095798,-82.879997
KEEO,40.04880142211914,-107.88600158691406
K6B0,43.986392,-73.09556
K1A6,36.610257,-83.737385
K10G,40.537201,-81.954399
K2M8,35.278999,-89.931503
KC66,40.929699,-90.631104
KFWQ,40.209702,-79.831398
KMXO,42.220402,-91.1633
K6M6,40.12919998,-91.67829895
KBDQ,35.1362,-92.713501
KMOP,43.6217,-84.737503
KMPZ,40.94660187,-91.51110077
KI63,39.987499,-90.804199
K9D4,40.351799,-76.329597
K16S,42.997157,-123.315412
KUWL,39.8759,-85.3265
KY47,42.503101,-83.623703
K11N,41.56928,-73.462153
K61R,30.884399,-93.741798
5D5,45.165001,-85.5718
K5A1,41.244801,-82.551201
KOGA,41.119499,-101.769997
51K,38.931400299072266,-94.88500213623048
57AZ,32.446633,-111.002898
KOKS,41.401001,-102.355003
KOWX,41.035599,-83.982002
K28U,43.42462,-117.345483
KOXD,39.50230026,-84.78440094
K22S,42.717899322509766,-120.56300354003906
K1L1,37.787122,-114.420044
KI42,38.584471,-86.465149
CA92,39.71029,-121.616528
K16D,46.610828,-95.60586
KF22,36.385601,-97.277199
KI76,40.786301,-86.1464
KPHP,44.048527,-101.600933
KPJY,37.977901,-89.360497
24S,42.110198974609375,-122.38300323486328
KPQN,43.983299,-96.300301
KN85,40.587552,-75.018382
KPVB,42.6894,-90.444397
KPMV,40.947882,-95.917254
KPMZ,35.808399,-76.7593
K8S1,47.6954,-114.184998
KNOW,48.141499,-123.414001
KPTD,44.67657,-74.948583
KPOY,44.867198944092,-108.79299926758
K1A9,32.438702,-86.512703
K64S,42.74319839477539,-122.48799896240234
KN35,40.966702,-78.93
KO39,40.803593,-120.366193
KJVW,32.30329895,-90.40850067
KRED,45.184579,-109.257746
KRDK,41.010502,-95.259903
KRFG,28.2936,-97.322998
KR49,48.71819,-118.656491
KAPS,30.087,-90.582602
KRRQ,43.45220184326172,-96.17980194091795
KRCK,30.6315994263,-96.9897003174
2U4,43.19020080566406,-112.53199768066406
KREO,42.5777015686,-117.885002136
K83,39.905962,-95.776263
KI83,38.604253,-86.151042
KK33,37.6152,-91.604401
KSAA,41.444901,-106.823997
KSFY,42.045799,-90.107903
KSBX,48.5406990051,-111.871002197
K12G,40.872898,-82.697403
2H0,39.4104003906,-88.8453979492
K9M8,34.327419,-92.351289
KF49,33.484798431396484,-101.66100311279295
KK82,39.76236,-98.794493
K0A3,35.985298,-85.809303
KSNK,32.690212,-100.948918
3B8,47.0704,-122.371002
8D4,43.127399,-85.679199
KJTC,34.131101,-109.310255
KM91,36.536801,-86.921182
KU12,43.94570159912109,-111.68399810791016
KU63,44.41550064086914,-115.31700134277344
13W,48.25699996948242,-122.43699645996094
7GA7,33.535567,-84.179081
KSLB,42.5973014832,-95.2406997681
1Q1,36.162498,-119.050003
KUUV,38.233501,-91.164299
KSIV,39.1147,-87.448303
K12K,40.0463981628418,-98.06009674072266
KFSO,44.9403,-73.097504
K24A,35.31740188598633,-83.20989990234375
KTQH,35.928902,-95.004501
KTYL,34.45280075,-110.1149979
K3I3,39.547223,-87.378623
KTHM,47.573501586914,-115.28099822998
K0F9,34.198502,-96.6745
5S4,44.60100173950195,-123.94000244140624
L72,35.8125,-117.327003479
1WF,40.01480102539063,-84.1980972290039
76N,41.529202,-75.946899
KBAC,46.94100189,-98.01760101
KVMR,42.76530075,-96.93430328
KVTI,42.218221,-92.025905
KY51,43.5801,-90.900196
D86,36.448600769043,-119.31900024414
KNVI,30.6996994019,-87.195602417
K7B6,41.929298,-72.574501
CL35,33.2845,-116.675003
KIIY,33.77939987,-82.81580353
KDCY,38.700401,-87.1297
KN41,41.632381,-73.048182
CA66,36.90610122680664,-121.84300231933594
KBYL,36.7949981689,-84.1995010376
KMWM,43.913399,-95.109398
KRQE,35.652099609375,-109.06700134277344
KFDW,34.315498,-81.108803
K10D,44.953837,-94.065062
KISW,44.3602981567,-89.83899688720001
K87I,32.883202,-90.4636
K42I,40.00699996948242,-82.01239776611328
KB18,43.4776,-71.237
W33,48.5373,-123.010002
KBAB,39.136101,-121.436996
KGSB,35.339401,-77.960602
PAHN,59.243921,-135.523925
PANT,55.037663,-131.572609
PANI,61.58160018920898,-159.54299926757812
KGTB,44.055599,-75.719498
PAMC,62.95289993,-155.6060028
PARC,68.1147,-145.578995
PALU,68.875099,-166.110001
PAEM,62.78609848,-164.4909973
PFYU,66.571651,-145.249987
PPIZ,69.732903,-163.005005
KVAD,30.9678001404,-83.1930007935
KDAA,38.715000152600005,-77.1809997559
KHOP,36.674154,-87.48974
KGRF,47.07920074,-122.5810013
KMCB,31.178499,-90.471901
PABI,63.9944992065,-145.722000122
KOLU,41.448145,-97.340174
KELO,47.82450104,-91.83070374
KFSI,34.649799,-98.402199
PHIK,21.335278,-157.948333
KNSE,30.7241993,-87.02189636
KNYG,38.501701,-77.305298
KHUA,34.67869949,-86.68479919
PAHP,61.523899,-166.147003
PAWN,67.561241,-162.980461
PFZK,60.913809,-161.493329
PFKT,65.331826,-166.467848
57B,44.302502,-68.910599
PADY,59.9608,-162.880997
PPIT,60.905591,-162.440454
K1RL,48.977316,-123.079294
PAIW,65.622593,-168.095
KP01,32.452924,-112.861519
KC00,41.2486,-90.737099
KAXA,43.078104,-94.271836
2D1,40.968398,-81.098585
2VA3,37.316693,-77.866373
K26A,33.284207,-85.80863
KASJ,36.297501,-77.170898
KAOV,36.971901,-92.6819
KBHK,46.347599,-104.259002
7B4,39.884498596191406,-82.58910369873047
WA87,45.81589889526367,-122.5530014038086
K3CM,43.5469017,-83.89550018
K19N,39.7784,-74.9478
K6S0,45.806681,-109.979153
IA27,40.977798,-92.5877
K4K6,40.732101,-92.428299
KH19,39.36989974975586,-91.21929931640624
KN98,45.208302,-84.990303
KS97,48.1049,-119.721001
K6S1,45.291675038,-108.921632767
KM36,34.88029861450195,-91.17639923095705
K00F,45.470462,-105.457145
K1R7,31.605801,-90.409302
K7V5,40.264267,-103.577008
KH17,37.654202,-93.0877
KU03,42.59159851074219,-114.7969970703125
K6A1,32.569492,-84.245194
3G9,40.8526,-79.9748
K3CU,46.194199,-91.246399
KCIR,37.064499,-89.219597
KCHU,43.596401,-91.503899
KCLR,33.1315002441,-115.521003723
KM34,37.00979,-88.299403
1W1,45.62779998779297,-122.40399932861328
KCDH,33.6227989197,-92.7633972168
KHHF,35.89530182,-100.4039993
OR40,45.25569915771485,-122.6510009765625
KCTK,40.5690994263,-90.074798584
PATW,63.391201,-148.955995
34TS,29.91580009460449,-98.24749755859376
18AZ,33.818536,-111.898327
03NC,34.104236,-77.905855
KCZT,28.5221996307,-99.823600769
KC74,42.704200744628906,-90.964599609375
KJFZ,37.063702,-81.798302
K6CM,40.29542,-82.729961
N74,40.890301,-77.602501
KCHQ,36.842098,-89.359703
KCXE,36.78829956054688,-78.50160217285156
KSLH,45.653702,-84.519302
KCKP,42.7317009,-95.55590057
KDCM,34.789299,-81.195801
CXC,61.582901,-144.427002
KCII,47.8283,-112.167999
K02A,32.850498,-86.611397
K48D,43.834499,-84.740196
KCYW,39.3871,-97.157204
S93,47.19430160522461,-120.88300323486328
KFIG,41.049032,-78.415003
3S6,43.2234992980957,-122.4209976196289
KCFT,32.957039,-109.211397
K04I,39.91151,-83.188577
63S,48.54389953613281,-117.88400268554688
KCNK,39.5493011475,-97.6522979736
KCEV,39.6985015869,-85.129699707
KHYW,33.828499,-79.1222
K1A3,35.016201,-84.346298
68CA,40.36109924316406,-122.21600341796876
0R7,31.990699768066406,-93.30740356445312
KL31,30.445101,-89.988899
3V0,43.724998,-103.349998
KCEK,40.61790085,-96.92489624
KUBX,38.06880187988281,-91.42890167236328
T71,29.083599,-97.266899
TS07,29.986299514770508,-95.68560028076172
K8N8,40.948344,-76.64408
K5R8,30.441200256347656,-93.47350311279295
KSJS,37.750999,-82.636703
K4U9,44.735699,-112.720001
1I9,40.542801,-86.681702
KDYA,32.463799,-87.954102
E85,41.9541015625,-118.63099670410156
KK50,37.565399,-97.174587
CN64,33.747609,-115.325117
KD63,40.492018,-123.59813
ID28,45.3798,-115.505924
KU58,42.423905,-112.10957
8NC8,36.06010055541992,-78.7833023071289
KDTG,41.133301,-88.440804
84D,44.984402,-101.251
K49N,40.824799,-72.7509
59M,45.055801,-85.355904
KELK,35.43080139,-99.39430237
3C1,41.657001,-86.034698
CO90,38.75830078125,-104.30699920654295
K1G1,41.33150100708008,-82.10030364990234
8S4,45.42490005493164,-117.26499938964844
K5S9,45.307671,-122.318133
KEST,43.407398,-94.746399
4R7,30.466299057007,-92.423797607422
K13K,37.851601,-96.291702
K9C8,43.895901,-85.279198
KFMH,41.657899,-70.52163
KD54,46.90079879760742,-96.918701171875
PA88,39.80559921264648,-79.54889678955078
KFLP,36.29090118,-92.59030151
KNBJ,30.389099121100003,-87.63529968259999
KA28,41.876301,-120.147003
KFSW,40.659113,-91.327763
94FL,26.732799530029297,-81.89730072021484
FL59,26.6434,-81.710403
KFSE,47.5928,-95.773499
K6B4,43.016101,-75.169573
KFET,41.45024,-96.522884
KGAB,38.923173,-117.9572
KGAO,29.441052,-90.261129
K29S,45.0499,-110.747002
9G5,43.181999,-78.5578
KAKH,35.202598,-81.149902
K7D9,41.77780151367188,-80.90399932861328
K8T6,28.362801,-98.116501
NY1,42.35010147094727,-73.63710021972656
KJXI,32.699001,-94.948898
K07F,32.528801,-94.971702
KS20,45.83209991455078,-120.84500122070312
K0L4,37.490909,-117.188848
KGVE,38.155998,-78.165802
86WA,47.003758,-122.234845
0TX1,32.353325,-97.676225
B01,43.42375183105469,-73.26919555664062
KGOV,44.680302,-84.728897
4N7,42.30419921875,-75.78710174560547
9D1,43.22169876,-99.40329742
N05,40.820099,-74.855202
I61,39.889198303222656,-85.16329956054688
K34R,29.38999938964844,-96.9561004638672
64I,38.631198883057,-85.443603515625
KI93,37.784814,-86.441295
KHNR,41.58440017700195,-95.339599609375
KHWQ,46.448601,-109.852997
K5M0,34.408234,-86.932951
KHVS,34.4030990601,-80.11920166019999
K15F,33.19150161743164,-99.71790313720705
KU94,42.576312,-114.135557
KAZE,31.884700775146484,-82.64739990234375
KM11,31.901941,-90.366736
KHRU,38.69469833374024,-96.80799865722656
KHEI,46.0149,-102.655998
6J8,29.7196756944,-82.66608430560001
K2O8,35.50590134,-98.3423996
1AA0,35.18797,-85.176755
KHEQ,40.56940078735352,-102.27300262451172
KM48,37.3301010131836,-91.97319793701172
7W1,46.31489944458008,-124.00399780273438
59FD,26.32615,-80.987919
KNRS,32.5667,-117.116997
KIFA,42.4707984924,-93.2699966431
KJAS,30.8857,-94.034897
K24F,32.74599838256836,-94.3043975830078
K61C,42.9632,-88.817596
K0A4,36.363701,-82.308998
K50I,40.758733,-87.429457
KEZI,41.2052,-89.963898
7FA1,24.648938,-81.578357
MO64,36.60979843139648,-93.4446029663086
KF92,35.876497,-97.95293
W17,35.797699,-78.436996
K1U1,46.124294,-114.923515
KLGD,45.2901992798,-118.007003784
K3M7,36.518398,-86.058296
30F,33.132099,-97.014198
5TX0,33.17350006103516,-97.05139923095705
X25,27.9538002014,-81.60140228270001
9S3,43.58319854736328,-124.18000030517578
K13C,43.452099,-85.264801
KLLU,37.487246,-94.313298
KLKR,34.7229,-80.854599
2L1,47.90689849853516,-97.6406021118164
KLUX,34.507099,-81.947197
K2M2,35.234299,-87.257896
KLVL,36.774229,-77.793846
KLRJ,42.77799988,-96.1937027
08N,40.291801,-76.328796
KR47,41.102526,-84.05443
KS69,46.954399,-112.650002
K1K2,34.849300384521484,-97.58529663085938
KXVG,46.9902,-94.204002
K2J3,32.98649978637695,-82.38569641113281
K0F4,41.286449,-98.989745
K1F4,34.14039993286133,-96.81199645996094
K87Y,43.1049,-89.185501
2I0,37.355868,-87.398205
KMAW,36.6006012,-89.99220276
KY19,46.7681999206543,-100.8939971923828
AZ03,36.734095,-111.753053
KT92,30.732201,-99.184303
24K,44.9743003845,-115.730003357
PAMX,61.4370994568,-142.904006958
09S,48.84090042114258,-117.28399658203124
KMHP,32.373885,-82.081775
K7T7,31.85849952697754,-102.0739974975586
P34,40.598899841308594,-77.40570068359375
KNFJ,30.506901,-86.959702
KNGS,30.6108,-86.940002
0V3,40.515527,-98.946216
KMNE,32.646,-93.298103
E01,31.582500457764,-102.90899658203
TX42,29.9375,-96.0394439697
KMVI,37.52730178833008,-106.0479965209961
KEKQ,36.855301,-84.856102
KJKJ,46.83917,-96.663703
KMOX,45.566002,-95.967201
KM71,38.901798248291016,-90.96029663085938
K47K,38.20909881591797,-97.50270080566406
W40,35.221409,-78.038678
WA07,48.37480163574219,-122.33899688720705
K2MO,37.06840133666992,-93.88490295410156
K7M2,35.864498,-92.090302
FA37,26.116538,-81.702318
KAFK,40.606899,-95.8657
KI86,39.691601,-82.1978
KERY,46.311199,-85.457298
3TR,41.835899353027,-86.225196838379
PALP,70.344299,-150.945007
K5S0,43.75260162353516,-122.50299835205078
17FL,29.277416,-82.120709
K68C,44.505501,-89.025101
KOLD,44.952801,-68.674301
KOLY,38.721802,-88.176399
S68,46.49129867553711,-116.2770004272461
KOSC,44.451599,-83.394096
KS70,46.79489899,-119.0790024
AZ82,34.399297,-110.529553
IA24,41.755001,-91.727699
KNRQ,30.62529945373535,-87.13999938964844
K5K1,39.419998,-89.991203
KPGR,36.06290054,-90.50779724
KPHT,36.3381996155,-88.38289642330001
KY37,48.39400101,-97.78079987
K1C1,40.449001,-88.127701
K0C4,42.113899,-96.728107
KMJD,30.48749924,-89.65119934
82V,41.153301239,-104.129997253
KT24,31.23349952697754,-93.98190307617188
KK09,43.453399658203125,-74.5176010131836
FA54,26.8545,-82.251198
61D,42.46780014038086,-85.64800262451172
K1P1,43.778299,-71.753919
KM70,36.24549865722656,-90.9552001953125
KPRZ,34.1455,-103.410004
6S6,42.86959838867188,-124.05899810791016
KM43,31.595352,-89.90653
K1S6,48.190614,-116.909895
KPNN,45.200698852539,-67.564399719238
KS40,46.21340179,-119.7910004
5AZ3,33.208666,-111.617221
46N,41.9846,-73.835999
D81,47.82500076293945,-96.25779724121094
3T9,29.471037,-103.936899
K93C,43.283401,-90.298302
K7A5,33.129608,-85.372066
KRSV,39.015999,-87.649803
96C,42.75,-88.2509
K7S0,47.56719970703125,-114.10099792480467
KROX,48.855999,-95.696999
KT54,29.522609,-95.777127
TE88,29.356955,-95.459023
NV83,38.694756,-117.146838
44U,39.0290985107,-111.837997437
KS48,45.354400634765625,-122.26799774169922
KSNH,35.1703987121582,-88.21589660644531
1XA7,29.733400344848636,-96.05919647216795
23S,47.17910003662109,-113.44499969482422
E78,31.932899,-111.893997
KUOS,35.204754,-85.899052
KEHO,35.2556,-81.600998
PASW,61.9653015137,-151.190994263
2GA9,33.80459976196289,-83.99629974365234
KU78,42.6416015625,-111.58000183105467
K2G9,40.039101,-79.014603
NV23,39.86906,-119.703026
KCMY,43.958009,-90.737886
KSYF,39.76110077,-101.7959976
K63F,32.17359924316406,-101.8219985961914
KSAZ,46.380901,-94.806602
D41,48.461182,-96.865764
K2G2,40.359402,-80.700104
S86,47.870701,-121.792
KSMS,33.994998931885,-80.361297607422
K71N,40.89179992675781,-76.77890014648438
K2KL,30.598801,-98.4086
K9S4,47.168301,-114.853996
6F1,34.707801818847656,-95.07379913330078
KTQE,41.76350021362305,-96.17790222167967
K8U8,46.331199645996094,-111.48300170898438
KTRX,40.0835,-93.590599
8B2,44.263995,-71.546981
KUCY,36.38180161,-88.98539734
F05,34.2257003784,-99.2837982178
KH04,36.632999420166016,-95.15139770507812
KADC,46.450298,-95.210999
KAHQ,41.2412986755,-96.59400177
I64,41.293379,-82.372493
6V4,43.999344,-102.254477
37XA,29.993401,-95.930298
TE71,29.611099,-96.027901
5A2,32.55929946899414,-83.67489624023438
NY25,43.085376,-76.295199
K3U1,45.267767,-115.683106
K35S,45.58940124511719,-120.67400360107422
0AK1,61.616966,-149.320893
2S5,47.655998,-120.056
K0M5,36.1166,-87.738197
KEOP,39.166901,-82.9282
K2R0,31.645999908447266,-88.63480377197266
KWEA,32.7463,-97.682404
K1D7,45.292611,-97.511359
KN38,41.727901,-77.3965
K31E,39.665401,-74.307899
KC08,38.013182,-105.374279
KI72,40.049529,-86.160407
AZ50,35.715472,-114.47844
K8G1,41.0387,-82.724602
KMCZ,35.86220169067383,-77.1781997680664
KI66,39.5033,-83.862801
2B6,39.437599182128906,-83.70829772949219
FD77,27.71199989318848,-82.28289794921875
K77F,31.947200775146484,-99.98580169677734
KLNP,36.9874992371,-82.5299987793
KOBI,39.2192,-74.7948
K65J,33.22278,-82.384443
06WN,46.92499923706055,-122.5530014038086
KGFA,47.504699707,-111.18699646
KX44,25.783075,-80.177545
K0W0,47.632212,-122.327653
PAII,58.184386,-157.374873
KXTA,37.23500061035156,-115.81099700927734
PAIK,66.976128,-160.439014
PAKW,55.579201,-133.076004
PAPH,56.957893,-158.630219
PAUN,63.888401,-160.798996
PAWI,70.638,-159.994995
KOLF,48.094501,-105.574997
PAFB,64.837502,-147.613998
KAPG,39.466202,-76.1688
KCCY,43.0726013184,-92.6108016968
KHLR,31.1387,-97.7145
KPOE,31.0447998,-93.1917038
KFRI,39.053021,-96.764202
KJKL,37.59389877319336,-83.31729888916016
KLLQ,33.638599,-91.750999
KFAF,37.1325,-76.608803
PAVA,61.5409,-165.6005
PAMO,62.095401763916016,-163.6820068359375
PACM,61.84471,-165.575209
PATG,59.052799,-160.397003
PAFR,61.266399,-149.653
PFAK,60.902646,-161.23106
PAUT,54.14459,-165.604332
PAUK,62.682653,-164.722481
PFAL,66.551804,-152.621994
PAWB,66.362198,-147.406998
38WA,48.579162,-122.823844
PACH,61.579102,-159.216003
PAEE,60.213173,-162.044048
GNU,59.117561,-161.575241
PAGX,62.895187,-160.066289
PAHV,63.86722,-148.969374
PAOH,58.0961,-135.410111
PAKV,64.31864,-158.74197
PFKA,60.872747,-162.5247
PFKK,59.433248,-154.80217
PAKK,64.939499,-161.154007
PAML,64.99188,-150.644102
KEB,59.3521,-151.925003
PAGT,60.469129,-164.70407
PAPO,68.348801,-166.798996
RDV,61.788101,-157.350006
PAMK,63.49010086,-162.1100006
WBB,63.515999,-162.278
SRV,61.7897,-156.589005
PPCT,62.993206,-156.029026
PATA,65.1744,-152.108994
PATE,65.240402,-166.339005
PAOO,60.541401,-165.087006
A61,60.351243,-162.654476
PACY,60.080974,-142.494541
67T,27.800300598145,-97.851196289062
9G6,43.173546,-78.275126
4D9,40.112149,-99.346361
K3U3,46.153099,-112.867996
KF68,35.05220031738281,-98.26429748535156
AK00,59.783144,-151.853156
81D,29.26499938964844,-95.41190338134766
KF47,29.645999908447266,-84.9166030883789
NC81,35.751800537109375,-78.85970306396484
KAOC,43.6035,-113.334
KCVK,36.26490021,-91.56259918
AL60,33.83869934082031,-86.2114028930664
IS08,40.263939,-90.23453
ID05,47.9567985534668,-116.677001953125
Y93,44.996916,-84.126692
KAQR,34.398300170898,-96.148101806641
WA84,47.28070068359375,-122.1500015258789
W48,39.2626,-76.432999
K99N,33.304501,-81.108398
4W0,47.39540100097656,-121.53600311279295
NC06,36.160474,-81.894809
K6G5,40.00239944458008,-81.19180297851562
VG18,38.81589889526367,-78.77030181884766
K00M,31.953728,-89.23527
K2H5,29.498858,-95.898027
KACB,44.988602,-85.198402
KEFC,44.73419952,-103.8619995
KTZT,41.87879943847656,-92.28459930419922
KN96,40.885502,-77.816299
7IS2,38.52450180053711,-90.05690002441406
K1M2,33.145207,-90.51526
KBBP,34.6217,-79.734398
92A,35.226501,-84.5849
PA40,41.20009994506836,-76.38719940185547
ND96,46.801700592041016,-100.6790008544922
51WA,47.2681999206543,-122.06800079345705
95WA,47.31570053100586,-122.01000213623048
KBCK,44.250702,-90.855301
KBKN,36.745098,-97.349602
KBTA,41.414908,-96.109136
KBXA,30.8136997223,-89.8649978638
KM08,35.2145,-89.043404
K0I2,39.4767,-87.099701
K45G,42.569801,-83.778503
KBFE,33.173099517822266,-102.19300079345705
2CL1,39.4552,-121.292
2NC0,35.86869812011719,-82.341796875
1M9,36.8177986145,-87.90750122070001
CA38,39.652182,-120.439873
3NY8,40.9151,-72.791901
K0M4,36.011101,-88.123299
KCFS,43.458801,-83.445503
KX13,29.842199,-84.700996
KM05,36.16910171508789,-89.67649841308594
TE01,31.30489921569824,-95.79660034179688
KTVK,40.683899,-92.901001
07K,41.1125984192,-98.0516967773
K0A8,32.93691,-87.090533
K9V9,43.7661018371582,-99.32129669189452
KCNC,41.01959991455078,-93.35970306396484
KCPF,37.384838,-83.259662
11LL,40.722514,-88.769108
KCKA,36.734348,-98.123531
KY23,45.306198,-91.6362
KS71,48.592098236083984,-109.2509994506836
1D5,43.029556,-75.849814
8K8,37.830601,-100.349998
GE99,34.914398193400004,-83.4597015381
KCAO,36.4462013245,-103.166999817
K11A,31.883301,-85.484901
2W1,47.1776008605957,-120.85299682617188
5D9,41.223899841308594,-82.95770263671875
9GA1,32.449315,-81.337781
ID27,47.75550079,-116.8590012
PACX,67.25219726559999,-150.203994751
KCOM,31.8411006927,-99.4036026001
KAFF,38.972497,-104.821125
KM46,45.85290145874024,-106.70899963378906
KDRP,35.1200556,-90.8265
K0R0,31.297001,-89.812798
H49,38.45059967041016,-90.23590087890624
K4G8,41.318802,-81.960197
KMKN,31.9168,-98.600304
K3S9,45.24660110473633,-120.16600036621094
KS01,48.16859817504883,-111.97599792480467
K1I8,40.573217,-85.899696
KF36,35.29759979248047,-98.96739959716795
7NC2,36.252744,-75.785256
KS84,46.03879928588867,-116.33200073242188
K9A4,34.659028,-87.350206
KCAG,40.4952011108,-107.522003174
K99V,38.703736,-107.646983
KC24,37.822017,-106.930289
KCSQ,41.0214004517,-94.3632965088
55G,43.29748,-82.607703
K3R2,30.161603,-92.481744
K0E8,35.717701,-108.202003
OG00,44.556757,-121.405696
K32A,35.087002,-93.427498
KNQB,30.563601,-87.8097
17CL,37.088545,-122.273691
K68S,47.652058,-118.173792
K0C1,39.487801,-94.780502
KRCV,37.71360016,-106.3539963
4TE7,29.740800857543945,-100.96499633789062
AK06,63.640088,-148.791618
Y76,41.65549850463867,-93.64409637451172
6D7,41.21590042114258,-83.87439727783203
13CL,38.38130187988281,-121.8239974975586
KDWX,41.038299560547,-107.49700164795
U84,44.72545623779297,-116.09123992919922
KDGL,31.3425998688,-109.505996704
PS08,40.02259826660156,-76.81659698486328
OH82,40.1534,-81.973503
KDUB,43.5483016968,-109.690002441
KU41,44.162057,-112.220581
K0M0,33.8848,-91.5345
UT10,40.357201,-112.017997
KESW,47.2541999817,-121.185997009
N43,40.742199,-75.242897
K26R,29.000999,-96.582001
KF43,33.1912,-92.6632
Y63,45.984678,-95.991712
56TS,30.333807,-97.350454
K9K7,38.75232,-98.228817
28TE,29.268299102783203,-98.33699798583984
KEGQ,43.10200119018555,-94.70469665527344
WY11,41.15557,-106.555966
K7W6,35.562400817871094,-75.9552001953125
MTF,64.80680084229999,-147.761993408
AK28,64.81400299072266,-147.91900634765625
1NV1,39.412665,-118.83577
KK62,38.704201,-84.391602
MU77,39.1292,-92.730698
KD14,47.551899,-96.291901
KFXY,43.23469925,-93.62409973
KFCY,34.942001342800005,-90.7750015259
K1S3,46.271099,-106.624001
K79S,47.84510040283203,-110.63600158691406
82CL,39.472445,-123.795319
22XS,31.373693,-97.666654
KFSU,34.4833984375,-104.217002869
K4T2,32.977298736572266,-97.4884033203125
CO80,38.0724983215332,-104.0459976196289
9N7,40.442902,-76.441597
K1I5,42.3643,-74.066002
KT19,27.88360023498535,-98.60030364990234
KFVE,47.2854995728,-68.31279754639999
7XS0,29.5047,-95.175499
78NC,35.543262,-78.750386
K1A7,36.395864,-85.641346
K0D8,44.986698,-99.952797
KGYL,44.756001,-94.0812
1A8,37.722114,-117.236363
KT37,31.429283,-98.608337
KGRN,42.8059997559,-102.175003052
KGTE,40.9263,-100.148003
K4D0,42.775202,-84.736378
KGGF,40.869499,-101.733002
KGFZ,41.327,-94.445702
KGFD,39.790715,-85.735019
4G1,41.4468,-80.391296
02FA,28.526699,-81.874802
K1M4,34.2803,-87.600403
KHCO,48.752701,-96.943001
KHPT,42.7237014771,-93.2263031006
K8K2,37.278319,-98.043243
KJQD,37.458302,-86.849998
K0C0,42.4025,-88.632401
K2K9,35.83290100097656,-95.66739654541016
K9I0,40.222725,-90.022781
K51A,32.283676,-83.438164
KM38,34.916199,-86.646896
KHJH,40.151884,-97.583953
63XS,30.22410011291504,-98.2885971069336
05Y,46.303799,-95.439499
KHRX,34.85779953,-102.3259964
06Y,45.83000183105469,-96.1605987548828
5Y1,46.035412,-84.417673
K87,39.87919998168945,-95.52529907226562
KE40,35.650069,-81.356737
H07,38.779301,-89.640404
07Y,46.95550155639648,-93.5969009399414
Y95,45.083208,-83.938785
0TE4,31.08099937438965,-96.21520233154295
UT03,37.894702,-110.379124
K3HO,41.55419921875,-87.26249694824219
K0M3,35.546001,-87.597298
KF99,35.08589935,-96.41670227
KHDE,40.452099,-99.336502
KM41,34.804298,-89.521103
KL04,32.840302,-115.266998
K5F4,32.78850173950195,-93.00370025634766
04FA,25.55870056152344,-80.51509857177734
78FD,25.546814,-80.465076
5HO,60.906736,-149.62312
K0K7,42.734831,-94.245315
KM53,35.8022,-88.874901
88D,41.40370178222656,-82.60130310058594
KHCD,44.859901,-94.3825
KIDG,42.3326,-95.444901
KINS,36.5872001648,-115.672996521
CA20,38.43258,-121.016507
S23,48.708099,-117.413002
K15M,34.772300720214844,-88.16590118408203
WY31,43.40959930419922,-110.77300262451172
K4R3,31.470532,-87.895911
2A1,36.349701,-84.946701
0CL3,32.633457,-116.890565
KAPT,35.060699,-85.585297
K2R1,29.899099349975582,-91.66600036621094
KEFW,42.009866,-94.341717
K1R1,31.666903,-92.157722
17TN,36.29940032958984,-82.60420227050781
KL32,31.620191,-91.83436
K0VG,36.654099,-83.217796
MO49,36.96924,-94.577289
KJDN,47.3288,-106.953003
16X,33.0807,-97.358902
HI49,21.148991,-157.258432
85TE,29.63419914245605,-97.81169891357422
2TN7,35.80440139770508,-84.41580200195312
N15,39.202407,-117.072585
KOXV,41.298901,-93.1138
8I3,40.428331,-86.201134
K45R,30.336299896240234,-94.25749969482422
K16W,46.583931,-118.003972
15FL,30.150584,-82.66785
09FA,27.2456,-81.413345
KM32,33.34600067138672,-91.3156967163086
KLUV,32.756302,-101.919997
KLWD,40.633301,-93.902199
KLNL,46.153999,-89.212097
K7A3,32.811847,-85.229477
2VA,43.4514007568,-96.4058990479
KLQR,38.20859909,-99.08599854
AZ90,33.34989,-112.122946
L39,31.1686,-93.342499
KM20,37.39950180053711,-86.26020050048828
KKY8,37.953196,-86.857158
O44,35.0923,-97.336403
KS59,48.28379821777344,-115.48999786376952
K63B,43.76300048828125,-70.67250061035156
0R2,38.4039,-93.333
7T0,33.59339904785156,-97.21929931640624
KLIU,33.923901,-102.387001
KB10,44.41,-70.146103
K38U,38.36249923706055,-111.59600067138672
GA04,33.364574,-84.168249
6L4,37.855701,-81.915901
KGGP,40.711201,-86.374901
T26,29.108299255371094,-96.3988037109375
8XS8,33.590301513672,-102.03700256348
5Y4,44.66,-84.237503
KCDA,44.5690994263,-72.0179977417
K20M,33.13349914550781,-88.53559875488281
K17M,31.862699508666992,-89.80059814453125
KAGO,33.228001,-93.217002
4S7,42.0009994506836,-121.39600372314452
75G,42.195,-84.0308
KC27,42.490518,-91.497874
D25,46.122002,-89.882301
KMNI,33.587101,-80.208702
6M7,34.7803,-90.8106
1TE4,29.495092,-98.158787
KT15,31.3407,-96.851997
K4A5,35.896999,-92.658997
ID40,43.41780090332031,-116.70600128173828
KSXK,42.9858275,-96.1614
KHZX,46.61880111694336,-93.30979919433594
K7M1,33.620201,-91.3648
KMEJ,37.27690124511719,-100.3560028076172
K03D,40.4473,-92.226997
KRRL,45.198898,-89.712898
3T7,41.688625,-82.808139
18Y,45.772499,-93.632202
4D8,43.33319854736328,-95.15899658203124
K2J5,32.89360046386719,-81.96540069580078
KMKA,44.5252,-98.958099
K12V,38.44089889526367,-82.20079803466797
K51M,44.674881,-84.122314
1AZ0,33.1119,-112.268997
OL05,45.145363,-122.618544
53A,32.301998,-84.0075
KMDF,36.484798,-99.194199
NC30,35.61399841308594,-80.74150085449219
KMZH,46.41880035400391,-92.80470275878906
KSYM,38.215,-83.587611
KO03,40.157541,-75.869222
KMUL,31.141569,-83.703718
KF53,33.215401,-95.237396
K6A4,36.41780090332031,-81.82510375976562
K1MO,37.12070083618164,-92.31120300292967
KCEY,36.6646,-88.372803
K4J1,31.207399368286133,-81.90579986572266
3NP,42.170898,-84.259697
KC03,41.446201,-85.934799
K2K7,37.43539810180664,-95.64610290527344
CL25,34.935552,-119.451901
KEIW,36.535301,-89.599701
FA40,28.282499,-82.645699
KM23,32.311908,-89.135556
3N5,41.027302,-74.758499
KHBE,39.33933,-86.02983
NIN,60.020199,-151.589005
67S,48.574902,-116.963997
3X5,41.717999,-82.821098
5B9,44.080601,-72.007896
KNRN,39.850399017333984,-99.89469909667967
KAIB,38.239025,-108.563354
KACP,30.750299,-92.688301
K2D5,46.173778,-98.079507
FD04,29.0841007232666,-82.03230285644531
K5R2,30.38940048217773,-88.75340270996094
KOCQ,44.874286,-87.91171
KOLZ,42.680889,-91.97372
FD70,27.325300216674805,-81.02870178222656
K5A4,34.0158,-88.726196
TN08,36.03760147094727,-84.30690002441406
3NO,41.368301,-96.022499
KOMK,48.4644012451,-119.517997742
KNOG,27.9011,-98.051697
KORB,48.0159,-92.856102
KI75,41.0522,-93.689697
K0L9,36.3111,-114.463997
K7M5,35.51070022583008,-93.83930206298828
K71U,31.431812,-85.620568
KOZA,30.735300064087,-101.20300292969
55S,46.604198,-121.678001
KT13,32.48238,-96.68597
89GE,33.537601470947266,-84.63880157470703
75FL,30.102663,-85.479555
K7V2,38.831412,-107.645763
KPRG,39.700199,-87.669601
KPKF,45.955001831055,-90.42440032959
7N7,39.7356,-75.397697
MS96,32.756187,-89.094851
KPSB,40.884399,-78.087303
2J8,29.25,-81.45919799804688
K18I,36.695525,-84.391345
KIEN,43.020902,-102.506089
KPWC,46.72480010986328,-94.38169860839844
KF98,33.21730042,-102.8300018
KS34,47.473475,-114.907122
KPWD,48.790298461914,-104.53399658203
KPOH,42.742802,-94.647301
P10,35.7916984558,-110.422996521
M13,30.785999298096,-89.504501342773
4WA9,47.43230056762695,-122.66799926757812
WN13,47.465022,-122.568262
KFKA,43.6768,-92.179703
KH71,36.225399,-95.330101
KGZS,35.153702,-87.056801
F23,32.4525985718,-98.682800293
KI18,38.929798,-81.819504
57D,42.73749923706055,-82.89019775390625
XS56,26.450571,-97.791011
XS58,30.044323,-94.706059
49CN,40.01599884033203,-122.38999938964844
K7V7,40.082121,-98.541387
PADG,68.032097,-162.899002
1D8,44.856176,-98.531284
K3M8,33.386799,-88.006599
KRVJ,32.0595,-82.153777
7TA7,31.83989906311035,-94.9613037109375
NY94,41.9715,-73.8629
K67R,26.424299240112305,-98.84609985351562
TE17,31.438513,-97.145842
17NK,42.457059,-76.951053
4XA4,30.68154,-97.14393
K07,37.935699,-91.813499
K72S,47.236602,-117.421424
KM22,34.444354,-87.711897
K4M7,36.79959,-86.810875
K04V,38.099083,-106.174389
KJSV,35.438202,-94.802803
12ID,44.96799850463867,-114.73300170898438
T94,29.57299995,-98.46309662
K78R,31.539475,-94.170062
KOKZ,32.96670150756836,-82.83820343017578
OG29,45.4306983948,-122.241996765
KD39,45.70660018920898,-94.93340301513672
OG28,44.68320083618164,-122.78299713134766
9S2,48.807565,-105.439253
0TX6,29.505199432373047,-97.99690246582033
KGNC,32.676807,-102.649927
MO00,36.591696,-93.663887
K5V5,36.6978,-108.700996
45S,43.11100006103516,-121.09400177001952
K8D3,45.669925,-96.994215
70AK,60.518313,-150.952878
2GA2,32.39459991455078,-81.28070068359375
K7A8,35.94459915161133,-81.99569702148438
2P7,40.05690002441406,-80.96320343017578
K2R5,30.5019,-88.275101
K52S,47.325007,-114.08098
IL48,38.732899,-89.806602
KJYG,43.986301,-94.557899
K4J6,30.753,-81.5588
6S9,48.345699310302734,-120.72100067138672
K7A6,34.886299,-85.803299
3W3,38.918201,-76.358002
KGZL,35.289101,-95.093903
KC89,42.7033,-87.959
KF30,34.52450180053711,-96.9897003173828
KUXL,30.131399,-93.376099
KNFD,30.5077,-87.6455
FD51,24.658796,-81.445341
KE81,33.28139,-111.128941
KRVN,36.4576,-82.885002
K48I,38.68700027,-80.65180206
KSBO,32.6091,-82.369904
7S8,48.9986,-111.977997
K0G3,40.400849,-96.170406
73S,47.23550033569336,-117.04399871826172
K42M,36.522301,-91.571999
CA51,38.7046012878418,-123.43299865722656
KHSG,43.713602,-108.389687
3U0,42.02069854736328,-115.33799743652344
KY72,43.974998,-90.483498
KTKV,45.469101,-89.805702
K12D,47.818154,-92.286099
KTKC,44.2491,-95.6073
5K2,38.450901,-101.750135
1H6,36.139,-95.824997
30M,34.6589,-90.3763
9CL0,37.47079849243164,-120.84400177001952
2S0,48.350601,-120.094002
K07A,32.166801,-85.809702
K38I,40.091202,-83.6894
2S1,47.458599,-122.473999
05S,45.85150146484375,-123.24199676513672
3VS,38.427799224854,-92.875198364258
8CA0,34.583793,-117.266693
K0R4,31.562000274658203,-91.50650024414062
3XS4,30.1343994140625,-93.93599700927734
K3F4,32.861301,-94.010201
K73F,31.6238,-97.022499
KAFP,35.020599,-80.077103
R33,44.38460159301758,-124.08499908447266
06MO,39.23059844970703,-94.8043975830078
K4V1,37.696602,-104.783997
KU81,45.294834,-114.945573
Y01,43.280498504639,-91.469497680664
K6P3,43.178699,-89.451302
KY50,44.041599,-89.304497
KC25,42.742001,-92.507896
9WN2,45.96659851074219,-92.14600372314452
KEBS,42.436848,-93.869905
97FL,28.96190071105957,-81.8915023803711
4CO2,40.8046989440918,-104.98500061035156
NV33,38.833199,-119.396004
K68Y,43.741201,-93.777181
6R1,30.241899490356445,-92.8292999267578
FD38,26.646499633789062,-80.29419708251953
KM83,33.58399963378906,-88.66670227050781
KAMT,38.851501,-83.566299
2W2,39.466999,-77.017403
K7S6,46.50410079956055,-110.91300201416016
PAWR,60.777225,-148.719606
K2S8,47.75419998168945,-118.74299621582033
PAUO,61.7542,-150.052002
K1H5,36.98960113525391,-91.9541015625
3TS1,30.01140022277832,-98.04049682617188
KRWN,41.092209,-86.613357
K9S7,47.555395,-109.38602
KICR,43.390202,-99.842102
KF51,32.938801,-95.2789
3Y3,41.362801,-94.021103
KS52,48.42490005493164,-120.14600372314452
K5A9,32.937904,-84.696467
SC00,34.667949,-81.999979
KC44,41.9557,-72.054398
K2V5,40.10029984,-102.2409973
OR05,45.362098693847656,-123.3560028076172
K3JA,37.854684,-95.748018
I92,44.894298553467,-115.71299743652
49WA,46.84700012207031,-122.52200317382812
58AZ,34.093611,-110.932778
OH36,39.98619842529297,-81.98370361328125
KAPY,26.9687995911,-99.2489013672
KZ98,42.8172,-85.928101
FA83,28.72156,-81.654825
KKI,60.9079017639,-161.434997559
0A1,61.133099,-149.942003
PAGN,57.497097,-134.56722
K40,62.65620040893555,-160.2050018310547
Z59,60.7820014954,-161.742996216
Z71,55.9663009644,-133.79699707
PPDM,65.758367,-168.953676
C39,38.70719909667969,-121.13300323486328
PAHY,55.205227,-132.830286
5Z9,58.554798,-155.776993
2FD7,28.4356,-81.473099
96WI,43.94110107421875,-88.49369812011719
W36,47.4998016357,-122.21900177
HI07,19.920546,-155.860628
05AZ,32.683452,-114.634346
AK42,60.97,-149.101384
KNHU,36.955636,-76.30353
KNPI,30.5430555556,-87.3680555556
AL58,30.675476,-87.959871
5A8,59.2826004028,-158.617996216
PAHL,65.697899,-156.350998
PAHC,62.18830108642578,-159.77499389648438
PANV,62.646702,-160.190994
PATQ,70.46704,-157.436013
PADE,66.068901,-162.766914
PAIL,59.754398,-154.910996
PAMY,60.372338,-166.269751
PAPM,59.017675,-161.827927
PARY,64.727203,-155.470001
PAPB,56.577345,-169.663823
PASN,57.166311,-170.222555
KNMM,32.5531,-88.55406
PAEH,58.6464004517,-162.06300354
PASV,61.09740067,-155.5740051
KNBC,32.4774017334,-80.723197937
KXMR,28.4676,-80.566597
KMMT,33.92079926,-80.80130005
KMUI,40.435214,-76.568661
PAFE,56.961312,-133.910202
KNEL,40.03329849,-74.353302
KDRA,36.6194,-116.032997
PANN,64.548772,-149.074516
PAPC,65.2537002563,-166.85899353
PABL,65.981598,-161.149002
PALG,61.53630065917969,-160.34100341796875
PADM,61.8643,-162.026001
PASK,66.600098,-159.985992
PASH,66.249604,-166.089112
PAKH,56.938702,-154.182999
PAAK,52.220299,-174.205994
6Y8,45.720503,-85.518866
Z91,66.2740020752,-145.824005127
78WA,48.490046,-122.831612
PACK,60.136667,-164.279167
PFCB,60.077602,-147.99468
CKX,64.066495,-141.951342
PACJ,61.870315,-158.137636
WN07,48.500171,-122.813973
D66,64.049861,-145.722656
PFEL,64.6147,-162.272003
PAKF,54.84751,-163.407168
2WA3,48.683991,-123.222849
7WA5,48.673379,-123.175439
PAGL,64.550499,-163.007004
PAVC,55.116299,-162.266006
PAJZ,59.726600647,-157.259002686
PFKO,63.030602,-163.533005
PFKU,64.876099,-157.727005
PFKW,60.790298,-161.444
PAGG,59.876499,-163.169005
KMYK,61.335701,-142.686996
PAEW,60.81037,-164.499511
PAMH,63.886002,-152.302002
PAOU,56.0075,-161.160004
PANW,59.451838,-157.373829
PAKO,52.941552,-168.849478
05AK,61.66830063,-149.1880035
4K0,59.796925,-154.129994
PAPE,55.9065,-159.16091
PAPN,57.580399,-157.572006
PAQH,59.7551,-161.845
PARS,61.775071,-161.319466
PFSH,64.371101,-161.223999
PFWS,58.702362,-157.005444
30TX,30.232361,-98.654972
PALT,61.086973,-160.922842
POKA,60.569638,-165.246649
PAVE,67.008698,-146.365997
ME55,44.073203,-68.819261
79WT,47.0914260595,-120.589778423
SC81,34.1515007019,-82.35369873050001
82TS,32.450872,-99.648785
75TA,32.5343017578125,-101.7249984741211
3OK0,34.70500183105469,-96.57669830322266
K0D7,40.7906,-83.829102
L92,37.36249923706055,-115.19400024414062
7KY4,36.638832,-85.164271
K4C8,40.996128,-92.765594
KBVN,41.7286,-98.055801
VT46,44.872002,-73.286499
4AK7,59.279999,-158.5971
I99,40.232498,-85.637497
KAIV,33.106499,-88.1978
K1E2,29.451289,-103.397754
TE76,33.36830139160156,-97.68219757080078
KC11,41.794032,-91.864758
OH61,39.63529968261719,-82.73789978027344
1E7,35.064999,-101.878998
H81,35.0825,-101.7541
LA79,30.7185001373291,-90.35790252685548
53CL,38.85960006713867,-123.59100341796876
00AK,59.947733,-151.692524
A13,61.34130096435547,-148.99899291992188
AK12,61.10660171508789,-149.86399841308594
CSR,61.15869903564453,-149.781005859375
PA30,40.76679992675781,-75.77459716796875
KPHH,33.4516983032,-79.5261993408
KAXX,36.422001,-105.290001
NM05,31.909819,-106.641657
80F,34.1926002502,-95.6499023438
54CL,33.52090072631836,-116.7969970703125
IL28,42.4664,-90.169403
KAQP,45.228239,-96.005856
K5F0,32.532016,-92.952675
FL66,29.55970001220703,-82.49949645996094
K1M3,34.979171,-86.883304
1C3,43.2542,-73.470901
KADF,34.0998,-93.066101
K3A9,44.393142,-97.123375
NM47,32.779012,-104.38028
7NC9,35.72740173339844,-79.91110229492188
K58,37.167122,-99.77254
KT60,33.169828,-100.197308
ID48,47.92879867553711,-116.71099853515624
8V2,42.561742,-99.038444
U45,43.9552001953,-115.273002625
52U,43.8249015808,-115.332000732
PAAT,52.829797,173.173796
K01,40.38750076293945,-95.78919982910156
3U5,47.46329879760742,-112.37999725341795
KM60,35.2719,-91.269699
34CO,39.716400146484375,-104.73200225830078
K2H2,36.962299,-93.695297
TX05,30.2605,-97.625298
98OK,36.489200592041016,-96.05280303955078
CA69,36.00303,-120.142194
2TE2,32.829065,-97.53489
73TE,32.92658,-97.55957
49S,48.845001,-113.427002
7Y3,46.82690048217773,-94.5072021484375
18FD,30.853394,-86.667214
KM74,35.3004,-91.557602
K8M1,34.590801,-88.647598
OR71,45.065474,-123.329269
U51,42.72079849243164,-111.86699676513672
20TS,29.80990028381348,-99.06809997558594
TE90,29.758899688720703,-99.15249633789062
MI68,41.937658,-86.501563
9Y7,45.407501,-91.834297
75KS,37.094403,-95.162761
2M1,39.01810073852539,-94.08719635009766
KHLB,39.342861,-85.258441
KI35,36.859352,-83.358523
K20U,46.925201,-103.982002
3VA3,38.551488,-77.715411
36IA,42.257036,-92.835475
AK02,65.53990173339844,-161.06199645996094
Z48,63.5733160384,-156.149454117
73CA,38.457706,-120.041991
2S2,43.12900161743164,-121.81800079345705
Y46,40.63779830932617,-94.72940063476562
0VA1,37.23350143432617,-79.58529663085938
20VG,37.288700103759766,-79.4468994140625
91VA,37.327598571777344,-79.40480041503906
VG25,37.3484992981,-79.5719985962
VG27,37.2692985534668,-79.43589782714844
WY60,42.862061,-110.898958
WN11,45.5858,-88.0037
65LA,29.866078,-90.021608
MO86,38.95970153808594,-91.30390167236328
Y48,42.85269927978516,-93.5947036743164
KK61,39.471199,-98.128799
PABG,61.1721992493,-151.044006348
IS83,42.227500915527344,-88.76719665527344
KBBB,45.331902,-95.650597
KH96,38.006699,-88.934402
KW35,39.6926,-78.1661
U54,44.979598999,-114.73500061
02AA,61.506147,-149.912825
PABM,59.362274,-155.260148
18TE,32.585201263427734,-95.06390380859376
K3U8,48.163204,-110.115709
6V5,45.518322,-102.467889
8WI5,44.515496,-88.54164
2AR8,35.831105,-90.370414
5BK,63.535099029541016,-145.86099243164062
7WI4,44.30049896240234,-90.98789978027344
KBIJ,31.397499084472656,-84.8947982788086
TA53,30.130486,-98.409262
GA35,32.157848,-81.396418
5PA1,40.997877,-76.384184
KSBU,43.595299,-94.092796
60IA,41.469664,-90.781292
KNJM,34.690399,-77.029701
K17K,36.7743,-102.510002
OK68,33.878781,-96.082528
K1S1,48.990189,-116.502113
NC14,36.1968002319336,-81.6395034790039
NM88,34.54330063,-106.7600021
KBDJ,46.1374015808,-89.64600372310001
BYA,64.077678,-141.122088
FA44,26.548099517822266,-80.21479797363281
KFWB,36.698497,-93.402249
3NR3,35.270277,-82.644167
K0B2,44.763699,-68.767799
K00N,39.472998,-75.184346
XS79,30.82315,-97.95815
TX23,30.8563,-97.9459
CO12,39.98352,-104.70464
7LA4,30.3813,-92.146004
K3F7,35.80690002441406,-96.4218978881836
KBTN,45.815200805664,-97.743103027344
K9W8,39.85272,-76.485114
NH16,42.741798,-71.707603
6G8,42.095001,-84.240799
1XA4,29.873666,-96.004753
OH46,39.859839,-84.435192
K8Y5,46.112999,-94.9067
K8S0,48.60139846801758,-113.11499786376952
10XS,31.77949905395508,-98.9093017578125
3TA4,31.48579978942871,-98.9760971069336
57NC,35.426498,-83.458199
10AZ,33.36640167236328,-112.61799621582033
9G0,42.862,-78.716599
D51,43.06669998168945,-78.68309783935547
KBFK,36.863300323486,-99.618698120117
K2R6,30.95669937133789,-92.23410034179688
7NC5,35.933799743652344,-78.24669647216797
7NC1,34.52790069580078,-77.85030364990234
3VG3,37.93610000610352,-76.34860229492188
12WY,44.45,-108.384667
OK48,33.926011,-97.296292
K09A,32.119301,-88.127502
WI21,44.909698486328125,-91.2417984008789
K1L4,35.305547,-114.88236
ID00,43.69570159912109,-116.63800048828124
K01K,37.036132,-97.58533
90TX,27.8794002532959,-99.39669799804688
KCSB,40.306599,-100.162003
1B8,43.050098,-73.366203
8NC1,35.377311,-79.239535
19AZ,34.604493,-111.864795
K34M,36.485901,-90.015772
0XA5,28.68490028381348,-98.38279724121094
TE26,28.7836,-98.349998
KCNB,44.7295,-96.265999
OR41,45.207153,-122.669435
91TA,32.44599914550781,-95.9188995361328
1TA7,32.61600112915039,-95.86830139160156
PAST,63.331501,-149.126999
PACS,54.583934,-164.905727
K4M3,34.808201,-91.712097
KCUL,38.0895,-88.1231
8NC2,35.289202,-81.785746
8OK4,36.442222,-98.103888
K46D,47.451099,-99.1511
1TS6,28.269399642944336,-99.93450164794922
97TX,28.283599853515625,-100.06700134277344
KF37,33.648899,-105.896004
K5D6,40.648102,-81.068703
27MO,37.19390106201172,-94.22419738769533
3MO5,37.12810134887695,-94.21610260009766
8S2,47.51470184326172,-120.48500061035156
K94K,36.697399,-93.900497
TE27,28.2544002532959,-99.59919738769533
NC26,35.661718,-80.971705
KC64,46.666599,-115.072998
XS19,30.532611,-97.813445
NH18,43.73339844,-71.15119934
2MO0,38.786659,-93.86752
N16,40.810951,-77.658019
KCQB,35.723801,-96.820297
KCNP,41.07749938964844,-102.46399688720705
K5R1,31.451799,-88.194504
2M7,45.53189849853516,-84.30809783935547
4NY1,41.32789993286133,-74.32460021972656
KLTY,48.510702,-110.990997
51ME,44.503854,-70.071815
E91,36.110900878906,-109.57499694824
3WI9,44.99375915527344,-91.37775421142578
4WI0,44.93330001831055,-91.27239990234376
04TN,36.1833000183,-82.67890167239999
AK24,61.41820145,-149.4389954
IN62,41.244801,-85.297501
MN24,45.150001525878906,-93.1168975830078
62XS,32.0224,-98.133698
95OK,36.2676010131836,-95.63069915771484
K8D7,44.895515,-97.712273
00ID,48.145301818847656,-116.21399688720705
NJ25,39.789688,-75.228476
CN13,38.443199,-121.509003
VG34,36.584599,-78.500801
K8Y6,45.443693,-93.970343
0FL0,26.707834,-81.175549
M29,35.383558,-87.968087
17SC,34.53260040283203,-81.88619995117188
7IS3,40.142911,-89.092276
K2A2,35.65069961547852,-92.40380096435548
7N4,42.077801,-83.986099
07VA,36.81959915161133,-78.78309631347656
K78I,39.500801,-86.691902
0OK4,34.66059875488281,-96.25360107421876
K48A,32.3993988,-83.27590179
KCBK,39.42750168,-101.0469971
K3K8,37.22809982299805,-99.33090209960938
08MS,34.661506,-89.869628
2FA6,28.81110000610352,-82.06539916992188
11VG,38.209455,-77.001092
1TS8,32.287982,-100.717897
KF86,32.12216,-92.05452
MO74,38.919443,-92.163676
MU23,39.030736,-92.393303
MU32,38.951575,-92.447923
TS27,29.71619987,-96.59140015
17TE,29.929100036621094,-98.94029998779295
TX07,29.953365,-101.243022
2GA5,33.04180145263672,-84.43209838867188
4U7,45.860599517822266,-114.22000122070312
MU57,37.518574,-92.816926
AR06,35.23249816894531,-92.34329986572266
KCQM,47.821899,-92.6894
44M,35.705101013183594,-94.93589782714844
KS32,47.422798,-98.105904
WV09,37.55889,-81.350616
4S4,45.58259963989258,-123.0530014038086
4WI9,45.16513,-91.105621
KCRZ,40.994099,-94.754997
4M9,36.404202,-90.647903
69TA,27.655000686645508,-97.52529907226562
K8G2,41.9076,-79.641098
K0E9,40.754734,-93.242447
45XS,28.131058,-98.906091
TX79,28.0888881683,-99.0488891602
IA35,41.187198638916016,-95.9041976928711
KNRA,48.18830108642578,-122.63200378417967
7OR0,45.35820007324219,-117.63400268554688
6OH9,40.105899810791016,-84.39990234375
LA87,30.509599685668945,-90.15290069580078
NY74,42.32369995117188,-73.87319946289062
KCZD,40.86909866,-100.0039978
8TE2,31.52790069580078,-102.52799987792967
E13,31.4151000977,-102.362998962
0CO2,38.851918,-106.928341
82KY,38.28340148925781,-85.48190307617188
1AK1,67.3729019165039,-152.01600646972656
1TA4,31.4545,-95.29652
KD50,48.928501,-103.296997
KC71,31.296,-91.052902
LS09,30.142781,-92.333328
XS77,29.465491,-94.627215
KS85,48.15330123901367,-104.50399780273438
K9U7,38.73600006103516,-115.4800033569336
IL95,41.22309875488281,-88.14530181884766
25J,31.701711,-84.827055
PODC,66.943298,-156.904999
1F7,32.81399917602539,-96.35220336914062
4TA0,29.355499267578125,-95.66380310058594
WY33,42.81689834594727,-110.27799987792967
AZ00,32.80679,-113.503876
WV62,39.055099487300005,-79.43139648440001
9GA3,31.839759,-84.481602
5TS3,31.974199295043945,-96.67829895019533
09GE,34.459,-84.181297
KI44,39.765072,-84.343166
PABP,70.13749694824219,-147.02999877929688
70CL,36.29579925537109,-116.4260025024414
59KY,37.89780044555664,-85.5551986694336
5MN7,46.38719940185547,-93.93190002441406
KD17,38.7575,-108.148003
3CO0,38.738329,-108.000614
UT49,39.45940017700195,-112.65499877929688
11AK,64.001932,-145.501585
29AK,64.046814,-145.432667
45AK,63.954955,-145.448536
76AK,64.46749877929688,-144.92100524902344
9AK4,64.137685,-145.830889
AK09,64.04959869384766,-145.5019989013672
AK77,63.946809,-145.424109
AA22,64.130758,-145.805054
KE57,32.976466,-102.84231
34LA,30.772236,-93.271465
4M5,33.487998962402344,-91.44259643554688
K23R,29.138399124145508,-98.94190216064452
K1B0,45.004101,-69.237
WA45,47.99530029296875,-122.9000015258789
OK95,36.48899841308594,-94.9582977294922
9IS5,41.85810089111328,-89.40730285644531
22WN,43.06859970092773,-90.21949768066406
KX33,36.693699,-90.784798
87KS,38.831061,-98.616437
CL01,36.899899,-120.667999
WI09,42.9771995544,-88.47579956050001
AR89,35.40010070800781,-93.06600189208984
K0N4,39.202301,-75.485497
KM37,33.776402,-90.525002
08IS,37.9777984619,-89.20290374759999
4B1,42.7584,-74.132896
KDPG,40.197396,-112.935094
7PN4,40.396478,-78.453723
66OK,34.0890007019,-96.4216995239
LA75,30.2052784,-92.21444702
PAAM,53.9729499817,-166.858459473
2Q9,37.60969924926758,-118.00599670410156
NV27,37.71659851074219,-118.08399963378906
KEAG,42.709801,-93.9161
5TE0,28.627301,-100.161403
1N2,40.82789993286133,-72.74870300292969
1ID7,42.587909,-114.33071
6V0,43.29520034789999,-103.84400177
7TE7,26.383699,-98.333603
9LL5,39.651100158691406,-89.45860290527344
1OK8,35.72980117797852,-97.54139709472656
K9L2,34.99079895019531,-117.86299896240234
SC35,33.089599609375,-81.0082015991211
K97M,45.8778,-104.537003
63IS,40.7692985534668,-88.98310089111328
74IL,40.755681,-89.016593
K14J,31.41,-86.090302
CO15,39.2247009277,-104.63999939
AL08,30.424400329589844,-87.5353012084961
2WV3,39.11631,-81.392512
2KY4,37.655488,-85.813441
4E7,46.015978,-98.515319
6XS9,29.29610061645508,-98.37950134277344
4NY8,42.12089920043945,-76.9011001586914
SN04,38.423099517822266,-96.37190246582033
2TX4,27.98360061645508,-99.37670135498048
0XA4,27.996901,-98.882202
X36,26.990101,-82.374001
WA77,47.19570159912109,-122.02200317382812
7CO0,40.07170104980469,-105.03399658203124
3H5,41.679199,-90.078697
KERR,44.7925,-71.1642
E14,36.026133,-106.045443
K06M,33.534622,-89.312975
3AK1,61.937983,-147.170081
K3W8,45.800523,-99.643968
KFBY,40.1829986572,-97.1692962646
KUT9,40.243268,-112.092018
7XS6,31.79439926147461,-96.20800018310548
K1I3,39.042654,-87.002749
65TN,36.33420181274414,-82.66169738769531
1WA6,47.55950164794922,-121.86399841308594
NV30,39.964672,-117.827371
W42,39.501499,-76.411102
KF87,32.724998,-92.337196
CN29,37.93519973754883,-121.01499938964844
3FU,45.030343,-99.112592
PA81,39.91279983520508,-77.53279876708984
XS90,29.769042,-97.775037
KNFE,36.691641,-76.134996
WN35,48.90869903564453,-122.56500244140624
7WI0,43.37300109863281,-91.10990142822266
58KY,38.12089920043945,-85.33190155029297
TS25,29.95893,-98.18745
6AR9,36.4152984619,-92.6943969727
5I2,40.539799,-86.548302
7TE9,29.02720069885254,-98.28669738769533
8TA0,29.135799407958984,-98.27639770507812
K41F,34.00230026,-101.3300018
K2M4,32.354867,-89.48824
98MO,38.78620147705078,-90.94239807128906
K67A,31.972382,-86.59215
23XS,31.360727,-97.672871
WS20,43.95299912,-90.66259766
06TT,30.860024,-100.201996
KRYM,46.091202,-94.360497
GA99,32.547414,-83.801177
2AK1,64.363443,-147.364855
K9F9,32.628501892089844,-97.35359954833984
2OR1,44.828668,-120.495311
68FD,30.522199630737305,-85.37670135498047
65G,42.7173,-84.0625
KFKS,44.625198,-86.200798
TX75,31.009700775146484,-96.54080200195312
CN38,38.34130096435547,-121.43699645996094
K2R7,30.81940078735352,-90.1125030517578
3TX1,32.082431,-95.445039
08TT,30.308803,-99.022228
XA45,30.220889,-98.776967
K1K7,37.580518,-95.837184
TS36,30.219600677490234,-99.14080047607422
KK77,36.758433,-99.102369
OR10,42.646272,-118.992748
1WA9,48.529911,-123.047357
52FL,27.75029945373535,-81.55950164794922
UT83,40.263806,-110.865183
1M7,36.5259017944336,-88.91560363769531
73MU,38.884566,-91.970003
9TE5,28.15449905395508,-96.97689819335938
12TT,33.593768,-97.100816
1MO3,39.93339920043945,-94.07379913330078
51CL,38.230499267578125,-121.22200012207033
65CN,38.303434,-121.250868
K85V,35.700941,-109.517384
TS67,29.623348,-98.278155
42ID,44.07043,-115.79322
40AR,36.392799377441406,-93.9123992919922
7D8,41.3512,-81.099503
6S4,44.74570083618164,-122.4209976196289
KGOP,31.421301,-97.796996
2TX5,31.453500747680664,-97.75140380859376
9CO3,38.675444,-108.988101
3G8,41.43980026245117,-90.11009979248048
0XA7,30.662345,-97.62276
KGEO,38.881901,-83.882698
K5U8,47.596484,-110.266195
NV05,41.123501,-119.139
NV06,41.382702,-119.168999
KM85,36.443802,-89.903801
KGXF,32.887501,-112.720001
KGDW,43.9706001282,-84.47499847410002
OG41,42.77119827270508,-123.31500244140624
K76V,42.519727,-105.020068
NC25,35.5089988708,-80.3112030029
39OK,35.11149978637695,-97.47930145263672
98TS,31.55888,-98.42263
TA76,31.431052,-98.46706
18XA,28.6591,-97.5987472
2G8,44.39310073852539,-71.19670104980469
ID62,42.60829925537109,-111.72899627685548
10TT,33.0154,-98.626
VT15,44.70389938354492,-73.24600219726562
Y98,46.6208,-85.916801
WA25,48.095945,-122.015036
36MT,46.800765,-108.811458
MO30,38.269901,-92.8115
N56,42.205101,-78.647202
K11V,40.328815,-104.614563
WV52,38.430791,-79.825523
SC15,32.63209915161133,-80.50399780273438
KS79,34.186222,-79.020045
3CA7,36.32830047607422,-121.18699645996094
79II,39.883399963378906,-85.70249938964844
K7A0,32.681499,-87.662102
71AL,31.808649,-86.52411
20FD,30.425500869750977,-83.57599639892578
SC72,34.824161,-82.14632
30AR,35.54436111,-92.0561676
KGEY,44.51679993,-108.0830002
3AR5,35.11790084838867,-91.61190032958984
6FL0,28.405799865722656,-81.83789825439453
6K7,42.35079956054688,-92.84349822998048
6TE6,33.642616,-100.347265
KGCT,41.687801361083984,-94.4352035522461
9AA9,59.403622,-136.008415
18AA,59.364956,-135.804791
KM31,35.9034,-89.397301
4G2,42.70090103149414,-78.91480255126953
1TX7,32.80569839477539,-100.18399810791016
HI03,22.041896,-159.388746
K00U,45.744416,-107.660472
K48S,48.566101,-108.773003
NC75,35.89830017089844,-80.72029876708984
8FL6,30.67350006103516,-86.85189819335938
KNZX,30.6807003021,-86.8871994019
TN51,35.916936,-84.447094
OR78,44.270521,-123.06208
KHSB,37.811298,-88.550301
K80D,44.052799,-84.8125
03ME,44.084251,-70.626905
MO37,38.721346,-94.381056
1TX8,34.36949920654297,-102.08399963378906
00AL,34.86479949951172,-86.77030181884766
OK25,35.81330108642578,-95.75330352783205
13FA,29.68928,-81.50689
KSLJ,31.1738,-89.1912
KSH1,31.205185,-89.175961
ID21,47.75630187988281,-117.02400207519533
04MA,42.810908,-71.140959
K4V6,42.682201,-102.700996
8KS4,38.90499877929688,-99.35089874267578
M28,36.22510147094727,-89.72789764404297
8AL7,34.980471,-86.692304
KHDL,31.3643,-85.311798
KF32,34.249298095703125,-97.4738998413086
1TE5,30.81629943847656,-96.6010971069336
03TE,27.490812,-98.669615
TS69,27.482691,-98.659915
6AZ2,34.616798400878906,-110.62799835205078
3AR8,35.472329,-91.96302
33XS,31.250303,-93.778996
4TA4,29.93910026550293,-96.05970001220705
8NC9,35.307855,-82.434263
4OK0,36.161543,-97.861949
NH86,43.17509841918945,-71.78730010986328
KF10,35.40689849853516,-96.01580047607422
03AZ,31.430971,-110.088087
MU68,38.66889953613281,-91.53600311279295
41MT,48.08715,-116.046267
53KS,38.10829925537109,-97.43280029296876
MN52,47.22845,-93.091965
06AR,35.54449844360352,-92.18489837646484
NK08,41.8317985534668,-74.12989807128906
K01J,30.685568,-81.906346
M66,38.340872,-97.213898
9IL7,41.50979995727539,-90.18209838867188
3PA2,40.331227,-75.248125
26MT,48.83560180664063,-110.44200134277344
OI41,41.29393,-81.156006
K14M,33.182598,-90.830704
NR32,34.490335,-77.531934
36WI,44.03219985961914,-91.29959869384766
2AK4,59.470001,-151.51199
46AK,59.737844,-151.022186
AK18,59.833068,-153.087156
7PA3,41.708053,-75.287872
HI05,20.083599,-155.501999
K1UT,41.1757,-112.3808
K2UT,41.16,-112.3333
5WA8,47.04166,-124.145744
K91,39.67919921875,-95.53359985351562
9WI1,44.32939910888672,-88.62359619140625
KS09,47.614148,-114.612679
SD27,43.367481,-103.551764
AK89,61.652322,-149.875059
KT47,33.535057,-96.649551
WY14,44.63750076293945,-104.68900299072266
NC05,35.408699,-80.794197
KHZD,36.089298,-88.463303
I41,38.45700073242188,-82.31379699707031
10OH,41.402517,-82.629333
UT47,37.1018981934,-113.314002991
07TS,30.625381,-97.571425
0TS0,30.251711,-98.562438
19AK,59.966269,-141.660118
U98,43.823676,-115.844573
ID87,43.40689849853516,-111.9739990234375
25U,45.42770004272461,-116.69400024414062
KIML,40.50930023,-101.6210022
14LA,30.615509,-90.536051
Y65,45.406239,-84.599115
28A,35.12099838256836,-80.5873031616211
7L8,39.75,-86.013900756836
KIDL,33.485699,-90.678902
5TS9,28.53030014038086,-96.52749633789062
LS36,30.250200271606445,-92.97200012207033
KY77,46.577329,-91.455603
59B,45.632801,-70.248802
K21F,33.228699,-98.146698
N22,34.716801,-77.592201
08CL,37.858272,-120.552079
NY89,42.078285,-79.393506
K24,37.009701,-85.102699
36OR,44.003619,-122.880642
5G8,40.376499,-79.608398
6F7,32.827052,-94.354239
UT79,40.41559982299805,-109.34400177001952
P96,41.207001,-77.226097
2XS1,30.21969985961914,-98.30259704589844
XA02,30.279957,-98.426097
5OI8,40.19368,-82.65667
97TN,36.2785568902,-82.5857627392
MN67,44.659698,-93.518303
04CL,33.08169937133789,-116.44100189208984
KU13,38.251656,-112.223332
K0H7,40.4216,-91.706299
MT53,48.09469985961914,-114.85199737548828
2NC8,35.52539825439453,-80.63980102539062
NC64,35.527801513671875,-80.69670104980469
1I1,44.220901,-73.791298
63TE,31.353500366210938,-95.20580291748048
K6K9,40.733406,-91.949531
TA73,29.97470092773437,-99.16840362548828
60TE,30.141323,-99.15042
1K8,36.541698,-95.021103
OH22,40.76119995117188,-81.77899932861328
4TX6,32.41270065307617,-94.81829833984376
KK74,46.648623,-96.998734
TS18,30.654956,-98.484928
12TN,35.8237,-84.538803
5N5,42.00040054321289,-75.76020050048828
TN98,35.885295,-83.957427
PAKD,57.806151,-152.373693
KS92,46.32998,-115.063033
PAKL,58.9821014404,-155.121002197
41ID,43.471383,-116.326417
PAKU,70.33080291750001,-149.598007202
35IL,41.534065,-89.204532
K07V,37.5238,-105.009002
WA30,46.791917,-117.920686
31IN,40.28499984741211,-86.85639953613281
TN44,36.34669876098633,-84.01219940185547
79TE,28.1156005859375,-97.93080139160156
LA21,30.25489997863769,-93.13520050048828
D15,43.644501,-84.982002
Z55,62.291545,-146.577349
K0Y6,43.41329,-93.512019
K0M8,32.825901,-91.187698
KC98,41.148114,-87.459925
71XS,31.166855,-98.245888
SC79,34.61130142211914,-80.44979858398438
10TS,31.99788,-94.799815
KD55,48.752998,-98.393303
48TE,30.021,-101.573056
WV32,38.0890007019043,-81.06510162353516
01ID,42.6082,-112.031998
20NY,43.005303,-78.039572
K12Y,44.441071,-93.916283
57TE,29.938955,-99.783153
K49R,29.745500564575195,-99.76090240478516
10FA,28.79750061035156,-81.93589782714844
TE06,33.37929916381836,-96.31690216064452
3PA6,40.992446,-76.902474
88MI,44.806499,-84.276199
MO09,40.022784,-91.870962
OK64,34.976388,-97.336944
5OL5,35.001975,-97.189844
K2A5,35.911800384521484,-79.61759948730469
53KT,37.308691,-85.059304
9TX4,30.65959930419922,-97.91110229492188
5GA6,32.149898529052734,-83.86129760742188
2AK,61.3591003418,-155.440002441
KLRG,45.362202,-68.534698
NE42,40.93330001831055,-96.70059967041016
NE59,40.83330154418945,-96.56700134277344
3PA9,40.29679870605469,-75.24800109863281
PA44,40.372425,-76.743848
K1H3,38.471583,-91.817293
K7L2,46.21829987,-100.2450027
0NJ6,39.31679916381836,-74.63289642333984
MI35,42.077341,-84.827599
00GA,33.76750183105469,-84.06829833984375
13Y,48.41659927,-93.58630371
4AK,65.467,-148.6534
1A1,42.14870071411133,-73.7509994506836
2XA5,29.803699493408203,-97.69120025634766
K0G0,43.103199,-78.7033
7TE3,31.22624,-98.4612
9KY4,37.023019,-84.12225
K14Y,45.898602,-94.873901
1AR9,34.816149,-91.995769
7FD1,27.379761,-81.147176
63XA,31.215591,-97.003661
KDXX,44.986198,-96.177696
79NC,36.1343002319336,-78.28189849853516
07KY,38.08060073852539,-85.69329833984375
WY41,44.774602,-108.168127
KC97,41.230099,-87.507698
OI27,39.555694,-81.567693
AR91,36.22589874267578,-94.03209686279295
K0U1,44.142093,-115.314312
57AL,30.6532,-87.723701
AL97,30.644927,-87.670512
47XS,33.47249984741211,-101.78500366210938
65B,44.83660125732422,-67.0270004272461
38K,39.061572,-98.526277
1GA2,33.175358,-84.747756
K39K,38.692001,-95.690002
KLYO,38.339481,-98.228702
2CL3,41.642101,-121.889999
K0U2,43.8017,-113.831146
KU62,43.90409851,-113.6009979
TT20,30.964832,-95.834851
NM01,34.098283,-107.297466
DE09,39.06819915771485,-75.4885025024414
N92,35.57429885864258,-81.11730194091797
2TS4,32.13970184326172,-95.97029876708984
KM78,34.33330154418945,-92.7614974975586
5OH9,40.696779,-81.179094
KMXA,35.894402,-90.154602
KTKO,39.804953,-98.220606
NY72,43.07229995727539,-75.9384994506836
6TX8,32.555999755859375,-97.2063980102539
K03B,37.126834,-92.621594
K8W3,47.809244,-119.637191
CN42,40.445702,-121.882004
KMEY,42.178299,-95.793602
4AZ8,32.294225,-111.344837
XS03,30.486573,-98.284951
NK71,43.01119995117188,-76.34970092773438
TS15,29.893564,-104.261207
3AR0,34.821512,-90.846521
2FL3,30.669016,-85.08364
40AZ,33.07889938354492,-112.12899780273438
KE68,33.0853,-112.161003
68GA,34.004444,-84.447778
7LA0,30.522159,-91.530855
KGDA,37.336265,-88.109751
43K,38.337502,-96.991699
7IA3,42.0638999939,-91.6343002319
9A9,35.720699,-82.009804
97MT,48.074036,-114.677782
13WI,43.6963996887207,-88.99960327148438
XS07,28.9503,-96.059998
WI97,43.2578010559082,-89.0647964477539
9V6,43.165625,-101.71273
89IN,39.511172,-86.384724
TN87,35.69260025024414,-83.9988021850586
XS08,30.87680053710937,-99.19950103759766
NH17,42.72760009765625,-71.71759796142578
NH76,42.729000091552734,-71.7842025756836
91WA,46.70819854736328,-119.8010025024414
D79,42.26810073852539,-79.48169708251953
XS57,31.464969,-97.404658
48ID,44.929429,-116.174296
AK0,61.21870040893555,-142.88999938964844
AK31,61.41120147705078,-143.00100708007812
I71,39.654202,-81.8032
2AR4,35.227901,-91.093201
AR46,35.18895,-91.050131
KL25,36.093601,-114.045998
K66B,45.029622,-67.365967
OR96,42.53900146484375,-122.90399932861328
KO53,36.7906,-97.749001
K42A,36.070999,-91.830101
XA92,30.868402,-100.103002
KT50,30.931949,-99.808843
KC92,41.147213,-86.06456
03XS,31.318099975585938,-100.75399780273438
6MU4,39.03779983520508,-91.72540283203124
FA35,25.619499,-80.488701
3W9,41.694401,-82.7966
53VA,38.63399887084961,-77.75749969482422
7TX7,32.06891,-102.02557
K0U9,44.461257,-116.757964
K1D1,45.23049927,-96.56600189
KMO9,37.229812,-93.930208
XS18,30.384700775146484,-96.22470092773438
19PA,41.117000579833984,-76.52079772949219
81IL,40.433943,-89.356585
K45K,39.09469985961914,-97.72059631347656
90IA,41.54029846191406,-95.88780212402344
5MO1,39.375979,-92.363949
2NK9,41.65719985961914,-74.07720184326172
KHBC,48.76839828491211,-101.53700256347656
CN37,35.38130188,-118.2310028
KMVE,44.969101,-95.710297
33TA,30.33300018310547,-95.61219787597656
4MO,39.01250076293945,-91.41929626464844
KN37,41.622501,-74.701302
K12S,44.831558,-119.429685
35NC,35.538299560546875,-80.75140380859375
K2N4,42.736493,-76.486065
84TE,31.988067,-97.543181
43TN,35.622034,-86.01589
9WI3,44.28549957275391,-87.98680114746094
4IL5,41.724989,-90.002639
KF85,33.72930145263672,-102.73400115966795
W20,47.141998,-119.237999
KAJG,38.606499,-87.7267
0OR9,45.59260177612305,-121.54900360107422
44XS,30.284427,-99.473784
HI23,19.546359,-155.108116
9NC7,35.36970138549805,-80.44000244140625
K1U2,43.8482017517,-112.499000549
XS24,29.829700469970703,-97.09919738769533
K2T1,34.18510055541992,-102.64099884033205
K7I2,40.155392,-85.318923
5Y7,46.354099,-86.621002
HI25,19.122507,-155.578398
LL10,41.73479843139648,-88.20339965820312
26W,42.20970153808594,-84.23169708251953
KM77,33.996700286865234,-93.83809661865234
9IS0,40.54309844970703,-91.33070373535156
1J9,30.4063,-86.829102
2WN5,44.00640106201172,-90.01920318603516
KDAF,44.033401,-90.085098
KVIQ,44.558102,-90.512199
4V9,42.112202,-98.038696
48K,38.473324,-99.909324
KM72,34.54901,-89.024452
IS73,41.532501220703125,-89.70189666748047
TE86,29.44440078735352,-98.11280059814452
4PA1,40.8838996887207,-76.9800033569336
NY10,43.84260177612305,-75.43070220947266
32PN,40.73400115966797,-80.2759017944336
VA85,37.48350143432617,-80.09980010986328
7G1,40.533401,-80.5401
3IL1,38.9253005981,-89.66220092770001
OI42,41.132492,-82.459565
WS76,44.470766,-88.823419
2WN3,44.358525,-88.762486
3WN4,44.305906,-88.771512
NH40,43.40459,-71.94878
NY35,41.750099182128906,-74.11630249023438
OH20,40.154066,-82.306906
WN54,47.736263,-117.070913
ME68,44.820098876953125,-69.2384033203125
43AR,35.613074,-91.24173
TN30,35.54719924926758,-84.51000213623047
80OK,35.158382,-97.548228
KOWK,44.7155,-69.866501
CT24,42.0453987121582,-73.33869934082031
KRBM,34.847656,-92.29949
AA76,64.78001,-147.32769
78AA,64.7717611,-147.2466917
5AK2,64.73069763183594,-147.34800720214844
5AK3,64.7732009888,-147.333999634
K95Z,64.758904,-147.392235
AK41,64.544038,-146.845551
15ME,43.81529998779297,-70.22920227050781
49K,37.453263,-97.835054
K73G,43.072603,-86.029628
33C,43.08219909667969,-86.09480285644531
5N7,43.097198486328125,-86.09459686279297
ZNC,60.9807014465,-159.994003296
97OG,43.897934,-116.990433
K9M6,32.849201,-91.4039
KOEL,39.109901428222656,-100.81600189208984
KI20,38.851782,-87.49987
89TS,31.56679916381836,-95.7666015625
KOIN,39.83390045166016,-100.53900146484376
FA49,29.096858,-82.178309
16FA,26.033956,-81.042345
K43D,47.347599029541016,-118.677001953125
AR56,35.61022,-91.436249
13TS,27.455299377441406,-98.92639923095705
S35,48.3619,-119.568001
KOVL,44.778599,-95.032799
1MI3,45.19580078125,-84.32170104980469
K20A,33.971183,-86.380518
KOGM,46.845501,-89.367104
2VG7,38.16389846801758,-77.8499984741211
90VA,38.21810150146485,-78.21189880371094
XS33,30.062557,-93.865664
TA56,28.056653,-98.142042
FD02,29.485001,-82.022003
44SC,33.481943,-80.777026
KODX,41.62419891357422,-98.95240020751952
OG20,45.321651,-122.55184
OG30,45.31650161743164,-122.6050033569336
2NK3,41.151686,-72.266564
K7I4,38.65840148925781,-86.44300079345703
0KS0,38.63330078125,-95.92530059814452
K53K,38.633534,-95.801848
23MU,38.0186,-93.6931
K67,37.1598014831543,-95.0425033569336
D82,42.65480041503906,-76.79630279541016
O38,36.26679992675781,-95.78359985351562
18MO,36.96260070800781,-93.1707000732422
HI27,20.028196,-155.388162
KPYG,34.7421,-80.3452
K2G1,41.66699981689453,-81.19719696044922
53VG,37.6138889,-75.8011111
CL13,34.51530075073242,-117.76200103759766
3AK6,61.592949,-149.268939
4AK6,61.639311,-149.291105
AK46,61.62879943847656,-149.04299926757812
CN98,33.245556,-114.710278
KPPA,35.612998962402,-100.99600219727
U55,37.84519958,-112.3919983
UT01,41.51825,-111.802416
3TA7,33.140104,-97.804184
UT15,37.9286003112793,-112.7689971923828
1CO8,39.52920150756836,-104.65799713134766
IN30,38.402235,-87.599251
AZ57,34.931576,-112.515364
1Y9,42.98830032348633,-95.66449737548828
KH76,36.67169952392578,-96.40560150146484
XS71,28.74810028076172,-98.04499816894533
50K,40.1161003112793,-96.19450378417967
KPEX,45.372061,-94.744742
3AZ5,35.572201,-113.292
8XS0,31.30605,-99.492819
K47Y,46.641602,-96.1045
WV77,37.679647,-80.70969
4VG3,36.746127,-83.03722
26MA,42.69620132446289,-71.55010223388672
8MN3,46.59579849243164,-94.22000122070312
61PN,40.42570114135742,-75.2323989868164
FA29,30.130800247192383,-83.54940032958984
KPRO,41.82799911,-94.15989685
KPYX,36.412899017333984,-100.7519989013672
IN35,40.65420150756836,-86.02279663085938
89IL,39.9168889,-88.3048333
4MI1,41.829522,-83.6849
MI48,41.842839,-83.684149
KU05,46.31940078735352,-113.30500030517578
KPHG,39.735802,-99.317101
ID82,43.308201,-114.063003
81NM,33.345453,-105.173096
7M7,36.37820053100586,-90.16619873046876
1U9,43.466057,-115.310057
MY89,45.90829849243164,-92.90579986572266
7CL9,38.696463,-120.732858
5MO,39.59439849853516,-94.46269989013672
K22M,34.275901794433594,-89.03839874267578
05CL,38.6106987,-122.39099884
17LS,30.611979,-91.985704
09PA,40.82699966430664,-77.98809814453125
72TA,28.45859909057617,-96.29190063476562
18HI,21.137026,-156.734498
K9R5,27.888076,-97.349226
K5F1,33.201853,-101.337118
ID07,47.6781005859375,-117.0250015258789
2B9,43.8842010498,-72.2537002563
K8WC,37.929199,-90.731499
TS85,33.8106,-96.703903
2U0,43.49850082397461,-115.5479965209961
40MO,38.85918,-92.601271
AZ86,34.6842,-112.292
3TE4,30.008801,-104.665001
K2M0,37.115116,-87.857144
7CO8,38.36330032348633,-104.73799896240234
HI46,21.944914,-159.439831
NM80,34.340301513671875,-108.51499938964844
50XS,29.04330062866211,-100.58499908447266
T14,32.952202,-96.095802
FL28,30.05579948425293,-82.17230224609375
WV30,37.94869995117188,-80.71649932861328
8WA0,46.87760162353516,-122.60099792480467
6AK,62.08409881591797,-152.71800231933594
NC13,35.753566,-79.667933
WN55,46.51150131225586,-122.00599670410156
TA25,32.431734,-98.594762
92XS,26.479176,-97.686734
NY42,43.219988,-76.68945
OR79,44.205428,-121.280792
3OR8,44.283199310302734,-121.2689971923828
MI31,43.901755,-85.51604
VA98,37.82820129394531,-76.27330017089844
TX47,33.7076835632,-96.2238464355
SD36,45.12919998168945,-100.75599670410156
48AZ,34.650668,-111.788313
4S6,46.63759994506836,-121.1240005493164
K25M,34.722301,-89.015099
OI68,40.94139862060547,-81.79779815673828
K33S,47.12319946289063,-118.38999938964844
6WI2,44.84389877319336,-92.75579833984376
ID12,43.184399,-112.466003
IN45,39.824985,-86.884046
CA18,38.874987,-121.710172
AL84,30.540622,-87.568846
1AL4,30.543654,-87.560391
KECU,29.9468994140625,-100.17400360107422
58XA,29.898479,-100.432557
K2Y4,42.387612,-94.618444
88AZ,33.640908,-111.056917
K3RC,44.474998,-84.566704
NC69,34.86942,-78.472681
91TS,29.368600845336918,-95.33989715576172
56WV,39.325796,-79.661684
03NV,40.58440017700195,-115.2979965209961
5IA5,43.14300155639648,-92.87799835205078
15TX,33.754547,-96.843558
02KS,39.221416,-96.057072
91KS,39.242965,-96.03276
6MO2,37.98577,-90.04118
0AK0,64.39214,-146.861823
KSLO,38.642899,-88.964203
K8G8,40.882676,-80.880849
NJ74,39.562599182128906,-75.44960021972656
1CO7,38.55139923095703,-105.99199676513672
CO11,38.41609954833984,-106.05799865722656
Z81,64.9092025756836,-165.01300048828125
2TA3,31.718201,-104.598
K6J4,33.9268,-81.794601
2VA6,37.623342,-76.600027
94TA,31.307851,-100.463705
9TX5,29.744699,-98.537201
KNUC,33.02270126,-118.5879974
CA32,36.606525,-120.219499
44A,32.518398,-114.697998
7TS2,29.831300735473636,-97.88919830322266
CN66,35.663764,-121.198944
IS65,41.63840103149414,-88.64450073242188
K03S,45.401629,-122.228771
4OR6,45.449798583984375,-122.25399780273438
K3L2,35.7952995300293,-115.6269989013672
CL77,37.070499420166016,-122.1269989013672
38XS,26.815200805664062,-98.47930145263672
CA39,38.434595,-122.563524
22FA,27.3031005859375,-82.27259826660156
26OK,34.9526806,-96.6125278
90OK,34.949258,-96.614243
GA39,31.984399795532227,-81.24620056152344
K3O4,35.167598724365234,-99.65789794921876
NK43,42.753296,-73.916528
10LA,30.250725,-92.095728
KSCB,41.610298,-96.629898
2TA4,29.747506,-96.290066
K1L3,35.44440078735352,-114.90899658203124
K3G6,40.905998,-81.0
61K,37.148399353027344,-96.185302734375
MT39,47.102717,-113.311803
KSEQ,29.564499,-97.902517
62K,39.847198486328125,-96.11280059814452
93KS,39.779964,-96.085074
2WA1,48.092602,-122.929001
73WA,47.849029,-118.333442
8OA9,41.04449844360352,-81.8156967163086
KSWT,40.86470032,-97.10919952
NE18,40.91419982910156,-97.08059692382812
K60F,33.64870071411133,-99.2605972290039
TN20,35.81228,-83.774752
TA67,33.748429,-102.066313
9TX9,30.748199462890625,-101.96499633789062
09TX,30.737626,-102.02332
KVT8,44.359451,-73.226194
KSHL,43.208401,-95.833396
1GA0,31.63940048217773,-81.3290023803711
TA93,33.631166,-96.733812
14XA,33.657888,-96.788285
99A,34.4062,-91.958702
0ID4,43.047698974609375,-114.47000122070312
21AZ,34.350877,-109.964046
KISB,43.36949921,-95.75980377
1JY2,43.06710052490234,-121.0530014038086
1AK8,61.67689895629883,-151.38699340820312
9K5,39.22919845581055,-93.07240295410156
KDVP,43.986801,-95.7826
31VA,37.02379989624024,-76.5886001586914
38N,39.3036,-75.5839
34CN,37.52349853515625,-120.39800262451172
4O1,34.62760162353516,-99.01399993896484
3CA9,36.36330032348633,-121.30999755859376
KOLG,46.3148,-91.816399
68KY,37.02330017089844,-84.72969818115234
54AZ,32.60247,-114.667482
4PN7,41.418098,-76.534401
0XS2,30.555675,-100.53084
WV12,38.33509826660156,-81.73179626464844
NY48,42.33810043334961,-74.7490005493164
6II6,41.56060028076172,-85.2739028930664
8GK,38.679499,-84.928898
91NY,43.19559860229492,-77.74810028076172
58IN,41.258399963378906,-84.86389923095703
ID22,47.97800064086914,-116.79299926757812
1H9,45.83549880981445,-91.80269622802734
2WI4,42.642348,-88.398676
KD42,44.231098,-94.998901
KSPH,32.9833984375,-93.4092025756836
KNUI,38.144222,-76.426892
64MO,39.66529846191406,-95.01329803466795
09N,41.83259963989258,-73.8759994506836
55AZ,32.874019,-111.959395
KI50,37.849866,-83.845704
15WA,48.27230072,-122.3570023
IS33,39.04560089111328,-89.8406982421875
1CD4,40.506168,-106.947948
88AK,60.539839,-150.869129
AK01,60.528983,-150.625133
19WA,45.71960067749024,-121.88600158691406
98MT,46.44279861450195,-114.00299835205078
K32S,46.525101,-114.053001
3GA0,33.52750015258789,-84.15689849853516
0TE7,30.251801,-98.622498
8MA4,42.417222,-71.494444
KSUD,35.789600372314,-96.655700683594
64FA,27.142799377441406,-80.33779907226562
K49B,44.417999,-103.375
KTWT,37.540798,-87.951797
GA87,34.69810104370117,-84.01270294189453
48AK,61.7960412696,-148.494161367
AK61,62.69960021972656,-148.90699768066406
51AK,62.23883,-150.063849
AA09,62.477547,-147.775972
FA25,30.50095,-84.0781
FL52,30.4810009,-84.08679962
53IA,41.95000076293945,-92.57659912109376
KETC,35.93709945678711,-77.54660034179688
KK57,40.44580078,-95.3628006
41XS,30.534482,-97.419849
K3A2,36.408919,-83.557076
8U6,46.777141,-105.313069
OK31,33.778542,-97.131458
02OR,45.68149948120117,-121.31600189208984
6OR1,45.584082,-121.268215
6OR2,45.610661,-121.279282
KTIF,41.962682,-100.57038
K1O4,35.733455,-98.730575
40D,45.790199,-89.121002
0PN6,40.16899871826172,-77.99250030517578
K8C4,41.76340103149414,-91.15290069580078
K0M2,36.4753,-89.346199
K6G1,41.608799,-79.741302
7TA0,30.09289,-95.651487
KW01,48.7248683333,-119.465634722
02WN,48.74580001831055,-119.31900024414062
KTNX,37.7988014221,-116.78099823
1G8,40.475899,-80.628098
74N,40.55849838256836,-76.55960083007812
8U9,46.41880035400391,-111.5770034790039
S17,33.645699,-81.867104
XA52,30.92350006103516,-95.2935028076172
66WA,46.0023,-121.523003
OH71,39.990898,-84.2705
K57S,48.480202,-115.903999
02MO,39.04999923706055,-91.03350067138672
KI06,34.56679916,-101.7809982
K9U0,48.854198,-108.408997
KK96,39.780899,-88.306198
2CA2,34.16279983520508,-116.0479965209961
KT36,31.145999908447266,-90.16809844970705
18KS,37.372435,-97.108223
KULS,37.60400009,-101.3740005
3KS9,37.726869,-101.195288
K35A,34.687046,-81.64105
28OK,35.511128,-98.036757
79N,40.8838996887207,-77.9072036743164
K43,40.540199,-93.025497
04TT,29.713072,-99.545642
3KS5,37.8427155871,-97.3514413834
78OH,41.258037,-81.969729
5XA1,31.630786,-97.707572
KX16,33.473681,-97.122397
FL34,30.63190078735352,-86.74720001220703
MO5,37.00699996948242,-91.0071029663086
W56,45.687302,-122.522003
WA81,45.631344,-122.530695
KEBD,37.6818,-82.1221
X52,27.632299423217773,-80.52760314941406
8I1,38.69449996948242,-85.19830322265625
MO84,37.719099,-91.127515
JY73,39.904202,-74.749496
70KY,37.81589889526367,-85.9646987915039
42VA,36.678979,-76.032677
3XS5,29.29800033569336,-98.67669677734376
TA57,31.6238002777,-96.9925003052
SC42,32.687606,-80.106297
KAGZ,43.064913,-98.296654
KH68,35.96260070800781,-95.34190368652344
K33V,40.750401,-106.271004
K96D,48.94060134887695,-97.90280151367188
Y49,47.15829849243164,-94.64610290527344
6XA4,29.991739,-95.954354
89TA,30.192699432373047,-95.96330261230467
KWAL,37.940813,-75.462255
MS65,34.938376,-90.201165
7V3,42.527336,-88.651256
OL30,35.001991,-97.061613
64AR,34.9697,-91.831173
K3M9,33.560398,-92.085403
K62D,41.266998,-80.927399
7VG0,38.65570068359375,-77.78720092773438
5OK4,35.113112,-97.450647
OK02,35.110802,-97.481697
K38,39.735277,-97.047629
K07N,40.0168,-77.003899
WA78,45.629005,-122.191013
AK85,61.482333,-149.763986
56AK,61.57500076293945,-149.6060028076172
71AK,61.527752,-149.496474
K33M,34.16680145263672,-89.68620300292969
40C,42.200001,-86.25
KS25,47.79570007,-103.2539978
NY29,42.451625,-76.912215
25XS,32.4865,-96.846397
KWAY,39.90112,-80.130733
2OH9,39.4767,-84.093803
43OA,39.581422,-84.092783
F78,32.572899,-97.872498
XA86,32.56700134277344,-97.80480194091795
WS81,45.948001861572266,-92.1084976196289
NE69,40.8675003052,-96.1100006104
8M2,35.590302,-90.913696
NV72,38.5097999573,-119.217002869
NV97,38.684200286865234,-119.3219985961914
67D,41.16260147094727,-82.20269775390625
K3OK,35.660331,-97.002388
62PA,40.03620147705078,-76.99549865722656
2N5,40.04840087890625,-76.97799682617188
4X4,44.061881,-98.532193
33NY,42.393243,-73.867779
OA86,39.907356,-83.360314
80G,40.247799,-81.736
51IN,40.492801666259766,-86.90560150146484
ME64,43.375,-70.92919921875
41TS,33.37839889526367,-96.44830322265624
42C,43.5597,-85.7742
75WA,45.80210113525391,-121.4800033569336
WA66,45.808248,-121.494758
MT41,45.878299713134766,-112.11699676513672
71K,37.647499,-97.384499
72K,37.60419845581055,-97.35890197753906
KCEA,37.648601532,-97.2506027222
KK32,37.74810028076172,-97.40670013427734
93AZ,32.224683,-110.007391
CN12,39.16350173950195,-122.13200378417967
11MO,38.90169906616211,-91.63520050048828
96GA,33.18579864501953,-84.36810302734375
86MI,42.15280151367188,-83.56739807128906
AK10,61.71721,-150.108992
1NK6,44.423807,-73.758777
NV68,41.208794,-117.613857
TE73,29.855584,-94.353246
K4G5,39.778999,-81.102798
64CT,41.920956,-71.953117
A57,59.19918,-138.447293
KD20,43.111072,-82.786725
K2V6,40.104198,-102.712997
68WA,46.393699646,-120.222000122
4TX1,32.374255,-99.743054
2VT2,44.87279891967773,-73.28170013427734
Z33,59.27399826049805,-158.62399291992188
AK81,57.4715003967,-153.815002441
2OK,61.212693,-149.826608
5KS0,37.094501,-97.961403
ME86,46.30830001831055,-68.84359741210938
FA53,28.04389953613281,-81.84860229492188
32TS,30.304567,-97.746542
1XS5,30.412915,-97.704903
TE94,30.321283,-97.657488
TX26,30.323309,-97.760414
KBE,55.9291000366,-131.572006226
D71,61.582901,-149.830994
7FD5,30.76128,-85.682373
40NC,36.180301666259766,-81.5239028930664
0MA1,42.363656,-71.069142
0MA4,42.333804,-71.071352
MA39,42.336382,-71.106809
2XS0,25.977842,-97.516011
UT77,37.698287,-112.183392
0TX3,32.166429,-94.346098
AZ76,33.298117,-111.873527
05AA,57.5149,-134.945999
KFEW,41.133302,-104.866997
Z78,56.2956008911,-158.401000977
KEOD,36.568199,-87.480797
Z87,55.2515983581543,-162.7530059814453
KCDD,48.2666015625,-92.483497619629
2XA3,29.927545,-95.632832
7A7,34.626225,-84.106066
49T,32.7717,-96.8021
29FL,29.198539,-81.053165
61TS,29.72894,-95.08945
25MN,46.43059921264648,-93.83309936523438
M14,46.474098205566406,-93.9186019897461
M69,46.36970138549805,-93.81390380859376
MY32,46.36439895629883,-93.86000061035156
8NA7,48.0625,-98.9292984008789
AA15,59.049905,-158.581682
56CO,37.203098,-107.867996
KSXS,31.3627,-85.849403
KHEY,31.34600067,-85.65429688
24AL,31.228725,-85.55917
17AL,31.380199432373047,-85.5802993774414
11AL,31.393699645996094,-85.75150299072266
16AL,31.40839958190918,-85.68920135498047
19AL,31.48240089416504,-85.78510284423828
05AL,31.2311992645,-85.64969635010002
PANR,58.2543983459,-134.897994995
8XS5,29.271559,-94.818656
9TA7,29.312433,-94.779149
9TS7,29.313251,-94.778385
T57,32.8876,-96.683601
06AZ,33.287759,-111.751454
06CL,34.15732,-118.2888
1ID8,42.921675,-114.709449
K0G5,47.8263,-90.3835
9MI3,42.965737,-85.674313
52B,45.46120071411133,-69.5978012084961
FD47,30.36066,-87.156245
MS89,30.438971,-89.056131
BQV,58.4552,-135.884995
3Z9,59.235001,-135.440994
14AL,31.15024,-85.736318
M06,39.5415,-76.069702
7AK7,63.738399505615234,-148.8820037841797
HI09,21.304213,-157.854802
POOH,58.112202,-135.451996
5CL5,33.684512,-117.854721
0FL8,30.19389915466309,-81.68190002441406
MU64,38.565851,-92.182465
4TS6,29.90497,-95.59836
TX87,28.9333,-98.524498
AK94,58.3908004761,-134.776992798
HI57,21.674228,-157.946414
00HI,19.832881,-155.978347
5Z4,59.001800537109375,-158.53199768066406
KKL,57.3670005798,-154.027999878
KXA,55.537399,-132.397995
2R3,60.70439910888672,-151.31100463867188
62TE,28.849017,-97.877665
20TX,30.043611,-99.151111
17AK,55.382999420166016,-131.73500061035156
1FL1,28.312135,-81.46594
36FA,28.333457,-81.487765
43FD,28.28773,-81.385705
FA17,28.289441,-81.404995
9Z3,57.8026008605957,-152.38299560546875
T44,57.7808,-152.391006
CA24,32.886279,-117.225502
03CA,32.779484,-117.006952
XA22,27.533935,-99.477847
0NV1,36.18192,-115.31647
NV48,36.137421,-115.16821
MU93,37.6870002746582,-92.66300201416016
LA29,31.137544,-93.269162
8Y4,45.150001525878906,-93.1168975830078
94CL,34.050241,-117.264141
CL07,33.749094,-118.19014
CA46,34.07628,-118.380788
CL71,33.966099,-118.424004
09KY,38.23899841308594,-85.63939666748047
42FL,24.971200942993164,-80.59559631347656
9OI1,41.60048,-83.689698
66AZ,33.3922996521,-111.876998901
69AZ,33.381085,-111.828917
AZ39,33.46319961547852,-111.72899627685548
AL82,30.679512,-88.200071
52Z,60.6411018371582,-149.4969940185547
MI42,43.254431,-86.240632
NH37,42.75579833984375,-71.46199798583984
NJ05,40.209776,-74.041067
6MA8,41.64730072021485,-70.9175033569336
K7N0,29.952649,-90.08256
WWT,60.935,-164.6267
VA88,36.86130142211914,-76.30359649658203
62FD,30.12529945373535,-81.74420166015625
12FL,28.59280014038086,-81.40390014648438
37FA,28.575654,-81.368268
FD99,28.429591,-81.477099
98FL,28.4335994720459,-81.49150085449219
MU91,38.120574,-92.681716
KNBV,30.174100875854,-85.753303527832
CL14,34.134335,-118.152124
AZ35,35.99594,-113.78233
AZ36,36.029905,-113.827408
9FD1,30.474932,-87.211831
FL24,30.516544,-87.219685
FL85,30.429609,-87.230689
KPCA,32.662789,-111.48797
ID64,42.87447,-112.42228
KPB,56.351898,-133.623001
16K,55.803,-133.597
KPY,57.931257,-153.040838
KPR,58.490101,-152.582001
XS52,27.337131,-98.128417
M57,44.9533,-70.663101
TE46,28.306522,-97.280551
W39,48.610838,-123.16
2NY5,43.122299,-77.622803
AZ58,33.669535,-111.163819
A23,56.886299,-134.158005
4OR2,44.847599029541016,-123.02300262451172
7TA9,31.418884,-100.470575
XA29,29.489489,-98.547566
XS82,29.42250061035156,-98.48390197753906
OR63,45.84149932861328,-123.927001953125
WA55,47.619652,-122.36031
8TA2,33.649361,-96.61017
A29,57.052101,-135.345993
7K2,59.446899,-135.322998
NM35,34.036935,-106.910884
L85,60.5335998535,-150.996002197
7MN1,44.954778,-93.093953
POWS,55.532662,-133.638167
4OI0,41.708437,-83.69229
3AZ7,33.404643,-111.970194
AZ59,33.441279,-111.946957
AZ73,33.413112,-111.940952
TKE,57.779701,-135.218002
0TA0,29.39501,-94.986355
KTB,55.682762,-132.532883
AK56,59.9631996155,-158.477005005
57A,55.937099,-133.326996
UT73,37.23469924926758,-113.2770004272461
AZ18,35.974998474121094,-112.13099670410156
AK62,55.849602,-133.227994
5AK1,61.18080139160156,-151.04100036621094
KNDV,38.854049,-77.012046
5L6,61.5863990784,-149.408004761
62AK,61.572898864746094,-149.5749969482422
D75,61.5760993958,-149.675994873
T66,61.6189994812,-149.679000854
POKW,55.296299,-133.242996
AZ16,32.264503,-109.837879
TE19,30.77630043029785,-94.42829895019533
2Y3,59.5625,-139.74099731445312
WT00,46.979706,-123.847139
99AA,61.218906,-149.886482
7CO5,39.579207,-104.725692
34XA,30.485456,-97.800944
19TX,30.472545,-97.790372
3XA6,30.304401,-97.707757
22TX,30.225399,-97.774276
5TX5,30.224917,-97.774785
WA41,47.333418,-122.033576
36MA,42.338161,-71.109107
MA66,42.349037,-71.063223
38TA,30.732575,-98.236241
77FL,28.329336,-81.54285
4XS8,30.099886,-97.72675
65TT,33.709334,-96.583793
16XA,33.709586,-96.5838
8AK0,64.83085,-147.66045
TA92,32.919634,-97.309771
XA65,32.900331,-97.312834
3TX8,30.262778,-98.880611
29VT,44.756389,-73.266667
78TX,32.934123,-97.095366
AA35,59.4375556,-136.2293611
0AA6,59.403055,-136.013611
60TA,32.161186,-94.794822
AA44,58.328608,-134.46565
TA10,27.489274,-97.850262
FL06,28.339807,-81.395217
01XA,30.007222,-97.853333
9TS5,30.332856,-97.971756
XS10,29.553092,-98.350527
45TE,29.552404,-98.347281
1KY8,38.214444,-85.7225
02AZ,32.522268,-111.334291
CN96,41.318611,-122.320056
08TE,30.197677,-99.317522
36VT,44.854722,-73.285556
FA91,28.430844,-81.456296
2FL5,28.462666,-81.455259
7FA5,28.389166,-81.488496
4TS3,31.732789,-95.626
AA08,61.594722,-149.153889
80CN,32.716072,-116.450054
KZ24,36.8483333333,-76.31388888890001
KC54,34.315722,-108.309889
55NK,43.192913,-77.703152
KLDR,32.726538,-117.181206
0LA6,30.249066,-92.085515
95XS,29.572889,-95.050561
TX54,30.00439,-97.13581
TT23,26.20614,-97.18009
46TS,32.13973,-101.78648
43NY,43.055361,-76.150421
AK8,62.313414,-150.06935
09AA,62.969888,-150.75375
2XA8,31.691578,-96.168664
80MA,42.5975,-71.205
8FD8,27.136668,-82.412521
UT70,37.178933,-113.122428
AZ42,35.723878,-114.486428
8TA4,32.745222,-97.661694
PASD,55.313908,-160.522099
PAIM,65.992798,-153.703995
PACZ,61.78030014,-166.0390015
PATL,62.8944015503,-155.977005005
PACL,64.299738,-149.117432
KBYS,35.2804985046,-116.629997253
KNXP,34.2962,-116.162003
K76F,32.681499,-95.9841
PAVL,67.734565,-164.559917
68MN,45.049494,-94.836683
PACE,65.573815,-144.780707
PACI,66.644997,-143.740005
PAJC,56.311501,-158.373001
KCL,56.310776,-158.534818
A79,56.255001,-158.774994
CZN,62.071201,-142.048004
73TS,31.005653,-100.257778
PACR,65.827673,-144.076195
PFCL,58.833698,-158.529007
PAAL,56.006001,-160.561005
PAEG,64.778003,-141.150455
90WA,48.71141,-123.018208
KEK,59.3568,-157.470993
PAHU,66.04109955,-154.2630005
PAIG,59.324001,-155.901993
PAKY,57.565919,-154.453762
PAKI,59.931796,-164.028196
PAOB,66.9123,-156.897003
PALB,57.53516,-153.976455
9Z8,59.12606,-156.860906
PAMB,58.932056,-158.901886
35ME,43.871338,-68.893504
PANA,60.6903,-161.979004
PAPK,60.7029,-161.778
PAFS,63.017949,-154.360399
PANO,59.980202,-154.839005
PFNO,66.817902,-161.018997
ME41,44.151574,-68.876306
PANU,64.729301,-158.074005
0AK,61.96169,-162.941944
PALJ,60.201681,-154.325863
PGM,59.348355,-151.830025
PFMP,65.507896,-150.141007
NY03,41.071008,-72.327018
PAGH,66.88809967041,-157.16200256348
PASL,61.7005,-157.166
PFSV,66.016727,-149.056835
52NK,43.224244,-75.675528
PAKA,60.871449,-146.690297
PATC,65.563103,-167.921997
A63,59.074713,-160.274992
PAHE,65.08896,-150.871934
98AA,59.766839,-151.772361
OR03,45.064722,-117.661578
MY55,46.419700622558594,-94.27529907226562
00XA,30.224,-96.01417
79ID,46.0488642914,-115.869691372
8FA4,29.009948,-81.133869
K0J0,31.600093,-85.238353
35LA,29.97450065612793,-92.17610168457033
LA60,29.824421,-92.115511
LS68,29.9347,-92.213501
SC92,34.103454,-82.282104
TX03,31.875086,-97.068128
SD32,45.434722,-98.444305
30SD,45.504811,-98.595539
94WA,47.084282,-123.773067
TX00,32.44889831542969,-99.62000274658205
35TX,32.483972,-99.825912
IL01,40.7925,-90.438202
LA07,30.51749992370605,-90.00830078125
ND07,47.00279998779297,-97.4072036743164
57MI,44.765278,-85.468358
WA12,48.71356,-122.195926
02ME,43.537467,-70.930685
ME89,43.608792,-70.972149
OK80,34.72869873046875,-96.6010971069336
2MI5,42.941727,-85.485112
MN01,47.277814,-96.614012
IA43,41.6052,-94.6161778
95TN,36.526583,-87.172806
PS27,39.73139953613281,-79.375
2NY7,42.12149810791016,-77.2114028930664
VT09,44.11360168457031,-73.29029846191406
VT11,44.06869888305664,-73.37339782714844
WA57,48.31389999389648,-117.83999633789062
47OR,42.164902,-119.904999
2IA7,41.568454,-93.980806
52CL,34.537498474121,-117.46099853516
0CL1,34.5694007874,-117.555999756
11CL,34.630001068115234,-117.65299987792967
MU07,38.39469909667969,-94.3102035522461
46XS,35.402675,-102.807605
30NC,36.04859924316406,-80.45690155029297
6NC8,35.938201904296875,-80.3844985961914
8NY3,42.268699645996094,-75.55970001220703
MY35,44.93349838256836,-92.81770324707033
CO25,39.494857,-103.727361
OR74,42.701677,-123.806412
99TT,26.803701,-98.602609
26AZ,34.012001037597656,-113.2030029296875
27AZ,33.919276,-113.167795
28AZ,33.922798156738,-113.18099975586
15NC,36.239945,-76.973537
4SC7,33.57830047607422,-81.51170349121094
92SC,33.52135,-81.578361
SC67,33.53771,-81.599107
1MN2,45.93820190429688,-94.7606964111328
AL03,32.8475,-87.713889
1D4,40.99259948730469,-81.43180084228516
FA62,29.916900634766,-82.483200073242
63FA,29.734167,-82.565278
63FD,29.69809913635254,-82.49140167236328
43TX,26.153136,-98.136331
27ND,48.578602,-103.466003
7NM1,32.935278,-106.045278
CO14,37.421944,-105.666111
CO83,37.483887,-105.745958
2CO2,37.478667,-105.632453
60MU,37.259167,-94.414265
00MO,37.202800750732,-94.412399291992
9MY7,45.5964,-94.542539
K19,40.262199401855,-94.338996887207
25LA,30.5460694,-90.5763333
NH38,43.972599029541016,-71.1697998046875
II77,40.259498596191406,-85.260498046875
0II0,40.258381,-85.253348
GA14,31.402999877929688,-84.32270050048828
T23,32.71900177002,-99.267601013184
K54W,42.717368,-89.423935
OR20,44.658199310302734,-123.14299774169922
OR21,44.59320068359375,-122.98999786376952
OR22,44.61930084228516,-123.03199768066406
OR82,44.673056,-123.004861
OR67,44.6952,-123.01966
4OR3,44.73040008544922,-123.07599639892578
9OR8,44.73260116577149,-123.05599975585938
1SD8,45.047698974609375,-96.55259704589844
NM10,35.87919998168945,-103.81300354003906
MT81,46.909485,-114.465374
PS05,41.875301,-80.374802
NK31,43.26950073242188,-78.14530181884766
NY06,43.2963981628418,-78.21389770507812
75PA,41.87310028076172,-80.45899963378906
3IN5,41.31689834594727,-85.37139892578125
VT38,45.008584,-73.240966
WA00,45.898488,-119.915638
00AS,34.9428028,-97.8180194
03OL,35.012334,-97.702735
ND26,47.900002,-103.658997
05LS,31.252148,-92.47569
9LA6,31.306801,-92.611504
8MY9,46.051034,-95.603115
52OA,40.100269,-82.59654
1WI8,44.635799408,-87.44020080570002
3WI0,44.6422004699707,-87.4197998046875
JY24,40.92369842529297,-74.87039947509766
38MI,42.46689987182617,-85.97920227050781
34CD,40.262683,-105.448011
0TX8,29.70872,-96.36847
OH32,40.854719,-81.122358
OH48,40.90560150146485,-81.06510162353516
NE53,42.156504,-102.881581
K98,42.76390075683594,-92.8043975830078
77PA,40.58340072631836,-79.8998031616211
0IL2,38.803056,-88.997778
WS36,44.27140045166016,-89.43710327148438
M73,34.4123,-91.466301
2GE5,34.19779968261719,-84.31939697265625
2NY9,42.367811,-76.724406
4TE4,29.62316,-103.684646
1CA6,32.765098571777344,-116.7229995727539
WY08,43.726993,-111.033553
TX66,29.398799896240234,-95.07849884033205
88TN,35.4245,-85.779333
3KS8,37.25650024414063,-95.33360290527344
3VG5,37.128762,-79.303173
50FD,30.518199920654297,-85.19879913330078
9TA8,31.68409919738769,-94.97720336914062
UT00,37.472198486328125,-112.62200164794922
UT24,37.49330139160156,-112.6449966430664
00VA,36.574964,-78.998437
PS15,40.54759979248047,-78.3917007446289
CA06,41.421373,-120.568657
54AR,35.392856,-93.758706
OK82,34.69169998168945,-99.34480285644533
91OK,34.641998,-99.371201
OK43,36.53060150146485,-98.63670349121094
OK54,36.996700286865234,-99.00479888916016
87FL,26.732986,-81.571042
TA01,32.341800689697266,-97.25029754638672
TX78,32.329200744628906,-97.23190307617188
9TS6,32.37889862060547,-97.17829895019533
6XS2,32.34600067138672,-97.19920349121094
12TA,32.377809,-97.21897
3TS3,29.37470054626465,-95.29049682617188
6R5,29.41550064086914,-95.28910064697266
23XA,29.427306,-95.162306
TE09,29.331899642944336,-95.2760009765625
TT21,33.289077,-97.671086
MT50,45.087799072265625,-104.81900024414062
LS40,29.9519,-90.286102
XS39,35.077017,-101.691369
2TX0,35.062604,-101.850421
6TX5,35.195138,-101.920187
1E4,35.141998291015625,-101.83799743652344
7TX8,35.107601165771484,-102.03800201416016
8OK7,35.178114,-97.748376
2MY2,43.907417,-94.274667
WA79,45.93320083618164,-122.41799926757812
WA80,45.893712,-122.548327
IL07,41.72359848022461,-89.29180145263672
0VA8,37.285801,-77.791199
ND01,47.04579925537109,-97.1865005493164
ND73,47.048301696777344,-97.25559997558594
ND74,47.0166015625,-97.16290283203124
NA02,47.704715,-97.054703
9GA5,32.05820083618164,-84.29019927978516
4GA0,32.1234861,-84.1299667
6MA2,42.86009979248047,-70.99659729003906
93VA,37.53630065917969,-79.02339935302734
VG06,37.72510147094727,-79.08309936523438
8VG4,37.605522,-79.016903
45NE,40.831523,-99.262451
NM29,35.83393,-103.43241
9LA9,30.73479,-90.44458
18OR,45.0918655396,-123.182350159
64OR,45.03369903564453,-123.1719970703125
OG44,45.1534,-123.237
17NR,34.78325,-78.577008
8IN9,39.68560028,-86.60220337
0NY7,43.026623,-74.177055
NY50,42.992144,-74.137459
7NY8,42.963776,-74.12556
WN18,48.4567985534668,-122.53900146484376
1TS0,29.6705,-94.670799
ND75,47.720001220703125,-100.2689971923828
AA06,61.28867,-149.808884
6AK5,61.168742,-150.160532
9AK5,61.11650085449219,-149.81900024414062
34II,40.050816,-85.602318
MO13,36.6404333,-94.4893472
84TN,36.211673,-84.028346
94NH,43.47645,-71.7474
3OH4,41.60390090942383,-80.58979797363281
13KS,37.69779968261719,-97.11029815673828
SC57,33.540569,-79.534174
ND02,47.81110000610352,-97.96009826660156
NC44,35.46689987182617,-78.68389892578125
TE77,29.233699798583984,-95.47669982910156
46TX,29.15080070495605,-95.49520111083984
LA67,30.95159912109375,-91.58480072021484
II16,41.637001037597656,-84.94940185546875
MN06,48.053773,-96.788167
NM64,31.459365,-108.858383
NM12,31.917644,-108.780719
02NM,32.09071,-108.870735
TT47,33.386098,-96.499209
88XA,33.337444,-96.480222
OA11,40.3760986328125,-84.25499725341797
38MO,39.25559997558594,-90.85569763183594
3MD4,38.97760009765625,-76.63939666748047
8MO4,37.396593,-90.468766
TX19,33.538499,-94.90479
TX35,33.4563,-94.84959
PA31,40.28340148925781,-76.53939819335938
NE45,41.29314,-99.37475
TX20,32.7932014465332,-99.87789916992188
54TS,32.811199,-99.851799
OH34,40.20589828491211,-84.6615982055664
WV01,38.12929916381836,-81.05370330810547
50IL,42.48889923095703,-88.17430114746094
IL11,42.46530151367188,-88.04039764404297
4NA3,48.857200622558594,-101.302001953125
CO32,37.075493,-106.098578
NC11,35.741501,-78.924698
PN46,40.56439971923828,-79.5457992553711
XA71,31.277299880981445,-94.9739990234375
27CA,34.56110000610352,-117.08100128173828
0GE7,33.520301818847656,-82.37249755859375
VG67,37.204247,-78.834036
10VA,37.38629913330078,-78.81310272216797
CO28,38.820196,-102.174405
WV00,38.47079849243164,-79.80059814453125
55CL,39.053056,-122.095556
KD23,42.565367,-78.424766
OA04,41.097599029541016,-83.50270080566406
03IN,40.18000030517578,-86.01249694824219
9II4,40.17250061035156,-85.9447021484375
II27,40.16669845581055,-85.94080352783203
FL40,27.120972,-81.802692
75FA,27.295835,-81.883167
8FL1,27.1970005035,-81.9156036377
FA64,27.074499130249023,-81.58650207519531
0FA1,27.3039,-81.880403
26FD,27.05120086669922,-81.84809875488281
96NE,41.400586,-99.097527
4OH8,41.5,-84.2499008178711
TX21,33.477845,-98.54619
KT39,33.582298,-98.618698
03MU,38.4925,-94.412498
1IN3,41.098135,-85.242008
3II9,41.098345,-85.241783
OK17,34.21825,-97.052567
OK23,34.19829941,-97.23120117
OK62,34.24869918823242,-97.20919799804688
OK85,34.30009841918945,-96.91699981689452
WI61,43.091569,-89.997986
IL12,39.880001,-90.465103
K2K8,37.275297,-97.758739
2IN4,41.25669860839844,-86.189697265625
1ND4,47.05830001831055,-97.01699829101562
6ND3,47.06969833374024,-96.94059753417967
TX22,33.10179901123047,-97.15499877929688
7MN6,48.343928,-96.881892
79WS,42.698101,-89.786796
WN10,45.992882,-122.379992
41AR,34.12329864501953,-93.34970092773438
3KS2,37.060567,-96.998479
28WI,44.60409927368164,-92.04660034179688
WS04,44.032501220703125,-89.86509704589844
MU35,40.26750183105469,-94.7865982055664
WI51,43.3213996887207,-89.32099914550781
89WA,48.27069854736328,-122.0189971923828
GA22,31.438499450683597,-84.70829772949219
4GA8,31.41550064086914,-84.71299743652344
7KS3,37.52920150756836,-94.69609832763672
14IA,43.360281,-94.442364
47TX,26.933900833129883,-97.7624969482422
22LS,30.39780044555664,-91.9738998413086
LS91,30.417548,-91.974739
60GE,33.943667,-83.237069
OR16,43.096787,-118.150132
TX24,32.265243,-95.082936
7CO4,39.288164,-103.238618
4VA5,37.65959930419922,-78.92220306396484
1A2,47.111099,-97.207298
70D,39.49869918823242,-79.85260009765625
ND60,47.956616,-97.481738
5CL8,35.17610168457031,-118.9229965209961
70NJ,40.67756,-75.024629
GE12,31.74860000610352,-83.57360076904297
0NE0,41.84999847412109,-101.9499969482422
0NE1,42.40719985961914,-101.93199920654295
57AR,33.660555,-94.241666
08AR,33.723611,-94.145277
1NC0,35.722406,-79.934889
25NC,35.632717,-79.711768
53NR,35.647083,-82.66875
CT74,41.951405,-72.181578
53NE,41.08140182495117,-96.40339660644533
NE26,41.02255,-96.435056
K3U4,45.606617,-106.27445
MS14,34.813889,-89.199617
VG24,37.77666,-77.48727
40OR,42.212576,-122.722839
OK74,34.829498291015625,-96.0342025756836
91TN,36.313867,-87.04615
KASY,46.0238990784,-99.3526000977
2MI3,43.143219,-84.606419
47IL,41.916029,-89.272074
00WN,46.25,-117.2490005493164
CO03,39.2599983215332,-106.91200256347656
6TE8,33.17042,-100.217092
OR23,46.161399841308594,-123.63999938964844
PA33,41.9501,-76.483002
5TA8,32.013301849365234,-95.92829895019533
TX25,31.98929977416992,-95.95110321044922
52WI,45.159644,-90.057389
56AL,34.772778,-87.174583
4MO8,39.20669937133789,-94.26969909667967
IL94,40.2262992859,-89.2428970337
IN47,40.204517,-86.055
MU06,39.931731,-92.575156
12NC,34.892099,-76.349029
NC54,34.878444,-76.358328
4VA6,37.88069915771485,-75.50599670410156
6OK7,34.59590148925781,-95.86299896240234
KU37,43.45586,-112.805081
KU48,43.217669,-113.227557
4GE1,30.72369956970215,-84.54109954833984
4IN7,40.300899505615234,-87.22920227050781
49NK,42.793259,-78.292372
67MN,45.20190048217773,-94.80110168457033
IL31,39.843299865722656,-88.45330047607422
KADT,39.841209,-101.043248
MI34,44.098681,-83.715278
5CL9,37.1413,-119.508003
5XA9,33.338784,-96.997046
8XA6,33.317056,-96.98
06XS,33.322933,-97.045019
XS60,33.31840133666992,-96.90599822998048
2PA2,40.5986,-76.13695
34KY,36.91249847412109,-86.78279876708984
06NY,42.836797,-76.437614
OH97,41.356884,-81.214441
FL16,28.0585994720459,-81.81649780273438
07KS,37.73419952392578,-96.93669891357422
97KS,37.675657,-96.885781
SN18,37.66669845581055,-97.01699829101562
SN20,37.71950149536133,-97.04889678955078
77KS,37.647486,-96.841453
0MT1,47.497501373291016,-112.39099884033205
OR25,44.84479904174805,-122.9010009765625
OR77,44.871202,-122.832315
NK74,42.74449920654297,-76.6635971069336
NC12,35.38959884643555,-76.78469848632812
NV02,39.0669,-117.420312
NV35,39.54439926147461,-117.7509994506836
5CO1,38.834454,-107.859128
73AR,35.052948,-92.053904
51TT,30.149441,-97.734553
OI81,41.0713996887207,-80.75859832763672
NY59,43.387298583984375,-75.48629760742188
MO77,36.97510147094727,-92.5427017211914
0MU1,37.246700286865234,-94.17389678955078
MO16,37.16389846801758,-94.16829681396484
42IN,41.349315,-85.267654
61TA,32.88399887084961,-94.60769653320312
6TE9,32.816799163800006,-94.616897583
39G,43.030471,-82.669466
MI01,43.05780029296875,-82.6769027709961
08ME,44.81539,-70.34851
FL01,27.6210994720459,-81.61060333251953
KAGR,27.6506,-81.349403
7OI1,41.207298278808594,-84.26969909667969
25VA,37.821377,-77.112522
ND78,47.040000915527344,-97.53700256347656
ND53,47.046388,-97.388055
29WI,44.325337,-90.027015
KE53,43.846233,-83.046792
5MN2,47.39580154418945,-95.36750030517578
K7Y4,47.525001525878906,-95.36080169677734
MI67,43.28919982910156,-85.78119659423828
3KS1,39.830583,-96.164858
50II,39.773432,-86.754855
83GA,30.99970054626465,-84.506103515625
GE21,31.018681,-84.392917
17OI,39.226382,-83.317583
05NV,39.0311,-114.088219
07NV,39.102239,-114.053472
06NV,39.098333,-114.150277
55FD,30.818500518798828,-86.68800354003906
02FD,30.950976,-86.635555
2FA3,30.8127,-86.63728
93FA,30.803438,-86.736778
OG45,44.61690139770508,-117.87200164794922
79MT,46.430386,-104.244194
7MO5,36.559792,-92.204918
7CA2,35.176700592041016,-118.927001953125
81CA,35.097819,-119.070961
96TN,35.367073,-85.161678
K7D3,43.8755,-85.842102
WI14,44.96659851074219,-92.38770294189452
WI29,44.90549850463867,-92.4834976196289
47KS,38.770599365234375,-95.27439880371094
SN21,38.822691,-95.288372
4NK1,43.144798278808594,-76.3113021850586
E30,31.6745,-99.976997
PA35,40.43199920654297,-75.6259994506836
16TA,30.919701,-103.782997
4WN5,45.457,-92.378306
38OH,39.84479904174805,-82.57959747314453
TE21,29.6513,-99.086403
8PN2,40.91049957275391,-75.16510009765625
OG02,45.61029815673828,-123.08000183105467
OR27,45.63320159912109,-123.16799926757812
34WI,43.417758,-89.766201
2P4,46.784901,-88.577797
TX29,32.28900146484375,-96.70439910888672
II93,39.4838981628418,-86.22689819335938
IN01,39.4861111,-86.1486111
IN64,39.5609016418457,-86.2040023803711
TA52,29.805353,-100.011292
20MS,31.831118,-90.654598
K5G4,46.348853,-91.496587
65XA,30.903575,-94.695836
GA59,33.100101470947266,-84.05850219726562
GA86,32.9838981628418,-84.09559631347656
94MN,46.57659912109375,-96.51200103759766
9MN3,46.66519927978516,-96.44120025634766
9MN5,46.70974,-96.352541
0NA1,46.245356,-97.038174
NA55,46.265924,-97.01584
NA56,46.302545,-96.990928
NH15,43.38669967651367,-71.2333984375
44IS,39.74480056762695,-91.07489776611328
5CA4,34.728705,-116.158705
6CA8,34.856232,-117.137303
00CA,35.35474,-116.885329
9OK3,36.70370101928711,-95.84049987792967
0OK2,36.611206,-96.097895
40NE,41.975636,-98.515287
6NE7,40.24440002441406,-100.33799743652344
82AR,34.537136,-90.759415
MI58,44.739002,-83.709453
38KS,39.152374,-94.91719
8KS1,39.17190170288086,-94.98079681396484
LA01,30.48349952697754,-92.54679870605467
10LS,30.491835,-92.572846
MT43,46.34629821777344,-112.34400177001952
0WY1,44.411111,-108.163333
6WA3,46.608482,-119.290471
NJ24,39.701138,-74.404382
KRBE,42.569698,-99.568398
LA63,32.97169876098633,-91.83080291748048
21OI,39.128101,-84.092697
SC46,33.85100173950195,-81.54840087890625
XA88,28.978673,-99.56214
41G,42.840302,-84.479103
23NY,42.27980041503906,-77.33999633789062
4TN9,35.419556,-88.015567
5ND3,48.855499267578125,-97.3219985961914
21LA,30.296899795532227,-91.21499633789062
59AS,45.850669,-122.544514
00MN,46.29999923706055,-95.70030212402344
NV64,40.00830078125,-117.39199829101562
MU21,38.52370071411133,-91.5177001953125
43XA,28.825625,-95.908217
96AL,30.827684,-87.889177
TS94,26.25119972229004,-97.30079650878906
WS19,46.89350128173828,-90.8207015991211
K5R7,30.454393,-88.211179
25TA,29.836599349975582,-94.96739959716795
73TA,26.158425,-97.388688
40TN,36.347471,-83.267349
Z52,56.03670120239258,-160.26600646972656
IL86,39.93619918823242,-90.466796875
72XA,29.486632,-96.041286
87OR,42.651798248291016,-121.3290023803711
OR29,42.492816,-121.32015
05NC,34.758387,-76.644701
NR92,34.951792,-76.657569
SC74,32.46189880371094,-80.60089874267578
16MO,38.40560150146485,-91.15740203857422
55TX,30.111462,-94.258103
KK44,36.798901,-100.529999
3OK6,36.736666,-100.588888
PS06,40.7333984375,-77.26640319824219
4VG2,37.858104,-77.545511
OR00,45.433933,-122.873709
OR28,45.439328,-122.890283
3PS2,39.978079,-78.540752
PA36,40.45289993286133,-75.20379638671875
WS25,45.58160018920898,-87.84539794921875
52TN,35.607299,-86.250036
NY60,44.76250076293945,-73.5593032836914
4NY0,44.66889953613281,-73.54620361328125
TE58,28.4451,-98.0394
51OK,35.793611,-96.029722
OK50,35.751666,-96.15375
57KY,37.36940002441406,-82.32420349121094
0LA3,32.749298095703125,-93.87349700927734
43LA,32.747904,-93.872874
31MA,42.26242,-72.409308
55NM,34.48735,-106.619225
53MT,45.986548,-111.117296
4MT1,45.82070159912109,-111.1449966430664
9MT9,45.79041,-111.124735
05MT,45.815368,-111.152163
ME60,44.46839904785156,-69.81780242919922
37FL,29.718599319458008,-82.84459686279297
6FL9,29.690000534057617,-82.87120056152344
86FD,29.76469993591309,-82.89640045166016
9FL5,29.81410026550293,-82.92569732666016
7LA9,29.999507,-93.138592
NM32,35.70191,-104.06211
NM33,35.529058,-104.097378
MU14,38.299363,-91.689781
MO78,38.315785,-91.780708
FA69,26.587799072265625,-80.63729858398438
01PN,40.93059921264648,-77.73889923095703
5MU9,37.679285,-90.714624
8FL3,29.072999954223636,-81.99949645996094
FL58,29.02639961242676,-81.98789978027344
2FA2,29.01889991760254,-82.11370086669922
KRPB,39.817902,-97.659599
20KS,39.700917,-97.721258
05IN,39.641998291015625,-86.50420379638672
2IL7,38.515301,-90.027901
25AR,35.125018,-93.47679
43G,42.176701,-83.545799
71MI,42.084385,-83.517015
ID16,43.40349960327149,-114.27300262451172
15IA,42.235396,-90.406767
1OH2,41.24399948120117,-82.86630249023438
6OH1,41.28620147705078,-82.8666000366211
OH86,41.345256,-82.828802
XA09,33.58190155029297,-98.06109619140624
8XS2,33.571436,-98.114133
93XA,33.509594,-98.120211
WA90,48.72268,-122.337914
WT15,48.84246,-122.514315
TT98,33.658808,-96.467672
99TE,33.60580062866211,-96.41560363769533
20TA,33.55998,-96.407704
2XS4,33.661399841308594,-96.40640258789062
65TE,33.568167,-96.397167
60TX,30.034831,-96.263427
61TX,29.972400665283203,-96.30719757080078
TT18,29.948021,-96.37206
9OA9,40.62139892578125,-82.53379821777344
K01M,34.490924,-88.200996
OH38,39.313217,-81.615157
MU26,38.77083,-94.559133
1TN3,35.13970184326172,-86.22219848632812
IL34,42.2145,-88.757004
IL36,42.320899963378906,-88.7583999633789
0LL0,42.265259,-88.727754
NJ09,40.79180145263672,-75.07039642333984
MN98,44.64617,-95.304916
MS10,33.15850067138672,-90.50430297851562
1IS2,39.89640045166016,-88.52230072021484
MN13,47.49610137939453,-94.95279693603516
MY54,47.438301,-94.812202
OG05,43.9900016784668,-121.20600128173828
OR04,44.029598236083984,-121.16500091552734
OR30,44.00320053100586,-121.27200317382812
43OR,44.622655,-122.753742
50OR,44.095813,-120.946823
5OR5,44.03459930419922,-121.11799621582033
8OR5,44.04729843139648,-121.2760009765625
MD14,38.524208,-76.683161
77PN,40.78400039672852,-77.20659637451172
52WA,46.93137,-117.97834
6NE8,40.08689880371094,-101.56900024414062
42V,40.057999,-101.546997
CO02,39.62969970703125,-104.5189971923828
87CO,39.69110107421875,-104.41600036621094
96CO,39.8564,-104.396004
CD09,39.81969833374024,-104.40899658203124
CD14,39.82889938354492,-104.43699645996094
CO41,39.913889,-104.473333
76CO,39.83580017089844,-104.4219970703125
09NE,41.33330154418945,-96.193603515625
08KS,39.034698486328125,-97.58000183105467
00AR,38.968768,-97.602305
8II0,38.85699844360352,-85.10130310058594
NY75,42.848894,-78.445456
0MS8,33.695352,-91.163484
MS37,33.6534,-90.988998
4IL9,40.82749938964844,-89.12079620361328
MN11,45.29999923706055,-95.54499816894533
44AR,34.46125,-92.576806
42KY,36.77640151977539,-88.22229766845703
58AR,36.405833,-94.175277
3MO2,38.685021,-91.338214
WV61,39.46950149536133,-78.23560333251953
IA21,41.956697,-94.086942
1M8,41.8391,-71.026497
4MD1,38.36819839477539,-75.23069763183594
PN98,39.933483,-78.934101
WI55,43.98609924316406,-88.9834976196289
31WN,43.991368,-88.961968
89OI,41.03889846801758,-80.98400115966797
01VA,39.125,-77.9250030518
61VA,39.23540115356445,-78.01190185546875
4NA5,48.28829956054688,-101.8280029296875
6ND9,48.392799377441406,-101.76399993896484
6CO6,40.311886,-105.145833
86CO,40.3135986328125,-105.1449966430664
CD39,40.26499938964844,-105.13700103759766
17CO,40.272258,-105.032625
XA12,30.6947,-98.032799
12TX,30.821253,-98.081024
09ME,43.34080123901367,-70.85469818115234
03PN,41.066861,-76.180806
UT82,37.709999084472656,-113.64600372314452
75K,40.276901,-94.007698
8NK4,42.94329833984375,-78.13829803466797
59OH,38.97529983520508,-84.0342025756836
NR40,35.820833,-77.378889
2OA4,39.931391,-83.908863
5CT5,41.632301330566406,-73.21620178222656
CT01,41.66619873046875,-73.18900299072266
33CT,41.609444,-73.239722
CO22,39.279623,-102.47474
K95D,47.25080108642578,-101.81400299072266
3WI3,44.76520156860352,-89.40730285644531
00WV,38.82889938354492,-79.86609649658203
72KS,39.027183,-97.959355
MT84,47.793368,-114.306591
OK18,36.423401,-95.171097
7Y9,48.19580078125,-93.7667999267578
08AK,61.568743,-149.725757
AK86,61.573539,-149.91135
09AK,61.589361,-149.847333
20AK,61.504079,-149.895591
95AK,61.472911,-149.98245
AA10,61.532891,-149.698768
57AK,61.584332,-149.803772
2AK7,61.538919,-149.972811
63AK,61.58430099487305,-149.93800354003906
9AK7,61.58980178833008,-149.81700134277344
AK95,61.569968,-149.778671
WY19,42.544028,-110.395972
IL38,41.766998,-88.531998
91XA,32.623816,-95.113937
39TN,36.272649,-88.040646
MT94,45.24660110473633,-111.3290023803711
TX31,32.074522,-101.565804
22UT,37.025837,-111.629156
AR13,34.98619842529297,-92.6334991455078
78TA,29.061399459838867,-98.80030059814452
KFOZ,47.783865,-93.65098
93MT,48.10104,-114.089316
CL23,39.459598541259766,-121.6959991455078
00CL,39.427188,-121.763427
60IL,40.840373,-90.805306
3PN0,39.96039962768555,-77.25910186767578
PA51,39.90850067138672,-77.2052001953125
1MT2,45.94309997558594,-108.54900360107422
1MT9,45.789217,-108.689266
MT57,45.733596,-108.674158
MT13,45.676021,-108.570635
MT40,45.787,-108.729
35MT,45.861717,-108.646765
63MT,45.715083,-108.575392
MT56,45.735346,-108.684612
ME08,45.040806,-69.869629
40MN,43.86660003662109,-95.01419830322266
1NK8,42.19169998168945,-75.84130096435547
3NY5,42.02370071411133,-75.95709991455078
4TN1,35.371547,-84.960956
WN98,45.659400939941406,-91.52249908447266
6WI6,45.743247,-91.652658
WI12,45.70660018920898,-91.6249008178711
4KS8,39.592874,-101.5927
5K0,39.74250030517578,-101.55599975585938
PS38,40.28559875488281,-75.74819946289062
K52J,34.244499,-80.236
4MD3,38.439917,-75.159391
KH57,37.758793,-90.616832
MO81,37.668401,-90.611829
16ND,46.696775,-100.596789
TE72,32.898052,-94.162219
2OL2,35.887833,-95.919639
WI66,43.099444,-89.776389
U46,43.432508,-113.055583
CO07,39.85419845581055,-105.47100067138672
VA10,37.28010177612305,-80.30139923095703
6OK6,36.7958984375,-97.3170013428
K3W6,34.542921,-78.778131
98TN,36.1425,-83.604167
4TN0,36.15190124511719,-83.73280334472656
86NE,41.54169845581055,-96.2739028930664
89NE,41.476508,-96.128033
WI49,44.286841,-91.226542
9NJ8,40.89565,-75.00359
66GA,31.474722,-85.002778
OI72,41.521688,-84.721098
K05V,37.411098,-105.552002
8OK1,35.16830062866211,-97.71080017089844
2OK3,35.098644,-97.742605
OL49,35.108343,-97.709225
26XS,30.11409950256348,-98.4614028930664
3TA5,30.122467,-98.374783
50TX,30.137037,-98.524017
TX41,30.09129905700684,-98.3647003173828
TT65,30.031614,-96.418631
NY79,42.59669876098633,-78.34030151367188
MI17,41.781725,-83.864313
44G,41.855598,-83.870796
WI18,45.13330078125,-91.45020294189452
84Y,42.57878,-97.672739
4TE1,32.0794444,-96.7102778
69TX,28.58359909057617,-96.85440063476562
WI56,42.88169860839844,-90.86070251464844
39IL,40.442267,-89.066645
IL57,40.422000885009766,-89.02059936523438
86PN,41.04449844360352,-76.3552017211914
AL29,34.12929916381836,-86.63330078125
VG56,37.80958,-75.615034
2MN4,43.59845,-94.2529
07B,44.448001861572266,-68.5697021484375
3IS3,39.739237,-89.146113
1IS3,39.69556,-89.05953
3IS1,39.702827,-89.209628
57GA,34.86309814453125,-84.393798828125
70TE,33.321666,-96.324058
99XS,33.294014,-96.446889
UT27,40.303794,-110.20875
41TA,32.23731,-97.8707
XA04,32.238323,-97.898775
KC40,40.716702,-85.25
II01,40.75619888305664,-85.25050354003906
05TX,32.128974,-97.404582
87TX,32.110587,-97.356312
80OR,42.36429977416992,-120.96600341796876
85OR,42.404598236083984,-121.04900360107422
61GA,33.30179977416992,-82.17230224609375
56CL,33.591726,-114.605663
70AR,35.994342,-89.997014
38OR,45.69453333,-119.8087556
8AL3,34.1417667,-86.0885667
PA45,41.41669845581055,-76.93299865722656
71TX,29.872699737548828,-98.7322006225586
6TE4,33.440311,-94.927992
07IN,39.57369995117188,-85.91390228271484
58II,39.520901,-85.899544
9VA1,37.405142,-76.388272
14ID,43.670932,-116.211044
31MO,40.105499267578125,-94.74330139160156
01PA,40.36302,-79.165909
7MS7,32.37409,-90.437061
11OR,42.133363,-121.218266
2SD2,43.105801,-98.930397
SD30,43.071905,-98.954982
05IL,41.156700134277344,-88.0167007446289
FA55,30.779699325561523,-85.76830291748047
K1BT,37.919055,-90.57525
3MO7,37.958725,-90.627651
SC05,33.306528,-79.948642
1KS9,39.045601,-94.948996
03PR,39.065931,-94.938417
3IS6,38.222808,-88.883858
TS79,36.324061,-100.396608
TS78,36.391700744628906,-100.46900177001952
4AR7,35.08340072631836,-94.1168975830078
1NK7,43.46670150756836,-75.24960327148438
KI91,38.042059,-87.316054
26NC,36.222900390625,-80.7155990600586
3NC1,36.20539855957031,-80.65840148925781
47NY,42.04499816894531,-77.3499984741211
OR35,45.442505,-122.320204
OR72,45.441893,-122.323619
6OR7,45.452931,-122.31821
57CL,35.001441,-117.61035
WS91,43.20859909057617,-90.6636962890625
NM40,34.540172,-106.7779
68LA,32.329938,-93.518169
GA16,33.724300384521484,-83.56680297851562
GE35,33.731389,-83.469722
OL26,33.900698,-95.836058
AK97,60.4230995178,-146.145996094
KD09,48.830399,-100.417
3U9,46.211601,-112.106003
CO10,39.99470138549805,-105.2239990234375
II95,41.36449813842773,-86.06330108642578
IN11,41.29280090332031,-86.07109832763672
4IN5,41.344200134277344,-86.14830017089844
62AZ,33.860058,-113.929811
7TS9,34.578559,-102.827718
5B4,48.80970001220703,-102.24500274658205
8SD,45.4394,-99.675102
08B,44.0,-69.88710021972656
7ND5,47.35969924926758,-99.62259674072266
67XA,33.518175,-98.144758
1XA1,33.647701263427734,-97.8290023803711
KAPH,38.068631,-77.319318
2KY3,36.83470153808594,-86.45829772949219
6OH4,41.3583984375,-83.55829620361328
6OH6,41.36449813842773,-83.54740142822266
6OH7,41.407008,-83.679939
OH45,41.44704,-83.55731
KBWW,46.165519,-103.30075
9Y0,47.54990005493164,-93.8668975830078
LA10,31.358888,-92.7225
TA87,33.105599,-97.545258
6TS2,33.015861,-97.634876
2MD3,39.229,-77.345333
23VG,36.70970153808594,-78.4281005859375
3VG4,36.734008,-78.408189
SC44,34.12879944,-80.54730225
VG28,36.549,-77.191399
23MT,45.65719985961914,-111.04000091552734
24MT,45.61940002441406,-111.09200286865234
2MT5,45.59410095214844,-111.1520004272461
MT71,45.724098205566406,-111.04299926757812
3MT6,45.634272,-111.11433
21MT,45.747841,-111.072664
CT36,41.564499,-72.197304
67CO,40.46998,-104.813792
TA31,29.430500030517575,-100.25800323486328
0XS7,29.193679,-100.280027
0XS8,29.07695,-100.371609
TE25,29.601894,-100.31725
1XS8,29.63383,-100.375729
2TX3,29.21689987182617,-100.61699676513672
3TA6,29.541900634765625,-100.25299835205078
55XS,29.1663,-100.417999
5XS8,29.50394,-100.295906
74TX,29.28660011291504,-100.43399810791016
75TX,29.509683,-100.37324
1TA8,29.237167,-100.684083
1NA8,46.69049835205078,-100.09500122070312
PS18,41.90370178222656,-78.62750244140625
3IS8,41.2308998108,-89.61569976810001
6PN5,41.907501220703125,-78.62889862060547
XS78,31.388051,-99.099905
94TX,31.437700271606445,-99.31559753417967
92TN,35.650278,-86.107639
MY92,45.72859954833984,-93.28829956054688
78NE,41.16609954833984,-97.03140258789062
MN17,46.27220154,-94.23940277
MN18,46.178199768066406,-94.0886001586914
SC91,33.30649948120117,-80.84819793701172
3AL6,33.4901008605957,-86.4124984741211
4MS0,32.30061,-89.859034
5MS6,32.42300033569336,-90.00769805908203
6MS1,32.4557991027832,-89.9697036743164
MS11,32.208499908447266,-89.94170379638672
6MS6,32.401461,-89.896952
MS20,32.450354,-89.905586
9CO5,38.576698303222656,-102.43699645996094
FL78,27.89859962463379,-82.18260192871094
6PN9,40.886199951200005,-76.153503418
02MD,38.672544,-76.709739
FD16,29.96579933166504,-82.872802734375
FD71,30.04829979,-82.98390198
FL02,29.88940048217773,-82.79869842529297
2FD0,29.9758,-82.907303
FD95,29.974944,-82.925027
06CO,37.385754,-103.691482
OK63,34.629834,-97.815
1OK3,34.5760993958,-97.8141021729
2TE0,28.982200622559,-95.579696655273
LS34,30.30644,-91.85955
LA16,30.244017,-91.868341
LA41,30.310563,-91.939727
LA76,30.226554,-91.898789
69MN,46.278068,-96.427174
11OA,39.64310073852539,-82.466796875
0II2,41.457298278808594,-86.12439727783203
3II8,41.44229888916016,-86.26110076904297
AL30,33.988596,-87.077074
NA75,47.67639923095703,-99.3904037475586
WA96,47.60749816894531,-122.77400207519533
49TE,30.2835278,-96.4596111
9XS9,30.27307,-96.44071
TA17,30.18599,-96.44465
TX04,30.2911944,-96.5268611
NH67,42.97840118408203,-71.0094985961914
4CA2,37.9468994140625,-121.64700317382812
NC16,35.222599029541016,-82.72679901123047
15AR,34.827378,-90.545297
MI23,43.336353,-83.866652
JY17,39.469695,-75.276303
JY31,39.4468002319336,-75.31320190429688
N50,39.408401,-75.237099
NJ84,39.433101654052734,-75.39669799804688
34NJ,39.50342,-75.171193
DE14,38.74399948120117,-75.53489685058594
VA63,38.327565,-79.030328
MI25,41.92229843139648,-86.54560089111328
VT10,43.98139953613281,-73.38569641113281
VT73,43.944861,-73.316833
15TA,30.9367,-97.89932
99XA,30.863976,-98.003712
8CO2,40.67079925537109,-104.20800018310548
9AR1,34.933266,-93.517234
2UT3,41.4921989440918,-112.59100341796876
22CO,39.9580574036,-104.485557556
TN58,35.391700744628906,-89.65650177001953
1TN9,36.504337,-82.183045
81TN,36.5045,-82.15875
CT96,41.709355,-72.971253
WI58,42.52220153808594,-88.02790069580078
WI95,42.577797,-88.01405
WN63,42.53670120239258,-88.00399780273438
04WI,42.523399353,-88.0167007446
K2N2,43.591116,-71.751691
18ME,43.893747,-69.495208
25OI,41.42259979248047,-80.87789916992188
2OA1,41.41510009765625,-80.8843002319336
20OH,41.393744,-80.813375
1OK0,35.894284,-96.279826
OK69,35.796263,-96.428147
OL68,35.866281,-96.366958
9NY7,43.032452,-74.151013
NY64,43.10290145874024,-74.15509796142578
NY66,43.128532,-74.124758
09NC,35.32929992675781,-79.02999877929688
3NK0,43.2030982971,-77.90249633790002
KC37,42.594249,-89.379374
95KY,37.4202995300293,-84.36920166015625
84OL,36.11040115356445,-95.7655029296875
K90F,34.014,-94.758598
KP15,41.8326,-79.361603
II04,40.8838996887207,-87.36920166015625
K02C,43.090222,-88.17816
MU03,39.714315,-93.14018
MS51,31.555692,-90.40287
09IA,41.745441,-92.411547
7WI5,42.88249969482422,-89.40070343017578
WA16,46.79970169067383,-123.54100036621094
GA61,33.269234,-84.497624
73KY,38.03329849243164,-85.80079650878906
OR38,45.079309,-122.92594
7OR7,45.05400085449219,-122.90699768066406
5FD7,28.6117000579834,-82.3678970336914
FA63,28.518556,-82.27614
84ME,45.551929,-67.746085
12OH,39.834773,-84.333486
K6D1,45.5,-95.11280059814452
K55D,43.18049,-82.98355
1NE0,42.327478,-100.424263
60IS,38.40060043334961,-87.98860168457031
9CL7,39.320825,-121.362807
TX40,32.25429916381836,-95.65579986572266
36II,39.84120178222656,-86.34860229492188
38IN,39.902000427246094,-86.36309814453125
WA26,46.411419,-120.634389
9OR0,44.31510162353516,-123.0250015258789
OR94,44.391706,-123.029548
ME03,45.33620071411133,-69.0509033203125
MS80,33.994598388671875,-89.3125991821289
WN90,45.373133,-91.294713
WI10,46.44822,-91.613051
9NE1,41.143293,-101.92651
XA93,28.618546,-99.653755
60A,31.732806,-85.804194
ID42,42.925555,-115.757222
23MO,39.470524,-93.089918
5WA9,45.723899841308594,-122.54399871826172
7WI8,44.780722,-87.602737
TT46,30.804722,-96.431111
13TE,30.6560001373291,-96.53829956054688
83TX,30.6334991455,-96.4835968018
54MI,42.81029891967773,-84.08309936523438
30MI,41.859142,-86.327219
6MI6,41.85279846191406,-86.43609619140625
08VA,37.55400085449219,-79.74980163574219
AK98,65.63870239257812,-167.48599243164062
XA32,30.911500930786133,-97.17130279541016
06TA,30.90850067138672,-97.1168975830078
IS86,41.04169845581055,-88.19170379638672
23VA,37.556894,-78.620181
VG32,37.61429977416992,-78.60359954833984
8VA1,37.544271,-78.586836
8VA4,37.67290115356445,-78.70330047607422
9WA7,47.217382,-122.133036
WN42,47.18379974365234,-122.12000274658205
8K0,37.5458984375,-99.6417999267578
85TX,30.077699661254883,-97.9655990600586
K82A,32.282398,-84.503502
K9D2,45.58060073852539,-103.52999877929688
ND59,46.98749923706055,-97.52950286865234
96OK,36.847124,-99.457392
IA70,43.42580032348633,-93.83580017089844
41CO,39.971195,-107.611082
5ND0,48.07640075683594,-104.03199768066406
3PS9,40.37839889526367,-80.34950256347656
0XS9,32.13169,-95.33959
1AZ8,35.295799255371094,-114.3730010986328
86TX,29.737199783325195,-98.37889862060548
TE59,29.813333,-98.363333
4IS9,39.085899353027344,-89.95890045166016
54II,40.6245002746582,-86.1552963256836
LA77,30.9632,-92.174599
2LA4,30.929100036621094,-92.1792984008789
1NC5,35.93320083618164,-78.34860229492188
55FL,29.466006,-81.342415
LS87,29.331642,-89.476857
LS84,29.44947,-89.62355
NK09,42.405999,-76.820011
4XA5,34.03775,-98.496
8TS1,32.54180145263672,-97.24199676513672
3TX9,32.5275993347168,-97.28079986572266
NR21,36.041042,-79.558417
12ND,48.2952995300293,-101.427001953125
23CD,39.297425,-102.321222
WN51,48.52090072631836,-122.46499633789062
MU09,40.466833,-95.023426
8TN8,35.54169845581055,-89.87139892578125
23KY,37.23080062866211,-88.318603515625
2TA0,30.845165,-98.272914
7W7,40.720001,-86.616096
PS11,40.6453018188,-77.55529785159999
MI88,42.7322998046875,-85.9052963256836
6TN9,36.0614013671875,-87.24720001220703
OR32,43.5922222,-118.773055
81OR,43.24990081787109,-119.875
OK98,35.367566,-99.21945
08KY,36.972599029541016,-84.6260986328125
37NE,40.6077995300293,-96.30780029296876
SN08,37.99169921875,-97.65640258789062
D80,43.321712,-78.726033
TA42,30.260228,-96.597836
KBUB,41.7766990662,-99.14969635010002
62AR,36.457222,-93.859866
2LA8,30.591771,-89.873134
IL15,40.56940078735352,-90.54869842529295
4FA2,28.625752,-82.141351
00FA,28.64550018310547,-82.21900177001953
09FD,28.67110061645508,-82.0873031616211
25FL,28.631901,-82.157799
9FL1,28.6835994720459,-82.15760040283203
OH42,40.54010009765625,-82.393798828125
II02,41.38560104370117,-84.82689666748047
8IN7,39.0452995300293,-85.51529693603516
12XS,34.954448,-91.837991
NA81,47.628299713134766,-97.08650207519533
OR61,45.678398,-123.185997
8CO4,39.670501708984375,-104.13600158691406
CD17,39.905912,-104.122023
CO17,39.713600158691406,-104.19400024414062
5CO4,39.699158,-104.256443
68CO,39.870245,-104.141246
08TS,32.029339,-97.010608
28TT,31.995861,-97.002169
0IN5,38.329378,-86.033431
GA17,32.168800354003906,-83.97350311279297
GE27,32.60219955444336,-83.75420379638672
3AR3,35.059658,-92.082145
3AR4,35.005836,-92.077636
4AR1,35.0411,-92.10008
4AR2,34.910462,-92.006932
04VT,44.4011001587,-72.26360321039999
VT62,44.39039993286133,-72.35060119628906
9OK4,34.116098,-96.311968
XA33,32.95869827270508,-96.26439666748048
18TX,32.95249938964844,-96.22810363769533
24CO,38.05787,-102.926846
5KY5,36.86244,-87.790021
II06,39.970001220703125,-85.4708023071289
CA90,34.514054,-115.518343
74NK,42.327207,-74.063501
63ID,43.636751,-116.765758
7TA5,30.587099075317383,-96.63410186767578
49TA,30.486859,-96.786795
56IL,42.462161,-88.875082
LL90,42.446962,-88.900472
MI93,42.743097,-85.611167
0MO2,37.78670120239258,-90.78009796142578
2MS3,33.612916,-88.368611
61CL,32.672743,-115.561896
CD23,39.19829940795898,-104.3290023803711
K5V4,39.047983,-104.293224
4KY4,37.59249877929688,-87.28109741210938
96KY,37.552652,-87.272544
MS76,33.775443,-89.24478
K37T,36.164501,-92.144501
62CL,35.407172,-118.501072
NJ16,40.749066667,-74.862786111
29KY,38.883619,-84.257711
MO23,38.640581,-92.529229
1NE2,41.32500076293945,-99.91709899902344
91TX,28.396900177001957,-98.36280059814452
47OK,35.58369827270508,-98.04010009765624
58VA,38.59510040283203,-77.64610290527344
OL41,34.908091,-96.24362
5PN8,40.32889938354492,-78.04499816894531
66CA,35.60770034790039,-121.11000061035156
9MN1,45.61159896850586,-93.19740295410156
02MN,45.629736,-93.174972
1MD1,38.569126,-76.286189
3MD8,38.612300872802734,-76.17109680175781
MD04,38.56890106201172,-76.23580169677734
MD82,38.539798736572266,-76.27549743652344
ME70,45.03827,-69.480775
ID77,44.705299377441406,-116.80699920654295
OI98,40.06481,-81.622272
2OA6,40.08649826049805,-81.58820343017578
9OI8,40.031558,-81.465425
OA00,40.117000579833984,-81.57119750976562
OH94,40.021791,-81.482376
PS64,41.829873,-80.072308
KCDN,34.2835998535,-80.56490325930001
9TN2,36.16389846801758,-88.2052993774414
K61A,31.9797,-87.339104
ME14,44.23059844970703,-69.12310028076172
90OI,39.60419845581055,-84.63500213623047
OI89,39.64950180053711,-84.62999725341797
24MO,38.132717,-92.830718
MO27,39.73529815673828,-94.19270324707033
1LS5,29.803300857543945,-93.33460235595705
SC03,33.5570983887,-80.648399353
NY34,42.162200927734375,-77.42749786376953
84NC,35.272724,-79.248548
MT68,45.193345,-111.716805
KCXU,31.21315,-84.235396
8OA5,45.55514,-103.979931
SD33,45.479342,-104.005512
SD76,45.82864,-103.940593
K49C,42.527797,-88.156197
CA62,35.719101,-120.767998
33AZ,34.793156,-112.974472
TE78,29.568700790405277,-99.97450256347656
TS11,33.10710144042969,-95.93000030517578
38TT,33.167819,-95.980372
30NE,40.355803,-98.685817
1WN1,43.668912,-88.19428
94TN,35.296542,-87.111969
01NH,43.6445,-72.086998
K8N4,41.214536,-75.247162
K91F,35.15629959106445,-95.62129974365234
14TT,36.047147,-100.520803
TE04,35.70249938964844,-100.28500366210938
XA96,35.662498474121094,-100.3239974975586
K0C5,43.575666,-85.284182
30NY,42.750099182128906,-77.55809783935547
NY51,42.87009811401367,-74.49929809570312
7OH2,40.900299,-81.533699
OH43,39.83340072631836,-82.73320007324219
D43,42.91949844360352,-77.2427978515625
90NY,42.919508,-77.242778
3NY1,43.155194,-75.785866
44OR,45.2223014831543,-122.72699737548828
XA95,30.14940071105957,-104.68299865722656
AK75,65.907699585,-161.925994873
K9D7,48.48,-99.235901
82PA,40.39670181274414,-80.3052978515625
OK16,34.174143,-96.224122
4OI8,41.057188,-80.755059
7OH5,41.03419876098633,-80.78170013427734
CO19,38.43568,-105.26028
CO61,38.557514,-105.552975
NY07,44.54579925537109,-75.16110229492188
OI58,40.84170150756836,-81.43789672851562
82NR,35.673812,-82.806628
7NJ2,39.48130035400391,-75.4052963256836
7MS4,32.602777,-90.192781
4MS9,32.666,-90.067596
7MS1,32.603484,-89.980216
MS36,32.647256,-89.972541
MS29,32.601944,-89.863889
K7G9,43.308842,-96.571225
TA86,32.60599899291992,-95.93499755859376
TX43,32.5098991394043,-96.00270080566406
80XA,32.487519,-95.954513
TT73,32.541589,-95.947774
15AK,63.371995,-148.846915
63CL,38.71659851074219,-122.13899993896484
4NC5,34.7295,-77.05133
60NC,34.705446,-77.056164
21VA,37.303382,-75.93574
24VA,37.287951,-75.999835
VG09,37.23142,-75.984535
VG30,37.22710037231445,-75.97689819335938
VG33,37.154598236083984,-75.95690155029297
VG39,37.221529,-76.008568
03FL,26.705477,-82.052369
JY04,39.064365,-74.907116
NY69,44.12009811401367,-76.30130004882812
4AZ2,33.702,-105.384003
NM84,33.54449844360352,-105.3759994506836
38WV,39.32529830932617,-78.42559814453125
09LL,42.46810150146485,-88.74320220947266
LL28,42.43280029296875,-88.71720123291016
9PN8,41.6250991821,-75.53299713130001
PA53,41.62699890136719,-75.5281982421875
PA54,41.52230072021485,-75.39600372314453
4CO0,39.389609,-107.163722
XS95,29.256694,-96.987
2MT8,45.8151,-111.9259
0LS5,30.303775,-92.130547
U65,43.30820083618164,-113.93399810791016
95OH,40.97090148925781,-83.45829772949219
25MO,37.18579864501953,-94.55110168457033
MO22,37.19169998168945,-94.54969787597656
W87,42.018101,-83.377197
9NE2,40.29169845581055,-97.72250366210938
8IS1,39.308265,-89.99289
1II3,38.957918,-87.394602
II30,38.912045,-87.406697
6AR5,34.77831,-91.79921
PA55,40.219902,-77.118126
62NM,32.597746,-104.426766
WA20,48.204361,-120.120722
22IS,40.726200103759766,-91.06990051269533
ID50,45.258194,-113.8375
ID89,45.278489,-113.901265
5PA0,39.872849,-79.95533
4PS5,39.920502,-79.948198
27TX,30.119444,-96.712222
K86F,35.12360000610352,-98.57520294189452
33GA,34.2599983215332,-83.28669738769531
WY02,41.073333,-104.410833
CO67,40.764524,-104.929018
KB21,45.085339,-70.216394
FA43,29.810698,-84.588508
OK71,36.503744,-98.008838
13MS,30.63330078125,-89.66390228271484
2XS2,28.2628002167,-100.162002563
TA84,28.354999542236328,-99.93319702148438
XA89,28.20870018,-100.0189972
95TX,28.1924991607666,-100.0719985961914
27GA,33.658193,-85.010195
3KY4,38.67279815673828,-85.18280029296875
OI11,40.63742,-81.112141
6GA8,33.5078010559082,-85.18560028076172
78GA,33.50429916381836,-85.01719665527344
8GA8,33.577301025390625,-85.00299835205078
5GA9,33.60125,-84.914861
97IA,41.25579833984375,-95.47669982910156
NV13,39.28279876708984,-119.8280029296875
47G,43.240898,-84.879997
0PS3,40.49039840698242,-76.7666015625
MO33,37.12919998168945,-94.25379943847656
TN09,36.254401,-85.969525
NK01,43.9995002746582,-75.60489654541016
80MO,37.276536,-94.351897
27MS,32.758235,-89.408718
NR88,35.280564,-79.387797
4IS1,40.465242,-91.229836
IN81,39.75189971923828,-85.55750274658203
5IS9,40.3306007385,-91.0501022339
IL52,40.43920135498047,-91.1439971923828
IS51,40.45140075683594,-91.20379638671876
65CL,36.51440048217773,-119.76399993896484
ID35,44.239327,-116.144629
ID44,44.225297,-116.179508
ID86,44.29779815673828,-115.64099884033205
ID31,44.33145,-116.030683
02ID,44.55550003051758,-115.30500030517578
3MT7,47.267327,-111.71748
9AR9,35.826974,-90.907992
3NC8,35.157902,-83.067047
4OK6,35.840166,-97.671224
OL23,35.833228,-97.70575
KHAD,42.923686,-106.310111
45WY,42.889733,-106.674866
28NY,42.308333,-79.225
MI95,41.84669876098633,-85.8949966430664
PN30,40.26279830932617,-78.10250091552734
1OH3,41.389198303222656,-82.76270294189453
WN24,46.295684,-122.950659
4CO8,39.30690002441406,-104.81600189208984
84CO,39.344239,-104.841906
1VT8,43.665221,-73.166263
19VA,36.88882,-82.300558
TE13,29.40019989013672,-98.8874969482422
KS77,47.84146,-116.25222
99TX,28.30030059814453,-99.56700134277344
0XS0,28.400299072265625,-99.55870056152344
1TE1,28.25029945373535,-99.81700134277344
TS80,28.374943,-100.006131
8PA0,40.866199,-76.3974
WT44,46.177333,-123.385
79WA,46.166444,-123.361977
VA66,38.60760116577149,-77.56939697265625
VG57,38.605701,-77.584702
OL60,36.136379,-95.676318
0NK0,42.33399963378906,-78.79090118408203
NY76,42.31566619873047,-78.89533233642578
9ND8,48.78549957275391,-97.67230224609376
K2C8,48.783798,-97.631897
GE61,34.102514,-85.383909
6AR1,36.277901,-94.196602
34ID,46.570368,-116.341918
SD43,44.23970031738281,-98.04969787597656
WI60,44.832801818847656,-88.46320343017578
OH99,41.204516,-84.496159
MD93,39.375099182128906,-75.90660095214844
28MI,44.8744010925293,-85.7926025390625
AL32,34.322601,-85.6437
UT80,37.63470077514648,-113.15899658203124
8NE2,41.04169845581055,-96.03359985351562
24IA,42.51580047607422,-92.5197982788086
4IA7,42.471337,-92.504539
IA17,42.622064,-92.501033
UT41,40.33940124511719,-111.9990005493164
75WI,43.58890151977539,-87.7843017578125
NC17,34.980051,-76.302308
FA71,29.22800064086914,-82.9437026977539
89IA,42.05139923095703,-91.716796875
5MI1,43.25139999389648,-85.54280090332031
77MI,43.198703,-85.593887
1WN2,43.329200744628906,-87.99729919433594
MU24,36.57170104980469,-93.03679656982422
CO20,38.86249923706055,-107.8209991455078
6CO2,38.960694,-107.958418
7NJ9,39.31819915771485,-75.206298828125
OI73,39.71260070800781,-83.80380249023438
IL23,42.441984,-89.450201
T80,33.3773,-96.728897
79TS,33.31051,-96.73808
23ND,47.08219909667969,-101.26699829101562
ND65,46.98889923095703,-101.35399627685548
K1V8,37.785399,-106.047632
0IA8,42.22800064086914,-91.7509994506836
OH87,40.338962,-82.7723125
2AR5,36.38309860229492,-94.2938995361328
AR03,35.128718,-93.205798
5WA7,45.71842,-120.985246
60WN,45.71965,-121.062623
40WI,44.05830001831055,-91.43070220947266
24TA,31.21319961547852,-95.82749938964844
70TA,31.193503,-95.893731
MO96,37.41619873046875,-90.9635009765625
5G2,40.054199,-78.847
0NK1,43.361698150634766,-76.22019958496094
19NK,43.243900299072266,-76.15280151367188
7GE5,33.35919952392578,-85.11750030517578
WA95,46.718601,-122.911003
AL27,34.1057014465332,-85.56580352783203
MD21,39.11809921264648,-76.09639739990234
94MD,39.088267,-76.130533
FD89,30.82710075378418,-87.3582992553711
06PA,41.995792,-78.288152
88IL,39.942276,-88.733277
MY80,43.52220153808594,-94.5824966430664
8ND5,46.76390075683594,-97.40540313720705
8ND6,46.7127,-97.3909
24ID,44.453611,-113.661944
0II5,40.65950012207031,-86.8572006225586
82LA,29.93239974975586,-89.93280029296875
NM24,36.922244,-106.560173
PA58,39.97499847412109,-77.55780029296875
PN08,40.734413,-79.160056
IL56,40.219462,-88.254182
8NE3,40.482041,-101.807197
PALR,67.5045013428,-148.483001709
II32,38.049198150634766,-87.38140106201172
8OK6,35.814108,-96.874736
IL59,41.43199921,-88.24729919
3NC9,35.878176,-79.086778
TN27,35.671375,-86.721527
30LL,39.75419998168945,-90.36540222167967
8KS8,38.91780090332031,-97.00779724121094
5AL1,31.6807003021,-86.68190002440001
TN77,36.32180023,-87.15070343
6TN1,36.4062,-87.082199
TX70,30.061481,-96.225726
XS68,30.256859,-96.328824
7OH8,41.635771,-81.100724
2LS2,29.872222,-91.543056
2ME3,45.04135,-68.990021
6AR8,35.3300018311,-94.0419006348
MS33,33.980631,-90.166908
II33,38.460899353027344,-87.65499877929688
23MI,45.244612,-85.238953
MI11,42.541542,-84.808964
ME06,45.02790069580078,-67.30940246582031
K49G,42.579007,-84.908947
28AR,35.83330154418945,-91.43329620361328
VT12,44.29119873046875,-73.283203125
02TS,28.662641,-98.723095
66IN,39.78749847412109,-85.63690185546875
VA19,37.95399856567383,-78.36920166015625
MA30,42.10217,-71.969118
0NK2,42.9833984375,-74.01619720458984
VA25,36.76430130004883,-78.3604965209961
1VA8,36.862249,-78.410025
39LA,30.58833333,-92.23055556
69OI,40.95009994506836,-82.92489624023438
1XA8,32.23249816894531,-96.39749908447266
NJ20,39.812599,-74.424599
5NK0,44.0442008972168,-76.14360046386719
44KY,37.352215,-83.342135
K0F7,35.388699,-95.600238
50WA,46.61980056762695,-122.96499633789062
FA99,46.587833,-122.865778
0WA1,46.61709976196289,-122.82599639892578
0WA2,46.589748,-123.105011
OK78,36.559107,-95.431694
AK13,65.0518035889,-146.04699707
11WA,47.523693,-117.469554
WA49,47.50279998779297,-117.64800262451172
WA62,47.470893,-117.419515
WT24,47.523012,-117.537982
WT04,47.516998,-117.534742
0KS7,37.69279861450195,-97.88639831542967
SN13,37.65829849243164,-97.77449798583984
IL63,40.70000076293945,-88.67510223388672
SC61,34.61790084838867,-80.15170288085938
41TX,30.97529,-98.63909
MN21,43.58209,-92.30151
4AR5,35.371502,-90.754243
1NC9,35.450497,-81.426888
MI83,43.137722,-84.045589
50G,43.183399,-84.133301
WV08,38.220557,-81.528844
MD03,39.488391,-75.811531
SC88,35.147301,-81.794268
SC36,35.166904,-81.930007
VT13,43.30009841918945,-72.71759796142578
NE35,40.05830001831055,-97.54119873046876
NH61,42.96810150146485,-71.18119812011719
KB70,48.313703,-111.108126
OK72,36.212716,-98.903291
IN70,41.63359832763672,-87.0270004272461
05MD,39.244232,-76.198661
0MD4,39.26679992675781,-76.18720245361328
MD11,39.277099609375,-76.06269836425781
MD19,39.20320129394531,-76.02490234375
MD63,39.27479934692383,-76.00990295410156
MD66,39.33789825439453,-76.0979995727539
WS13,45.3119010925293,-91.5896987915039
3WN6,45.23899841308594,-91.71189880371094
WY05,41.21720123291016,-104.58399963378906
WY46,41.072778,-104.825653
K93F,35.60749816894531,-99.70469665527344
5CO0,38.829496,-102.30064
AR05,35.21590042114258,-93.30490112304688
GA77,34.872083,-85.250361
6OK2,35.062801361083984,-97.89530181884766
OK60,34.987416,-97.8107833
17OK,35.100344,-97.786225
69XA,33.349769,-97.776797
XA07,33.275001525878906,-97.7166976928711
4CA7,39.67070007324219,-121.88600158691406
87PA,40.92649841308594,-79.73870086669922
FA36,29.512699127197266,-82.87480163574219
51FL,29.39489937,-82.86979675
6FD0,29.56579971313477,-82.86869812011719
73FD,29.510799407958984,-82.86009979248047
79FL,29.55270004272461,-82.86869812011719
69KS,38.669700622558594,-94.74250030517578
VA11,36.807899475097656,-81.70120239257812
K11Y,44.063409,-88.192872
NC29,35.62009811401367,-80.59760284423828
4TA2,31.74225,-97.319861
3T8,31.678800582885746,-97.36280059814452
04TX,31.732779,-97.369326
59AZ,34.736225,-112.449708
3MT4,48.513426,-109.065333
FD94,30.718900680541992,-85.60669708251953
3WN8,44.93560028076172,-91.43070220947266
WI32,44.98730087279999,-91.3303985596
20XS,32.83539962768555,-96.37799835205078
CZO,62.5634994507,-144.669006348
NM51,33.328399658203125,-107.66200256347656
OL32,36.071632,-95.36274
67CA,37.072491,-120.376215
OG06,43.21149826049805,-120.84300231933594
96TX,31.1653995513916,-100.47599792480467
WY29,41.619276,-104.785517
6FD2,28.666900634765625,-81.08450317382812
45TN,36.50669860839844,-82.71170043945312
77TN,36.50920104980469,-82.68170166015625
MD23,39.144798,-76.040497
MD62,39.125,-76.00160217285156
MD91,39.15230178833008,-76.01860046386719
27MD,39.098332,-75.895029
6LA5,30.459717,-92.240512
71LA,30.421204,-92.234197
9IN8,41.22919845581055,-85.35810089111328
19IN,41.284444,-85.360833
1G6,43.181702,-76.1278
18II,40.1199989319,-86.0682983398
3IN9,40.15140151977539,-86.11920166015625
K4U6,47.41859817504883,-105.56199645996094
CHP,65.485496521,-144.610992432
63OH,39.702801,-83.093903
38OI,39.684863,-83.07045
OH95,39.646682,-82.848861
UT42,39.14670181274414,-109.1449966430664
48XA,32.319357,-98.98797
9FD5,29.38660049438477,-82.14289855957031
FD14,29.37529945373535,-82.05809783935547
01AL,32.94599914550781,-86.51390075683594
66MN,44.97719955444336,-95.42279815673828
K11,36.218201,-95.651901
OK20,36.38370132446289,-95.64800262451172
NK19,43.06119918823242,-78.6613998413086
NK87,43.06669998168945,-78.59970092773438
KE34,34.911499,-100.869003
IA05,40.854197,-95.085928
KCAV,42.741901,-93.758904
PS66,41.21149826049805,-79.36090087890625
ID01,48.137957,-116.196681
ID32,48.105499267578125,-116.13700103759766
ID75,48.1259994506836,-116.16500091552734
ID78,48.141602,-116.181999
GA67,34.7681999206543,-83.59290313720703
ID33,46.93600082397461,-115.86499786376952
WV28,39.324306,-80.397627
02CD,34.129600524902344,-90.52400207519533
MS09,34.09639,-90.70412
28NE,41.790278,-97.096944
66KY,37.507598877,-86.2054977417
MT34,46.049224,-111.320906
5FD1,30.431309,-85.290026
74FD,30.463706,-85.179669
KLBR,33.593201,-95.063599
TN23,36.49025,-87.33421
TN53,36.555083,-87.448558
19TN,36.493095,-87.187357
36TN,36.471847,-87.135674
2NR2,34.458754,-78.618627
5TA4,34.90010070800781,-101.31700134277344
57NM,34.08869934082031,-106.11900329589844
K1H1,43.205101,-76.178802
92KY,37.838402,-84.009073
PS67,40.106201171875,-80.43090057373047
68PN,40.186042,-80.480646
37LA,31.72769927978516,-91.58290100097656
28NK,44.186789,-76.075981
KC72,47.978058,-117.526975
GA18,34.832381,-83.409226
23DE,39.312567,-75.728983
ME19,46.617094,-69.523244
82ME,46.59706,-69.78985
5H3,44.77140045166016,-96.68810272216795
2MY4,45.434174,-93.950336
IA38,43.139235,-93.433589
TX46,32.40959930419922,-97.38719940185548
13TX,32.154399,-97.560293
39TT,32.360227,-97.307078
2MD1,38.30435,-76.7288
4MD4,38.340599060058594,-76.73719787597656
ND89,47.05580139160156,-98.50700378417967
NC32,36.025799,-80.436402
OL25,36.401963,-98.452982
21FL,28.50860023498535,-81.80030059814453
GA09,34.451698303222656,-83.7885971069336
0NC8,35.755699,-80.735298
42TT,30.45562,-95.230785
MO98,38.713258,-94.585268
0GE5,34.561798095703125,-83.7135009765625
21GE,34.54970169067383,-83.82219696044922
SC78,35.0906982421875,-82.49539947509766
06TE,30.312700271606445,-95.0269012451172
0TS5,30.4419002532959,-95.1863021850586
0FL9,26.393051,-81.02874
2FA4,26.379499435424805,-80.94560241699219
3PN1,41.62200164794922,-75.59629821777344
3NA0,47.41669845581055,-97.5114974975586
89XA,31.801811,-97.523021
4LL4,40.976448,-87.999365
IL81,40.937026,-88.045958
TX48,31.832222,-97.718889
AZ66,33.340547,-109.494464
12VA,37.78810119628906,-79.7677993774414
MI47,42.220129,-85.36704
GA42,31.072486,-84.394741
MU11,38.220886,-93.0127
MO99,38.117524,-93.073318
TA62,31.55855,-106.203631
IL82,40.109500885,-88.82869720459999
33IL,40.16609954833984,-88.89830017089844
88PA,40.539199829100006,-80.4131011963
0MO0,38.410301208496094,-93.8501968383789
LA83,30.886467,-91.03117
0KY7,36.63610076904297,-88.99859619140625
4LA8,30.70770072937012,-90.87429809570312
MI52,42.090599060058594,-83.96800231933594
MI70,42.071201,-83.883598
37MS,32.389828,-90.350779
39MS,32.406831,-90.382678
3WI6,42.590775,-88.874613
9W9,34.5614013671875,-79.53810119628906
MI05,43.165707,-83.788233
MY94,46.75249862670898,-92.41919708251952
39SC,35.158436,-81.2256
II07,39.532418,-86.832404
IN88,39.514042,-86.764047
CL24,36.84989929199219,-119.51000213623048
NM42,34.415372,-103.134595
69KY,37.327,-86.154755
4XA3,32.253436,-99.498823
NY41,43.11553,-76.91067
PS39,40.628299713134766,-78.96029663085938
08F,34.53179931640625,-96.23310089111328
4OI9,39.10219955444336,-82.61070251464844
38UT,40.877415,-111.376076
OG48,44.195899963378906,-123.072998046875
OR45,44.19710159301758,-123.05599975585938
2WY8,44.40439987182617,-109.28199768066406
WY06,44.838333,-109.623236
15ID,47.68560028076172,-117.03800201416016
6ID1,47.643278,-116.700461
ID43,47.551300048828125,-116.76399993896484
ID65,47.581244,-116.771997
MS54,34.00979995727539,-89.73619842529297
ND90,45.96659851074219,-97.73370361328124
04MT,47.13749777779999,-106.488095
8OH3,41.10789,-80.5246
KU06,42.04579925537109,-110.96600341796876
WY32,42.094206,-110.871545
63WA,47.833209,-117.273645
WA21,47.833889,-117.263611
CT07,41.573393,-72.301318
75XA,30.535835,-95.083707
7MS3,34.710888,-89.719194
4C4,44.8834,-71.499496
88XS,31.600461,-99.41604
5WI8,45.07609939575195,-88.00430297851562
43WI,45.031106,-91.73124
S94,46.8587,-117.414001
K00W,46.672884,-117.441933
ND58,46.548778,-96.78709
PA61,40.16680145263672,-75.44960021972656
TN70,35.022521,-89.702479
54TN,35.013056,-89.721944
01TN,34.99589920043945,-89.73059844970703
MU69,37.86949920654297,-93.6259994506836
8GA5,32.223007,-82.131434
OK93,36.33340072631836,-95.88359832763672
OK94,36.35480117797852,-95.80329895019533
2OH7,39.521125,-84.628292
09OK,36.35449981689453,-95.86389923095705
OK58,36.39730072021485,-95.90499877929688
WS09,44.013301849365234,-89.5248031616211
CO49,37.981528,-104.852504
31CD,37.870856,-104.789057
KCR,63.5676994324,-155.988998413
77CO,38.966362,-104.755997
7AR3,35.1511,-90.815598
9AL6,31.236107,-85.141705
7IS9,38.47639846801758,-90.23619842529295
8N7,40.025101,-76.487198
KI96,37.084681,-85.348661
80SD,45.772675,-98.352894
06TN,35.696962,-86.957767
51TN,35.53310012817383,-86.97689819335938
78VA,37.750831,-78.128137
46VA,37.817467,-78.048547
87NR,35.983562,-76.197927
67NJ,40.969799,-75.066803
5MS3,31.174999237060547,-89.8031005859375
9MS9,31.202544,-89.749755
09IN,41.123265,-85.42496
29IN,41.07538,-85.38557
3IG3,41.17020034790039,-85.42160034179688
PN54,41.837554,-76.745238
27PS,41.856078,-76.828827
MT18,48.287534,-114.183698
VA93,38.90510177612305,-78.65470123291016
05OI,41.28839874267578,-81.96260070800781
9OA8,41.28229904174805,-81.9489974975586
1AL2,33.24860000610352,-86.59750366210938
82OI,40.15420150756836,-83.27490234375
6WN6,43.380001,-89.010696
49MT,45.605715,-109.121281
6NA0,48.99309921264648,-102.73799896240234
D49,48.898602,-102.792
0NM0,31.823898,-107.629924
NM09,31.867300033569336,-107.63600158691406
NM78,31.877899169921875,-107.64600372314452
91IN,39.208581,-85.974884
IL84,40.57640075683594,-91.10289764404295
67CL,39.20100021362305,-122.04900360107422
WA72,48.64469909667969,-117.93800354003906
WA73,48.525001525878906,-117.85299682617188
OK11,34.313904,-98.009261
XS80,29.972556,-98.934637
02GA,34.202598571777344,-83.42900085449219
KC82,41.762501,-89.101501
IL87,41.71110153198242,-89.11229705810547
IL88,41.67499923706055,-89.1167984008789
0WI1,45.5071983337,-92.1418991089
0TE0,29.69300079345703,-101.16200256347656
03NE,41.5463981628418,-99.3311996459961
MD77,39.25979995727539,-77.34140014648438
XS50,27.380468,-98.308134
4NC8,35.422401428222656,-80.62059783935547
NC19,35.391035,-80.57527
NC77,35.4556999206543,-80.57559967041016
70NH,43.264916,-71.548417
GA68,33.11285,-84.450366
GA73,33.16283,-84.445239
GA74,33.04180145263672,-84.41239929199219
GA75,33.08729934692383,-84.40519714355469
1GE5,33.101200103759766,-84.39350128173828
4GA1,33.0447998046875,-84.39830017089844
VA24,37.41429901123047,-78.96420288085938
SD49,45.28215,-98.04755
OR46,45.381186,-120.46992
36OH,40.19029998779297,-81.9739990234375
05OH,40.184513,-81.920564
02OI,41.80199813842773,-80.56539916992188
WA14,46.661219,-118.830858
73II,39.57170104980469,-85.15859985351562
IN12,39.719401,-85.269278
OL37,34.439535,-96.607723
6MD4,39.71939849853516,-76.2083969116211
TT75,30.432556,-95.745825
25TX,30.314318,-95.32706
34XS,30.391944,-95.538611
16XS,30.404367,-95.35985
NK04,43.250099182128906,-75.99960327148438
36OI,41.07310104370117,-84.21269989013672
LA36,30.07980537,-90.8932724
K12A,35.177483,-92.33509
AR88,35.0547981262207,-92.35399627685548
27WA,48.32509994506836,-122.31600189208984
GA80,33.78229904174805,-83.98880004882812
36GA,33.72423,-83.97608
5TN9,36.11389923095703,-85.59500122070312
TN80,36.2333984375,-85.42639923095703
4TN6,36.247183,-85.511583
OK06,35.64780044555664,-94.9499969482422
37AZ,32.93560028076172,-111.48500061035156
16IA,41.879988,-94.777279
7MI7,42.38059997558594,-85.57749938964844
3TS9,33.37929916381836,-95.60359954833984
9WI2,44.287901,-87.796748
3NK8,42.14059829711914,-73.61190032958984
45OR,43.1548,-124.170998
OR50,45.48569869995117,-122.23400115966795
24CL,36.088444,-119.541392
42MN,45.08409881591797,-93.56439971923828
22TE,29.193300247192383,-96.68910217285156
00AZ,34.305599212646484,-112.16500091552734
AK30,60.391153,-146.097464
K1DS,33.386124,-80.906839
MS18,34.77000045776367,-88.60559844970703
40IL,41.006637,-88.658001
6NY1,42.11289978027344,-77.08940124511719
NK12,42.002239,-77.096402
4AR4,36.457011,-90.572065
NM25,34.12139,-105.6777
2NM9,34.198763,-105.165108
26IA,42.373777,-95.765149
TA43,31.04750061035156,-94.85440063476562
D65,43.43344,-98.39879
4XS1,32.1338996887207,-96.52059936523438
6TX6,32.0826,-96.356697
90TE,32.195701599121094,-96.4385986328125
TA05,32.03770065307617,-96.53170013427734
TX51,32.20009994506836,-96.32939910888672
CO27,37.46780014038086,-108.66500091552734
08IL,41.860383,-88.655742
8OH5,41.38199996948242,-80.7123031616211
8OI3,41.3734016418457,-80.66899871826172
81OH,41.324025,-80.792076
OG49,44.42190170288086,-123.25900268554688
OG01,44.61464,-123.234839
OR39,44.65760040283203,-123.21199798583984
OR52,44.4734992980957,-123.3030014038086
OR54,44.5984992980957,-123.20700073242188
4OR4,44.44359970092773,-123.23799896240234
55OR,44.43600082397461,-123.30799865722656
8OR7,44.6271019,-123.2249985
IA18,42.973694,-94.035902
6IA6,40.756833,-93.401503
1II4,38.125099182128906,-86.16220092773438
TT16,32.936733,-98.397447
MN28,44.983001708984375,-94.74810028076172
CD01,38.39830017089844,-105.62000274658205
59WI,43.03390121459961,-89.19259643554688
87WI,43.01940155029297,-89.1854019165039
61AR,36.3083992,-92.53070068
LA48,30.9939,-92.044601
CA04,40.34629821777344,-122.33899688720705
95ID,46.000458,-116.691186
K9K0,38.358075,-96.544545
62KS,38.358632,-96.490988
7TE8,28.210956,-98.833737
TA58,28.3214,-99.449997
XA08,28.157362,-99.095463
2XA1,28.140322,-98.935994
46TA,28.129929,-98.859289
79TA,28.169700622558597,-98.88999938964844
PN15,41.877518,-77.957139
WA15,47.61348,-119.248968
ID17,45.01100158691406,-116.68900299072266
03ID,44.793965,-116.531543
K29,64.89790344240001,-163.70300293
K63,38.676439,-96.572663
WN40,48.19039916992188,-122.64299774169922
5TS2,30.478729,-97.318847
8ND7,47.120664,-98.657833
LA51,32.017444,-93.431792
OG07,45.33359909057617,-117.81999969482422
CT09,41.802898,-72.391701
NY73,42.31809997558594,-75.5990982055664
GA83,33.54679870605469,-83.80549621582031
9GE7,33.531389,-83.791944
07GA,33.674263,-83.764637
8TN9,35.515094,-89.678775
9TN7,35.534400939941406,-89.73500061035156
LS76,30.46269989013672,-90.17009735107422
23LA,30.630199432373047,-90.07949829101562
93OK,35.93450164794922,-95.59140014648438
OL31,35.940357,-95.727607
MO24,40.142799377441406,-95.38829803466795
S89,46.247100830078125,-116.4800033569336
WV63,38.334599,-80.653099
11PN,41.351265,-79.733527
2GE7,34.958099365234375,-84.7791976928711
37GA,34.90039825439453,-84.77850341796875
55GE,34.979764,-84.741926
KY55,45.522102,-88.925087
7OR1,43.4193000793457,-118.57599639892578
TX52,31.79459953308105,-97.7739028930664
TX97,31.76490020751953,-97.79640197753906
AL51,32.416099548339844,-85.29920196533203
50IN,40.058086,-86.79542
41IG,39.972549,-86.997578
0AR2,35.18853,-90.30359
6K3,42.471346,-97.884295
K15A,30.90937,-87.996111
IA32,41.35582,-95.848236
FD44,29.4269444,-81.6041667
16FD,29.405000686645508,-81.49590301513672
2FA5,29.47220039367676,-81.5719985961914
U74,40.41590118408203,-116.56300354003906
NV89,40.502333,-116.546769
K48P,41.148575,-75.27518
KCJJ,43.3652992249,-92.133102417
28FL,29.4419002532959,-81.58309936523438
3XA8,32.514162,-97.594803
TE52,32.5359992980957,-97.5886001586914
1IA4,41.05550003051758,-94.39469909667967
IL93,41.9453010559082,-88.92400360107422
FD03,30.800199508666992,-86.43550109863281
FL81,30.78190040588379,-86.46720123291016
6KY6,38.3606,-85.363098
OR57,43.86869812011719,-123.03399658203124
67KY,38.806389,-84.556944
VA27,36.55989837646485,-80.13780212402344
3D1,45.214199,-88.073196
80TS,31.327699661254883,-95.572998046875
85XS,31.103611,-95.702811
31NE,42.755001068115234,-97.7051010131836
PFCR,62.031757,-158.234251
80ND,48.87860107421875,-103.37000274658205
9TA3,29.87299919128418,-94.9896011352539
1XS1,29.93829917907715,-95.04660034179688
SC37,33.27180099487305,-80.25430297851562
6SC1,33.36920166015625,-80.22329711914062
16SC,34.627473,-81.89903
35FA,29.46789932250977,-82.15879821777344
7TS4,32.056457,-96.045951
4TN2,35.88336,-84.96953
1AK2,62.4009017944336,-146.01300048828125
4MI8,43.24184,-82.58305
2XA0,33.9793014526,-99.7128982544
TT50,34.051014,-99.588683
78OR,43.307899475097656,-117.8939971923828
00LS,30.136299,-92.429398
99LA,30.289400100708008,-92.38899993896484
LA90,30.294544,-92.426177
20LS,30.219711,-92.319794
MY95,45.4463996887207,-93.38279724121094
AZ72,34.241056,-112.362778
IN16,41.41939,-87.4001
87VA,38.08110046386719,-78.69560241699219
3TA8,28.71969985961914,-100.05500030517578
3TA9,28.70859909057617,-100.00700378417967
66TX,28.674972,-100.023234
TA34,28.767302,-100.081329
8TE4,28.815606,-99.761317
K20R,28.697799682617188,-99.81780242919922
39MI,46.16880035400391,-88.17240142822266
K50D,46.009102,-88.273903
2IA9,43.190799713134766,-93.7707977294922
1FA1,28.85580062866211,-82.55259704589844
6MS2,31.983861,-90.335361
NM74,35.087501525878906,-107.56300354003906
02MT,47.980443,-104.70888
13NE,40.31669998168945,-100.80899810791016
NE95,40.229334,-100.856841
7NE8,40.327906,-100.790951
VA28,37.12129974365234,-78.64360046386719
9TN5,35.458176,-86.957338
PN38,40.66260147094727,-79.84559631347656
88VA,38.37419891357422,-77.99189758300781
VA30,38.526798248291016,-77.9563980102539
02VA,38.43569946289063,-77.8572006225586
1II5,41.246644,-86.502614
37II,41.17559814453125,-86.37359619140625
3IN8,41.2047004699707,-86.3458023071289
IN54,41.28369903564453,-86.46279907226562
1W3,39.60480117797852,-78.7605972290039
TA06,33.16120147705078,-95.80580139160156
6GA0,34.132598876953125,-84.19940185546875
8GA0,34.145833,-84.229722
20IA,41.521576,-93.801634
4GA9,34.2422981262207,-84.05709838867188
74KY,36.89870071411133,-88.8467025756836
5OI7,41.59249877929688,-83.37550354003906
47V,40.639987,-100.474547
0PS4,41.009746,-78.561838
OL40,36.043779,-96.63184
9LL2,38.03369903564453,-89.57929992675781
4TE9,29.26409912109375,-99.35060119628906
4TS8,29.375,-99.34200286865234
FD59,28.470277,-82.240916
3FL1,28.45249938964844,-82.20780181884766
5FL0,28.41309928894043,-82.22339630126953
FD53,28.4533,-82.214996
27IS,38.14889907836914,-88.67030334472656
KNDY,38.3325,-77.037201
K8F5,33.148107,-94.700174
NE75,42.400342,-96.431304
WI43,42.94889831542969,-89.82530212402344
25TS,36.094331,-102.417469
37TA,32.880451,-96.761044
39IA,41.67940139770508,-94.02020263671876
PS21,40.64590072631836,-76.81220245361328
1NE6,41.34080123901367,-102.77799987792967
GA72,34.88169860839844,-84.88970184326172
MD01,38.143254,-76.357244
XS21,29.331100463867188,-95.70469665527344
38IL,40.974358,-89.002794
2XA2,29.220399856567383,-95.31089782714844
77XS,29.28720092773437,-95.35970306396484
07TA,29.240519,-95.344658
NK72,42.376029,-76.531938
NK05,42.35480117797852,-76.51609802246094
86TN,36.016459,-83.544073
TT48,35.993441,-83.299907
WI65,43.222198486328125,-89.46820068359375
5WN2,43.2682991027832,-89.4843978881836
8IS5,40.814178,-87.98813
30GE,34.194029,-83.194601
7GA4,32.58100128173828,-83.2677001953125
11IN,39.819183,-86.538234
II35,39.80870056152344,-86.49559783935547
II82,39.7942008972168,-86.57779693603516
IS88,40.14860153198242,-87.69450378417969
4IA4,40.81859970092773,-91.33889770507812
95VA,36.62319946289063,-79.35590362548828
4AL3,30.591805,-87.822583
54AL,30.597517,-87.821419
AL47,30.59495,-87.820918
MT30,45.939855,-114.136899
4MT9,46.030276,-114.184994
GA21,31.461299896240234,-81.33869934082031
08GA,31.425800323486328,-81.28589630126953
05WI,42.651100158691406,-88.74590301513672
21SC,34.347900390625,-79.87999725341797
K6J7,34.282100677490234,-79.92870330810547
12IN,38.11859893798828,-87.64749908447266
TX38,36.37950134277344,-100.34300231933594
34ND,46.705694,-97.157035
80NE,40.281700134277344,-97.8542022705078
17WT,47.828311,-118.13862
38WT,47.771913,-118.160644
NY02,42.487300872802734,-74.78019714355469
68NE,40.99140167236328,-96.61969757080078
K93Y,41.23089981,-97.12290192
14XS,30.808500289916992,-97.2739028930664
69CL,38.615501403808594,-121.74700164794922
12MI,43.052551,-83.48977
K8M7,37.18595,-87.67503
9FD7,30.196482,-83.311646
8OR3,42.93370056152344,-123.12100219726562
TA07,30.0072002411,-94.9669036865
TS35,30.057005,-94.980175
3TE1,29.95159912109375,-94.90440368652344
4TE6,30.063077,-94.948654
MD46,39.2696,-77.005302
OR13,44.502474,-119.371133
49OR,44.593065,-119.563694
ND09,47.19110107421875,-98.16899871826172
WS12,43.26440048217773,-89.32319641113281
IL80,40.108167,-88.683132
TS14,32.108699798583984,-98.48799896240234
FD90,29.16860008239746,-81.26480102539062
WS43,44.355499267578125,-88.05840301513672
9WS2,44.367639,-88.158678
K6E5,44.433033,-97.558207
SD83,44.215599060058594,-97.60749816894533
4KS2,39.01860046386719,-94.95439910888672
IL71,37.819199,-89.152199
21AR,34.717021,-91.539776
MI10,42.86529922485352,-84.70549774169922
AA50,70.181144,-146.35035
PAAD,70.136,-146.290028
4AK1,70.00379943847656,-153.0780029296875
MD22,38.78340148925781,-76.564697265625
K43B,44.726398,-67.9907
13IN,40.814484,-84.927803
II85,40.89619827270508,-85.04910278320312
62TS,33.113458,-97.528053
67TT,33.348893,-97.44461
K5M5,36.343601,-94.444801
5TS4,33.1445999146,-97.6016998291
TS57,33.241798400878906,-97.62110137939452
TX64,33.29930114746094,-97.5272979736328
XA34,33.24169921875,-97.4280014038086
XA98,33.30270004272461,-97.45809936523438
XA99,33.1343994140625,-97.60700225830078
K09T,33.280768,-97.496703
WA18,48.510101318359375,-122.8030014038086
9IN4,38.534407,-87.591714
0IN1,38.5,-87.59590148925781
56G,43.57770156860352,-82.64759826660156
WA52,47.956425,-117.600671
WT21,47.894449,-117.440007
CD13,39.83509826660156,-103.73600006103516
CO18,39.464001,-104.258003
51NH,43.174782,-71.282843
81ND,48.38859939575195,-101.04499816894533
NV04,41.317737,-115.249608
0FD5,30.820199966430664,-86.34439849853516
0FD9,30.652099609375,-86.1093978881836
69FD,30.84469985961914,-86.28140258789062
MS70,32.735361,-88.925679
0IL9,41.853699,-88.786513
IS80,41.917801,-88.789299
0CA0,36.652744,-119.587113
1TS9,29.6753194,-100.897194
8TS8,29.9174,-100.913002
23TS,29.422700881958008,-100.73899841308594
4TE2,29.544099807739254,-100.6729965209961
TA81,29.792017,-100.876851
TS04,29.83580017089844,-100.97799682617188
54XS,29.944988,-100.686307
85FA,29.093122,-81.277635
FD86,29.03030014038086,-81.4469985961914
FL62,28.948601,-81.413101
MN19,45.04729843139648,-93.8364028930664
NY77,42.71810150146485,-74.16349792480469
6NY4,42.700401,-74.155098
65NK,42.7295,-74.164001
6WI3,42.700167,-88.7125
63OI,40.33509826660156,-83.13600158691406
7OH3,40.35279846191406,-83.0510025024414
OI49,40.3838996887207,-83.10690307617188
63LA,29.964099884033203,-91.91210174560548
71CL,39.35269927978516,-122.09400177001952
K0M9,32.410702,-91.498703
LS15,32.296233,-91.540041
0CN1,37.452178,-120.764758
KGDP,31.947599,-105.192001
9SD9,43.80659866333008,-96.70890045166016
SD46,43.83330154418945,-96.85030364990234
4NY4,42.55950164794922,-73.77210235595703
4II0,40.609501,-86.738297
3OH6,40.78329849243164,-84.3677978515625
FD08,26.465401,-80.149803
5CO3,38.703611,-108.063164
CO89,38.77280044555664,-108.04399871826172
NM18,32.216422,-107.499528
NM20,32.252406,-107.561808
NM08,32.262532,-107.393332
NM26,32.100101470947266,-107.822998046875
9XS4,33.7342987061,-96.626701355
58TE,33.721347,-96.638389
OA14,40.426367,-81.3202
TE81,33.30970001220703,-97.0927963256836
2TS0,33.154709,-97.138817
4TA1,33.302395,-97.113181
6MD1,38.842446,-75.915742
9MD9,38.85200119018555,-75.68930053710938
NE40,40.71639,-96.869142
5U0,47.320801,-109.942001
6NC1,35.591767,-81.080421
1TA5,32.94179916381836,-103.0
2OH8,39.7952995300293,-83.22319793701172
44KS,37.610298,-97.162498
SN40,37.523537,-97.202096
1AR2,34.98680114746094,-91.55030059814452
72CL,34.13420104980469,-115.11900329589844
XS86,29.266123,-98.923859
MT02,48.53829956054688,-111.49700164794922
49AR,34.214444,-91.457778
92MI,42.861667,-84.619167
35IA,41.848318,-90.595572
37IA,41.849665,-90.477352
43IA,41.770833,-90.4
7MY9,43.746717,-92.7245
2E8,42.424999,-83.8694
82OR,43.89929962158203,-122.81700134277344
OR08,43.128492,-118.67701
78AR,36.485876,-92.863171
7ND1,47.03609848022461,-102.77799987792967
ND10,46.991308,-102.795222
K65,38.48970031738281,-100.4800033569336
4IA9,42.45830154418945,-92.72239685058594
5TS5,28.6511001587,-99.2886962891
K24R,28.68549919128418,-99.18920135498048
AK21,59.132598876953125,-157.77699279785156
SC89,34.474998474121094,-79.39360046386719
KDLC,34.4491004944,-79.368598938
17IN,38.978401,-85.109703
2PS3,40.015751,-77.042398
VG44,37.581944,-78.357933
7TS8,34.40380096435547,-102.4540023803711
5KS2,39.777744,-95.142261
3S2,44.51409912109375,-70.40679931640625
28ID,45.513484,-115.440288
57MO,38.12849,-92.142679
9KS3,37.793055,-100.008472
3WN1,42.870139,-89.900972
AZ49,35.788866,-114.132097
67OR,45.2336997986,-122.856002808
6IL5,37.38639831542969,-89.160400390625
ID96,44.78519821166992,-116.06700134277344
44ID,44.736942,-116.074158
ID76,44.723606,-116.021987
1IL8,40.93199920654297,-87.59590148925781
83WI,44.97050094604492,-90.34619903564452
2KS4,38.849622,-98.668278
8OH8,41.66809844970703,-80.68560028076172
PN01,40.58810043334961,-79.90589904785156
28CA,36.964044,-120.62994
AZ17,31.502199172973636,-109.39099884033205
0KS9,37.515899658203125,-96.9197998046875
WY01,43.394779,-105.550088
WY07,43.32519912719727,-105.6760025024414
WY27,42.586700439453125,-105.53800201416016
WY66,42.752201080322266,-105.62000274658205
44WY,42.851822,-105.499378
84WY,43.446111,-105.743055
60KS,37.51390075683594,-97.00029754638672
SN52,37.48139954,-97.01200104
70KS,37.581772,-96.94602
0GE0,33.782100677490234,-84.80079650878906
25GA,33.659797,-84.663103
4GA6,33.662328,-84.680122
8V6,37.76390075683594,-108.88899993896484
35OK,36.0539972,-97.8423583
8TN7,36.401967,-87.992018
66NC,35.174400329589844,-77.48359680175781
01IS,39.01620101928711,-90.31819915771484
2TN8,36.018001556396484,-85.93599700927734
PA70,40.09180068969727,-75.71080017089844
65KS,39.507833,-98.586167
PS68,40.332298278808594,-75.03040313720703
3MD6,38.18899917602539,-76.4468994140625
9ND1,48.64799880981445,-97.26840209960938
D29,48.61859893798828,-97.1759033203125
OA85,40.13650131225586,-81.99369812011719
3TN3,36.264622,-88.755541
TN48,36.2775993347168,-88.65370178222656
MU62,38.56330108642578,-94.59110260009766
5MU5,38.508979,-94.484349
14TX,30.2894,-98.173897
5TE2,30.22520065307617,-98.14199829101562
5TE3,30.275084,-98.122689
OK99,36.285449,-98.022917
2MT9,46.523083,-112.9897
5PA2,41.034883,-76.02185
44LA,30.647761,-93.056785
19KY,38.706482,-84.600217
CA71,38.439775,-120.887933
3NY6,42.84120178222656,-74.17870330810547
8NY5,42.819052,-74.14644
4MD6,39.625,-76.26249694824219
17XS,32.17779922485352,-98.43499755859376
PS46,40.362300872802734,-75.1801986694336
TE02,31.988565,-98.223067
NC82,34.67084,-78.700304
23GE,32.383056,-83.1
GE26,32.381667,-83.059722
WY30,43.3754997253418,-110.11000061035156
IA54,42.50175,-90.84218
2UT2,37.52080154418945,-112.64199829101562
K01U,38.849785,-115.634987
MO54,36.783451,-90.088859
96FA,27.521364,-82.080537
K24N,36.82849884033203,-106.88400268554688
OK97,34.53340148925781,-97.76699829101562
OK67,34.547095,-97.909616
OK90,34.446206,-98.115042
5PS5,40.39680099487305,-77.0740966796875
38NY,42.54869842529297,-76.95800018310547
58FD,28.01420021057129,-81.54060363769531
MS92,34.513914,-90.378677
6IA5,42.61669921875,-92.21690368652344
77CL,36.71770095825195,-119.13700103759766
TN45,35.451066,-85.314181
3TN4,35.336578,-85.419138
NC22,35.227500915527344,-78.5551986694336
37ND,47.23199844360352,-102.50900268554688
10FD,29.00659942626953,-82.40460205078125
66FD,29.004012,-82.554531
32NE,41.7210998535,-100.087997437
9MI4,42.890722,-83.932223
WI25,44.53889846801758,-92.01409912109376
WN99,44.65719985961914,-91.80860137939452
WI74,44.667861,-91.891111
47IS,42.49169921875,-89.35690307617188
IS71,42.45918,-89.199442
2IL1,42.413898468,-89.32929992679999
CD82,37.337799072265625,-107.85199737548828
CT39,41.468575,-72.708857
ME75,43.953999,-70.141403
PA71,41.52090072631836,-76.46219635009766
LS21,30.266397,-92.185212
K5U1,47.847198486328125,-111.697998046875
08LL,41.074423,-88.488693
2IL2,41.055176,-88.462375
61IS,41.054798,-88.387299
IL51,41.038335,-88.334971
IA8,42.496105,-91.179859
K9V7,38.478479,-102.810869
TN18,35.20429992675781,-89.66670227050781
4TN4,35.189998626708984,-89.63860321044922
8TN1,35.1963996887207,-89.62689971923828
SD47,45.00279998779297,-101.21299743652344
5TE7,29.71940040588379,-96.30940246582033
MN08,44.12649917602539,-93.8718032836914
56TE,28.71335,-100.453981
OG31,42.608674,-122.82951
26OG,42.462999,-122.734909
89OR,42.597900390625,-122.71299743652344
47AK,61.29249954223633,-149.5330047607422
79VG,37.663873,-79.810749
44VA,37.731201171875,-79.81120300292969
MU98,36.5180556,-93.6836111
95MO,36.555645,-93.743955
50M,35.6894,-86.614998
9TN1,35.72999954223633,-86.53780364990234
TN07,35.687198638916016,-86.60639953613281
TN14,35.689701080322266,-86.63580322265625
6OK8,35.359500885009766,-98.57119750976562
II08,40.6609001159668,-87.439697265625
63AR,35.246592,-90.461518
C94,41.567001,-88.947899
IL99,41.59280014038086,-88.96730041503906
06IL,41.5994987487793,-88.86990356445312
IL55,41.535651,-88.99904
81TE,31.719944,-98.901042
SC86,34.861826,-82.58145
PA72,39.95869827270508,-76.9708023071289
48NY,42.895893,-77.397132
PN02,40.98479843139648,-79.56639862060547
9GA8,32.693599700927734,-82.8989028930664
2MN0,48.08209991455078,-97.01629638671876
MN81,47.98889923095703,-97.03119659423828
CT11,41.444,-72.338997
MT46,46.547292,-111.889722
MT63,46.584451,-111.778535
42NY,42.66899871826172,-76.05619812011719
MI24,45.141701,-85.006699
CT13,41.874482,-71.819472
9OI5,40.308101654052734,-83.54170227050781
OI38,40.308435,-83.613545
87MO,38.69609832763672,-94.25800323486328
2IL3,41.5159,-90.379601
55OI,40.858699798583984,-80.5353012084961
NY16,43.0984001159668,-77.18190002441406
MO57,36.70700073242188,-89.4666976928711
PA73,39.97949981689453,-76.53610229492188
NY82,42.58060073852539,-73.61620330810547
6ME6,44.353332,-70.395
35WI,42.745601654052734,-88.4375991821289
WI69,42.806358,-88.334885
CT85,41.88980102539063,-72.61509704589844
CT14,41.866798400878906,-72.61620330810547
5CT0,41.910400390625,-72.06809997558594
5CT6,41.91949844360352,-72.11840057373047
69MU,39.764236,-94.627361
1KS2,39.31399917602539,-95.07160186767578
88MD,38.804372,-75.953413
56ME,46.626398,-67.843934
MD28,38.80929946899414,-75.99220275878906
WA35,48.62229919433594,-122.9469985961914
WA39,48.650361,-122.953586
CO48,40.512201,-104.651256
04MI,42.53450012207031,-84.62830352783203
K60G,42.583836,-84.651547
9GA9,33.218101501464844,-83.31719970703125
32GA,33.454201,-83.277802
4WI5,44.72359848022461,-91.45989990234376
53WI,44.742138,-91.58536
9G8,40.461201,-78.7752
FD35,30.49049949645996,-85.83940124511719
OL02,45.66529846191406,-119.38600158691406
OR92,45.752743,-119.383403
6CO0,38.852236,-108.017833
63MS,34.338933,-89.002406
6TE0,26.29030036926269,-97.94940185546876
TS29,31.2945995331,-97.2969970703
99IA,41.21659851074219,-92.77799987792967
61WI,43.70830154418945,-88.28569793701172
16NC,36.19609832763672,-76.66529846191406
51D,46.351198,-98.737165
6SD4,43.167199,-103.90975
58C,42.87279891967773,-89.07569885253906
05MO,40.172019,-92.212508
0MO5,40.133399963378906,-92.1001968383789
PA02,41.85073,-80.11964
1F2,43.225101,-74.114899
49XA,26.444628,-98.096628
89VA,38.52230072021485,-78.52420043945312
VA32,38.804298400878906,-78.5719985961914
6TE1,26.361499786376957,-98.15249633789062
03ND,48.62639999389648,-97.8290023803711
GA48,31.586111,-84.790556
33OK,35.7432903732,-97.4055790901
7OK1,35.742167,-97.361257
6TE3,28.94890022277832,-96.54969787597656
6TE5,28.98080062866211,-96.62190246582033
81TS,31.936408,-98.3456028
MS24,32.24679946899414,-90.5822982788086
2VA1,37.89599990844727,-76.3552017211914
80LA,31.218114,-92.174134
IL05,39.192007,-88.670287
SC55,33.008878,-81.048203
SC69,33.120601654052734,-80.95079803466797
16PA,40.18059921264648,-80.12760162353516
MT05,45.66809844970703,-104.7030029296875
MT45,45.90890121459961,-104.57599639892578
KKU,58.8111991882,-158.559005737
7TE6,29.200300216674805,-96.5543975830078
8TE8,29.162613,-96.226655
2TE4,29.17919921875,-96.32270050048828
68TE,29.19610023498535,-96.4918975830078
78XS,29.052999,-96.262199
0XS1,29.28779983520508,-96.34970092773438
TS96,29.26689910888672,-96.32520294189452
9K6,37.80039978027344,-96.79900360107422
SN58,37.869998931884766,-96.64669799804688
2MO8,37.872604,-93.990993
99CL,34.62438,-117.600702
1IL0,40.775001525878906,-89.0010986328125
8OK2,35.475101470947266,-97.92890167236328
60AS,34.37624,-90.931404
91AS,34.144241,-90.992268
AS91,34.292615,-90.995744
7AR7,34.317812,-90.857025
WI00,44.8739013671875,-89.23069763183594
4CO7,39.220351,-104.680738
CO39,39.230595,-104.470936
7AL9,30.46689987182617,-87.5416030883789
AL55,30.433936,-87.457211
NY19,43.04399871826172,-76.46189880371094
2MD5,39.4079444,-76.9275556
6TA0,30.79898,-100.33455
NA32,46.89860153198242,-98.85870361328124
NA84,46.80049896240234,-99.00509643554688
Y71,46.3828010559082,-101.84500122070312
NE44,41.990848,-98.08005
LL53,42.008617,-88.457773
62TA,30.32317,-97.3121
12SC,34.14139938354492,-80.74669647216797
1XS2,30.384228,-97.426285
OK03,34.778494,-98.273123
OL29,34.762553,-98.446657
WA93,48.652496,-122.585959
LS46,30.858517,-92.81235
8CO9,39.344398498535,-104.58100128174
9CO6,39.28129959106445,-104.572998046875
CD45,39.32329940795898,-104.572998046875
CO42,39.33470153808594,-104.5459976196289
2CD6,39.39485,-104.547033
8CD4,39.258742,-104.63475
3CO7,39.33250045776367,-104.56600189208984
1IN4,38.143383,-85.985141
79NR,36.367439,-76.299377
1NC3,36.180999,-76.150332
NC28,36.200215,-76.234252
3NR4,36.281394,-76.336688
17NC,34.46630096435547,-78.32859802246094
0PS7,40.522396,-76.846297
34PA,40.54716,-76.83973
WN04,47.99987,-117.263577
05ID,45.914101,-114.835999
9ID6,45.613302,-115.324779
05KS,37.26620101928711,-95.95919799804688
90CL,39.571225,-122.607513
8CL2,38.42350006103516,-121.22699737548828
CL04,38.41070175170898,-121.23500061035156
WI05,44.80830001831055,-91.68440246582033
34U,44.838902,-85.431198
MN40,45.36249923706055,-93.5886001586914
ID85,46.78739929199219,-116.16799926757812
I27,42.846900939941406,-91.38069915771484
PA19,41.69729995727539,-75.59490203857422
IA77,41.787253,-93.512406
KEHA,37.000702,-101.879997
41WI,42.73860168457031,-88.57980346679688
WI70,42.705524,-88.640227
86WI,42.6594,-88.43036
WV70,38.956199645996094,-79.7886962890625
MU63,37.435001373291016,-93.06680297851562
PA75,41.9650993347168,-77.31580352783203
MN15,44.623373,-93.401234
K08U,41.515701,-115.860001
NV22,40.31269836425781,-115.89700317382812
94OR,43.530701,-123.549004
5KY4,36.801828,-87.176428
10KY,36.759306,-87.09375
93MD,39.561833,-75.834833
5FL4,29.800800323486328,-81.50090026855469
WA37,46.910674,-120.436776
WN64,46.97430038452149,-120.46199798583984
96VE,46.907024,-120.43303
WT01,46.949167,-120.481111
6FD7,27.5442008972168,-82.53009796142578
KN26,35.1332,-79.6313
93MO,37.203261,-91.1233
CT15,41.94540023803711,-72.47760009765625
0MU0,37.23469924926758,-91.09359741210938
1K6,38.37329864501953,-98.59510040283205
03IA,41.141411,-95.194381
8WN8,45.23509979248047,-87.06749725341797
1MT3,46.557668,-112.414399
72ME,44.635278,-68.6325
81ME,44.619892,-68.594611
84WA,46.969535,-123.386024
WN65,46.97523,-123.476737
2TX1,29.22865,-98.384046
04NJ,39.5968017578,-75.2334976196
7NJ7,39.571458,-75.214891
MI30,44.958035,-84.958859
2IS3,41.17169952392578,-89.80680084228516
33OR,44.06370162963867,-123.39099884033205
51KS,38.637001037597656,-97.2136001586914
9OH1,41.455174,-83.264798
9OH2,41.51559829711914,-83.30580139160156
0OK1,34.65700149536133,-97.40170288085938
8NE4,40.87080001831055,-96.29199981689452
TN68,36.168199,-85.88719
71NC,36.263961,-79.450216
AZ04,32.660811,-111.681486
K60C,43.70640182495117,-90.25759887695312
0MO8,39.14059829711914,-90.73680114746094
KC57,43.095701,-84.349643
98LS,30.434651,-92.721745
68R,43.399502,-84.800797
NV99,39.036757,-114.82994
OI22,41.33390045166016,-82.10260009765625
75MN,44.18659973144531,-93.71410369873048
85WI,45.04439926147461,-92.29280090332033
04ID,43.877015,-116.538365
ID63,43.885349,-116.648967
29ID,43.887222,-116.654722
47ID,43.914218,-116.704722
57KS,39.315047,-95.993467
2E2,42.95159912109375,-82.7759017944336
MD12,39.63639831542969,-77.29280090332031
67TX,32.911365,-95.738833
KY87,44.791397,-86.003208
18NV,40.580025,-119.35087
15KS,38.43059921264648,-96.08830261230467
9TS3,28.08591,-99.62058
TE29,28.069664,-99.568771
XA66,28.075000762939453,-99.2863998413086
8TS9,28.140694,-99.566584
2TA8,26.85840034,-98.22200012
ND47,46.64080047607422,-97.55110168457033
76NC,36.1599006652832,-77.62470245361328
NC45,36.21720123291016,-77.63749694824219
LL13,38.04859924316406,-88.30059814453125
17AR,34.5531005859375,-92.09140014648438
1AR1,34.527793,-91.872427
IN80,38.3213996887207,-86.49079895019531
SD98,44.462501525878906,-102.552001953125
47MT,45.316009,-111.761389
TE40,32.407765,-96.61095
PN11,40.88980102539063,-80.48650360107422
05OR,45.44428,-117.34722
OR64,45.96379852294922,-117.23500061035156
KO62,45.724117,-117.077375
1KS4,38.900001525878906,-97.11699676513672
WN76,47.243799,-121.924317
WN87,47.20859909057617,-122.09300231933594
MO35,39.212799072265625,-90.91739654541016
3NY7,42.984398,-74.519083
TE39,33.443199157714844,-97.27339935302734
TX39,33.47719955444336,-97.25060272216795
TX94,33.4529,-97.276703
OL46,35.295797,-99.92511
O13,35.20050048828125,-99.89769744873048
8NE5,41.790559,-98.727867
38ND,47.09799957275391,-97.40119934082033
K03G,42.020493,-80.071034
NK54,42.176700592041016,-76.64109802246094
76MN,47.596401,-96.021698
MN42,47.661201,-95.94551
PA77,40.500099182128906,-75.06629943847656
66LA,30.510499954223636,-91.39230346679688
2NA7,48.02830123901367,-99.6165008544922
NA33,48.0010986328125,-99.9260025024414
IS15,42.032501220703125,-88.90260314941406
CA34,38.653343,-122.028258
NY05,42.78150177001953,-74.32569885253906
7NY1,42.76340103149414,-74.27850341796875
41NY,44.31240081787109,-73.38490295410156
II31,41.18790054321289,-88.16709899902344
OR65,45.354759,-122.347068
OR66,45.317711,-122.363205
OR76,45.335037,-122.409505
E92,34.76340103149414,-106.04100036621094
19ME,47.44472,-69.154687
1FD4,26.44540023803711,-81.6072998046875
38IA,43.425674,-94.658718
02SC,32.760211,-81.225872
TN67,35.24789810180664,-86.12860107421875
06MT,48.558696,-112.117095
32WY,43.080301,-111.031936
33WY,43.045926,-110.991236
4GA4,34.84669876098633,-84.75469970703125
45MN,47.92610168457031,-96.61419677734376
MY59,47.9015998840332,-96.61229705810548
7AR1,33.0499992371,-91.3415985107
52KS,38.90280151367188,-95.1322021484375
OK04,35.30939865112305,-95.80829620361328
02GE,34.17530059814453,-84.92440032958984
91LA,30.53459930419922,-92.36740112304688
LA57,30.399099,-92.408997
LA65,30.496716,-92.38715
LA03,30.435132,-92.333769
LS88,30.449677,-92.326258
61KS,37.908468,-96.437487
WI73,44.0,-88.8333969116211
2Z2,65.1759033203125,-150.2209930419922
7AR0,36.4245,-93.6936
AR08,36.31529998779297,-93.6666030883789
18AR,36.339439,-93.825036
6FD6,28.905000686645508,-81.43309783935547
K3A7,32.820346,-87.865065
2Z3,64.04199981689453,-148.86300659179688
4NK3,42.669911,-78.96831
PN16,40.758399963378906,-80.01370239257812
II89,38.086608,-87.682089
IN36,38.03559875488281,-87.7240982055664
5IS3,38.078399658203125,-89.97959899902344
3EV,38.0117,-87.594704
76WA,48.00510025024414,-122.13400268554688
96WA,47.89810180664063,-122.15599822998048
9FL7,25.860072,-81.034727
CO52,39.58330154418945,-105.3030014038086
00TS,32.607601165771484,-97.24199676513672
4WA8,48.835924,-122.265294
7WA3,48.88610076904297,-122.3290023803711
5WA2,48.887147,-122.290566
NE73,42.184957,-98.4191
26WI,45.699100494384766,-91.30349731445312
CN63,36.243,-119.150002
3PN9,40.444399,-79.558053
MY37,43.981803,-92.245942
4NK4,42.82720184326172,-76.02580261230469
89NC,34.26639938354492,-79.02359771728516
0MU9,37.337894,-93.164084
MO15,37.37176,-93.143055
MO14,37.422778,-93.208611
MO68,37.40530014038086,-93.09960174560548
MI15,42.72919845581055,-82.66519927978516
31AK,64.83453,-147.437024
32AK,64.909078,-147.908047
83AK,65.25650024414062,-148.8300018310547
AK22,64.821984,-147.522891
AK52,64.88890075683594,-147.53599548339844
PAAN,64.198328,-147.929492
25AA,64.928467,-147.879778
4IL2,40.809941,-88.539584
26IS,40.766700744628906,-88.50559997558594
MO58,36.65840148925781,-90.6404037475586
K7S1,32.9986,-81.208343
W73,39.75699996948242,-77.35140228271484
2TA6,31.862699508666992,-96.19750213623048
ME20,44.59920120239258,-69.6239013671875
33ID,43.379362,-114.769444
ID70,43.395147,-114.825325
40ID,43.314031,-114.905598
32ID,43.366217,-114.99109
57IS,38.31669998168945,-88.27230072021484
VA65,37.8625,-79.35736
7TA4,31.759515,-96.054536
FA09,29.34079933166504,-82.26370239257812
23NR,35.560934,-76.232415
K5U5,47.629101,-111.980003
0NE6,40.43330001831055,-98.0706024169922
3PN2,39.75899887084961,-77.34750366210938
AL78,30.526899337768555,-87.85420227050781
69OK,36.71578,-94.85152
WV65,39.449036,-80.011775
KFMZ,40.586102,-97.573097
71TS,31.218655,-93.701897
5IS7,40.03889846801758,-87.78170013427734
64IN,40.43479919433594,-85.62550354003906
22GA,34.429298,-85.054398
9NJ6,39.36640167236328,-75.26830291748047
5U6,47.86109924316406,-104.072998046875
2MI4,44.71394,-84.067251
PN18,42.02730178833008,-80.24369812011719
1SD4,44.86669921875,-102.41699981689452
KD07,45.03609848022461,-102.0199966430664
SD48,45.20000076293945,-102.6500015258789
CO54,38.98329925537109,-104.63400268554688
7TE2,27.105899810791016,-98.20580291748048
26NV,39.4534262223,-118.866330385
78ME,43.753056,-70.259167
7TE0,29.913799285888672,-94.20819854736328
PAFL,62.532191,-153.612809
GA25,30.69129943847656,-82.56759643554688
2MY5,44.214125,-93.326139
IS26,40.1833992004,-88.61530303960001
IN57,39.2614,-87.421153
70IL,39.423464,-89.565696
OH59,39.695991,-84.448178
8TA5,33.16320037841797,-96.32219696044922
0TX7,33.092944,-96.390028
6XS3,33.13850021362305,-96.385498046875
69MY,44.66109848022461,-93.1001968383789
MN45,44.56610107421875,-93.1322021484375
MY97,44.599141,-93.127585
2DE2,38.85499954223633,-75.57219696044922
74NY,43.00559997558594,-77.29139709472656
NM31,36.777564,-108.173884
MU65,37.76950073242188,-90.4656982421875
N08,35.55670166015625,-77.56060028076172
05VA,37.22420120239258,-78.4186019897461
8TN3,35.84170150756836,-84.18109893798828
4MI7,43.812714,-84.813552
61MU,39.58819961547852,-94.78379821777344
9MO3,39.641700744628906,-94.8135986328125
1OA5,39.21950149536133,-83.95269775390625
WV59,38.026798248291016,-81.11979675292969
23WV,38.025833,-80.982778
WV95,38.126667,-81.079722
GA90,33.451329,-84.408624
GA92,33.52123,-84.510211
GA94,33.491501,-84.489403
GA95,33.526199,-84.502197
08TN,35.298914,-86.474357
67AR,36.0978012085,-94.3075027466
AR35,36.086700439453125,-94.1052017211914
47NC,35.13809967041016,-78.82279968261719
6NC3,35.08639907836914,-78.77220153808594
19GA,33.424039,-84.498367
8NC4,35.729455,-79.313121
3Z1,64.83170318603516,-166.1320037841797
0ID0,43.60639953613281,-115.10700225830078
23ID,43.648265,-114.9046972
5MD4,38.657172,-75.721508
00MD,38.75709915161133,-75.75379943847656
7MD1,38.703399658203125,-75.85099792480469
2OA7,38.85139847,-84.10559845
4FL3,27.740214,-80.666792
DE00,39.02069854736328,-75.57710266113281
DE32,38.97499847412109,-75.61669921875
2DE3,39.002044,-75.682175
MY64,47.03110122680664,-96.60230255126952
MY98,47.045501708984375,-96.66560363769533
NM91,34.62229919,-108.7900009
8WI8,42.97669982910156,-90.64820098876952
MI76,42.54732,-86.21729
FL84,30.60110092163086,-81.57039642333984
WA88,48.892437,-122.561277
1LS8,31.684198,-91.501001
D24,47.659698486328125,-99.66100311279295
42MO,38.12310028076172,-90.38899993896484
74CA,38.467604,-120.803483
OR09,42.33560180664063,-118.25800323486328
2OG4,42.331487,-118.650614
MI60,44.591400146484375,-85.31079864501953
27ID,42.582954,-114.55003
0ID1,42.64120101928711,-114.6050033569336
28IS,39.194801330566406,-89.31179809570312
4II3,39.73640060424805,-86.72969818115234
VA04,37.49209976196289,-79.92870330810547
VA83,37.52239990234375,-79.85199737548828
33IS,39.54449844360352,-88.75759887695312
35IS,39.52840042114258,-88.76399993896484
27OH,40.94670104980469,-83.67990112304688
9OH7,40.961700439453125,-83.59519958496094
9OH8,40.97639846801758,-83.6416015625
OH98,41.033333,-83.687777
MD95,39.48199844360352,-76.88159942626953
G05,40.24589920043945,-80.01229858398438
CN22,36.706512,-120.860132
30WI,45.192562,-87.359333
48AR,35.484715,-90.841119
2WN7,43.94869995117188,-88.67320251464844
62IS,40.087501525878906,-87.90750122070312
5CA7,36.334538,-120.247532
CO00,39.27999877929688,-103.06700134277344
FLT,62.4525985718,-157.988998413
4AL7,34.74470138549805,-85.6897964477539
2TE5,29.69510078430176,-97.16329956054688
PA82,41.60010147094727,-75.68299865722656
60NJ,40.46680068969727,-74.83290100097656
NJ47,40.51679992675781,-74.88289642333984
NJ50,40.4807014465,-74.96179962160001
14MO,37.834469,-93.375339
4NC6,35.441363,-82.482223
NC67,35.467778,-82.4525
PS69,40.72700119018555,-78.53949737548828
45AR,36.3671989441,-92.6401977539
0AL5,31.03219985961914,-87.25279998779297
3MS3,32.5159,-90.351196
3MS6,32.554298400878906,-90.30290222167967
MS42,32.52040100097656,-90.32369995117188
0ND0,47.92919921875,-99.40039825439452
05FA,30.91889953613281,-86.21829986572266
MS58,32.165401458740234,-90.04399871826172
MT66,46.62493,-113.9359
0AL9,34.850546,-87.633513
81XA,30.885982,-97.72024
42SC,34.162866,-79.666066
TT05,29.191361,-98.255124
TS47,29.216212,-98.120967
82XS,29.10269927978516,-98.2166976928711
8TE1,29.01799964904785,-98.20670318603516
1TE7,29.116503,-98.367035
17XA,28.989444,-98.305278
30GA,33.282886,-83.901367
0TX5,33.023382,-97.120589
GA01,34.176624,-83.936177
MS90,32.315601,-90.1436
85IA,43.1786003112793,-92.69740295410156
TA08,33.149600982666016,-96.2739028930664
VA06,36.99430084228516,-80.45449829101562
09VA,36.97650146484375,-80.493896484375
MI18,43.099518,-83.837271
2MN9,45.82440185546875,-93.99530029296876
02AL,30.37150001525879,-87.76439666748047
0AL1,30.44389915466309,-87.65689849853516
3J6,30.797501,-82.027603
KT93,36.440799713134766,-100.1240005493164
LA26,30.66110038757324,-90.2332992553711
3LS8,30.651296,-90.114369
7WI9,43.829683,-88.326617
7WA4,47.85749816894531,-117.77999877929688
ND14,48.23469924926758,-97.8018035888672
69NC,35.433401,-81.846012
18PA,40.30009841918945,-75.08290100097656
06OR,45.4650993347168,-123.08000183105467
07LA,31.053,-92.632875
MD31,39.5801010131836,-76.37470245361328
64XA,33.581456,-97.549265
OK39,36.96670150756836,-100.31700134277344
66MO,38.83200073242188,-90.95120239257812
MO36,38.83200073242188,-90.92510223388672
TA18,32.70709991455078,-96.47940063476562
01TE,32.737598,-96.428001
GA76,33.15489959716797,-83.8988037109375
1WI9,42.910672,-88.8694
47WI,42.89073,-88.808609
WS49,42.906551,-88.871562
75NE,41.44580078125,-95.95670318603516
KAZU,35.277997,-94.224336
CO53,40.63470077514648,-104.99099731445312
CO55,40.597198486328125,-105.1439971923828
2CD9,40.6814,-105.13855
65CO,40.52076,-104.966707
6CO4,40.51029968261719,-105.0009994506836
XS44,31.015301,-104.211998
FL75,27.54199981689453,-80.83309936523438
16NY,43.251894,-73.563155
ME00,46.764354,-67.847421
79GA,31.491298,-85.017078
9PA7,39.77280044555664,-79.21109771728516
OH60,40.95370101928711,-84.27359771728516
NY87,42.96260070800781,-74.25370025634766
K7ME,47.204206,-68.579212
CO09,40.042222,-104.808889
TS87,30.973876,-100.138684
8TE3,30.718249,-100.082557
FD10,27.785393,-81.65318
1FA9,27.785144,-81.651354
FL86,26.582599639892575,-82.09839630126953
FL90,26.6033992767,-82.2201004028
1FA3,26.656200408935547,-82.12120056152344
47FD,26.66279983520508,-81.77059936523438
LA04,31.944456,-91.805012
2AL5,34.392799377441406,-85.66500091552734
37S,48.005001068115234,-106.48200225830078
MT58,47.766701,-106.188004
7FL8,27.44389915466309,-80.56510162353516
FD30,27.411399841308597,-80.52619934082031
FD88,27.34199905395508,-80.52200317382812
FL29,27.3612003326416,-80.5708999633789
FL37,27.238399505615234,-80.49140167236328
FL67,27.27779960632324,-80.58589935302734
NY20,42.962592,-74.681904
NY88,42.883399963378906,-74.69129943847656
5NK6,42.964158,-74.744811
11NK,42.91389846801758,-74.61170196533203
44NY,42.93429946899414,-74.65239715576172
5KS4,37.807278,-94.740903
9MT0,45.402953,-107.774616
4TS7,30.450199127197266,-102.927001953125
NM38,34.1172981262207,-104.427001953125
5AZ9,33.032898,-109.986505
5GE1,32.5703010559082,-83.7219009399414
GA81,32.549836,-83.827425
GE25,32.681106,-83.856109
1GE4,32.5010986328125,-83.93329620361328
2AK2,64.454293,-147.56999
IN91,41.00212,-84.994268
22IN,41.012639,-84.877694
26IN,41.113,-84.90356
34IN,41.031901,-85.031701
FD31,29.92799949645996,-82.70120239257812
TS00,32.787314,-97.180499
1XS3,32.7275,-97.326111
XS96,32.976457,-97.308859
KY27,46.06639862060547,-100.63500213623048
01MT,48.789100646972656,-114.87999725341795
OI77,41.2159004211,-83.5579986572
6KY4,36.753333,-85.953889
2KT4,36.796953,-85.966902
II36,39.6652984619,-85.81670379639999
WY53,44.082917,-104.132083
11CA,36.673301696777344,-119.72200012207033
18K,37.38420104980469,-100.18599700927734
2KS3,37.440349,-100.307289
3KS,37.436084,-100.272131
TT31,28.539281,-98.800697
05AN,64.960472,-147.601092
46MS,31.295000076293945,-89.98500061035156
32MS,31.194167,-89.9525
IN27,40.9998,-86.91315
IN21,40.964444,-86.918472
IN32,40.955506,-86.905932
II40,38.30839920043945,-87.40859985351562
DE21,38.517901,-75.159874
67MU,39.45416,-91.395919
05KT,38.187091,-84.93011
0PA5,41.49449920654297,-79.83090209960938
20IN,39.51390075683594,-86.05139923095703
63II,39.50510025024414,-86.0302963256836
5GA7,33.201152,-85.229037
8NE6,40.12080001831055,-98.92539978027344
8NE7,40.099872,-99.004326
0KY1,36.76559829711914,-86.61830139160156
35KY,36.711504,-86.636038
8KY3,36.728257,-86.726096
1GE3,33.254232,-85.170623
1TE9,31.271900177001957,-96.43920135498048
15IL,41.79729843139648,-89.27320098876953
2II3,40.229283,-85.816269
CO96,39.371700286865234,-104.74299621582033
7CO3,39.30816,-104.70851
CO99,39.29043,-104.747227
MT51,48.277000427246094,-105.96199798583984
02CL,34.761101,-119.058998
3MD0,39.34820175170898,-77.33609771728516
4MD8,39.35829925537109,-77.3396987915039
3VG7,38.4846,-77.612801
VA42,38.358972,-77.452744
6XA0,30.351164,-99.173056
35TE,30.2521,-98.824486
1VA9,38.432899,-77.470497
5VA5,38.40349960327149,-77.31580352783203
44TX,30.21050071716309,-99.09480285644533
7XS7,30.11470031738281,-98.93109893798828
8TE7,30.31935,-98.914391
TE97,30.18446,-98.959005
XS01,30.450199127197266,-98.88619995117188
MU22,37.688677,-90.194266
4WN4,43.509069,-87.938427
SN53,37.43339920043945,-95.91690063476562
4VG8,38.14225,-77.527689
0WY0,43.039722,-111.038056
24PA,40.69169998168945,-80.17780303955078
NJ59,40.182899475097656,-74.27880096435547
NJ60,40.18709945678711,-74.26709747314453
PN25,40.735599517822266,-79.6886978149414
KC86,42.37779,-89.564465
0FD3,30.496400833129883,-86.09380340576172
TX56,27.715499877929688,-98.70249938964844
8TS0,27.553545,-98.734606
42XS,27.957444,-98.403889
28TA,27.83359909,-98.71700287
19TS,27.929578,-98.533769
40IN,39.07419967651367,-86.1541976928711
3II0,41.6910848513,-84.864256382
9OA7,41.30979919433594,-83.11599731445312
02OH,41.37639999389648,-83.08329772949219
03OH,41.416933,-83.018339
NJ61,40.541116,-75.024292
NJ63,40.467899322509766,-75.05039978027344
61WA,48.47200012207031,-123.01799774169922
PS70,40.605899810791016,-76.28299713134766
NE94,40.55678,-97.209544
SN55,38.21530151367188,-101.00299835205078
59PA,41.902728,-75.989276
TT66,32.108456,-96.808471
4FL5,27.7572,-81.600601
2ID6,43.927336,-116.946475
51WT,48.008665,-118.36245
49ID,43.958248,-116.939952
5FA1,28.87800025939941,-81.94090270996094
FL99,28.876100540161133,-81.88899993896484
57ME,43.91780090332031,-70.85440063476562
MY06,43.83140182495117,-95.5552978515625
8NE9,41.39030075073242,-97.9645004272461
6ND2,46.26021,-98.387546
56MO,38.781556,-92.034238
8MS2,34.234296,-88.507179
9G9,46.61660003662109,-99.16709899902344
38SC,35.177778,-81.747778
KGAG,36.295502,-99.776398
16MI,42.889198303222656,-83.8666000366211
H27,36.61259841918945,-92.39990234375
TX81,33.54999923706055,-97.03810119628906
XS62,33.568942,-97.190577
8TX9,33.645475,-97.163525
07TE,33.544076,-97.031587
FD81,29.702699661254883,-82.42569732666016
MU48,36.648399353027344,-92.22039794921876
11MU,36.657916,-92.465578
PAGB,68.4796981812,-149.490005493
22IL,42.412795,-90.399606
OH44,40.220273,-82.946992
36KS,37.4748,-95.343597
45KS,37.525247,-95.374108
CO59,40.54579925537109,-104.56400299072266
CO26,40.519204,-104.458293
OH21,40.73619842529297,-82.75270080566406
82NY,42.001389,-73.67111
1MO4,39.891701,-93.864098
1MT0,45.06740188598633,-111.2969970703125
49OH,39.935451,-83.236398
NM27,36.422501,-108.861
2CL9,38.33440017700195,-121.3040008544922
K5I6,40.586809,-86.25761
NY37,43.00920104980469,-74.09120178222656
TS08,29.070403,-96.504973
NK17,43.209361,-73.581711
K30,43.18339920043945,-73.6332015991211
73XA,31.748061,-101.565922
70MO,38.645556,-94.117383
TS13,31.769777,-101.310836
73XS,31.735331,-101.543178
24MN,44.00410079956055,-94.1780014038086
TS55,29.671899795532227,-98.30449676513672
64CL,33.855333,-118.276234
AL18,33.67620086669922,-86.86750030517578
12XA,32.0393333,-102.3485833
5NY5,41.66680145263672,-74.14959716796875
CD05,37.755582,-105.157907
00KS,38.72779846191406,-94.93049621582033
SN59,38.85279846191406,-94.91000366210938
NV55,38.89889907836914,-119.64900207519533
7GA3,32.663299560546875,-82.07530212402344
MN44,45.9364013671875,-95.52619934082033
TX91,32.90760040283203,-96.5969009399414
4NC7,35.6963005065918,-78.5374984741211
NC99,35.67430114746094,-78.6072006225586
SC12,32.67210006713867,-81.31120300292969
7MN4,46.31940078735352,-93.83080291748048
KD05,47.65589904785156,-101.43699645996094
ND22,47.68330001831055,-101.5999984741211
17SD,44.818642,-96.564016
00SD,44.809158,-96.498897
2SC8,33.785818,-81.092105
SC13,33.840711,-81.185746
69OR,45.413679,-123.136386
70OR,45.410056,-123.148773
23TX,31.245072,-97.531617
63CO,38.70550155639648,-108.93699645996094
77MN,48.367076,-95.788234
78MN,48.37889862060547,-95.81169891357422
79MN,48.37770080566406,-95.75440216064452
MN50,48.37020111083984,-95.80690002441406
34MS,30.473800659179688,-88.69619750976562
K4Y4,44.912498,-84.876404
OL28,35.583878,-98.304101
0OK3,35.614465,-98.534403
AL43,32.912027,-88.338793
FD92,28.732799530029297,-81.07869720458984
01FL,28.78190040588379,-81.1592025756836
OH12,41.821903,-80.950011
NK76,42.88249969482422,-77.05169677734375
98OH,41.82276,-80.8968
18NE,40.51390075683594,-97.61060333251952
97Y,41.40420150756836,-97.70870208740234
30IS,42.077383,-88.625372
IL60,42.131503,-88.700358
1AR5,36.29940032958984,-94.58470153808594
71AR,36.282576,-94.473764
59TS,28.14310073852539,-98.1583023071289
30TA,30.585468,-97.717552
05TE,30.72209930419922,-97.79139709472656
29CN,38.845032,-120.831075
60XA,30.660138,-97.763791
TA68,30.642021,-97.520035
4MO5,38.380081,-91.34568
MT01,47.61800003051758,-110.09200286865234
PN48,40.70854,-75.68662
OH63,39.60010147094727,-84.4166030883789
OH64,39.59310150146485,-84.34380340576172
WI77,43.20700073242188,-88.160400390625
50TA,29.687700271606445,-97.99610137939452
WV68,39.355533,-78.07904
8WV8,39.333848,-78.104998
9IN9,40.07780075073242,-87.51529693603516
SD93,44.864200592041016,-99.6063995361328
12PA,39.849359,-77.184015
8PN9,39.821998596191406,-77.29190063476562
9PS8,39.81268,-77.30273
IA12,41.476882,-92.37957
LS93,29.61079978942871,-90.89839935302734
9IS2,40.482878,-88.267529
59NC,36.0974006652832,-79.5552978515625
9TX1,30.143299102783203,-96.8561019897461
AZ05,33.112536,-112.662735
KGAX,32.884669,-112.816544
SC14,34.062599182128906,-81.40979766845703
SC45,33.882958,-81.383972
7IS5,42.12139892578125,-88.37809753417969
44NK,42.464067,-74.385428
14MT,48.615321,-110.324932
LL45,39.18230056762695,-89.8218002319336
WY12,43.92639923095703,-105.65299987792967
WY13,43.78609848022461,-105.66400146484376
WY65,44.348899841308594,-105.33699798583984
LA54,32.840474,-93.839898
97GA,34.2681999206543,-83.6720962524414
SN41,37.50419998168945,-94.82669830322266
KGZ,61.4551010132,-142.380996704
28AK,61.808899,-147.858993
1SD0,45.323001861572266,-101.74199676513672
CO43,39.00279998779297,-108.70999908447266
43MI,45.85910034179688,-87.1167984008789
K5M6,44.140301,-84.4375
96KS,39.368598,-97.788116
07MT,48.421101,-106.528
25MT,48.42219924926758,-106.25299835205078
4KY1,36.894518,-85.775198
61NJ,39.69150161743164,-75.14320373535156
MS13,33.07569885253906,-90.95339965820312
MS75,33.013372,-91.038544
MS86,33.05009841918945,-91.0833969116211
TA35,32.201077,-97.842253
8TS7,32.2449,-97.726097
TS61,32.21104,-97.642757
TX93,32.15007,-97.8401
09TE,32.262923,-97.863764
FD27,30.362699508666992,-82.2261962890625
06ND,46.7489013671875,-101.66899871826172
KD57,46.812801361083984,-101.86000061035156
ND18,48.50640106201172,-101.21700286865234
0SD0,45.42499923706055,-100.89199829101562
OR73,42.778765,-123.734557
AZ79,33.530234,-112.216383
WV66,39.948699951200005,-80.7594985962
11LS,30.976321,-92.56888
5AK4,62.0328,-146.675004
98NE,40.454200744628906,-98.30449676513672
KGHW,45.64390182495117,-95.32039642333984
MN71,45.47989,-95.33771
NM55,33.363584,-108.86186
72AR,34.300259,-93.482479
10WA,46.0248,-121.274985
17OR,43.264198303222656,-123.11000061035156
98TE,43.32210159301758,-123.177001953125
92VA,37.34469985961914,-76.56439971923828
0VA9,37.4473991394043,-76.45379638671875
2MN1,45.04610061645508,-95.4645004272461
3OH8,40.360802,-81.423302
SN61,37.659698486328125,-97.62950134277344
59TX,32.487442,-97.490208
35TT,32.473926,-97.501645
K17Q,38.215386,-97.352185
CL29,34.834999084472656,-114.95700073242188
NH88,43.06729888916016,-71.61119842529297
95IL,37.48516,-88.40003
1NC8,35.5158,-80.258102
4NC9,35.44850158691406,-80.34259796142578
NR72,35.459001,-80.37182
MO04,36.561814,-93.639264
7MO7,37.399687,-94.209738
08ND,47.32310104370117,-102.0979995727539
2WN9,45.84510040283203,-120.70099639892578
9WA4,45.810391,-120.952851
03WN,45.875,-120.66999816894533
2NC4,35.33789825439453,-78.15470123291016
52NR,35.527897,-79.396228
XS46,28.630675,-97.385894
42XA,31.362276,-97.0903
6MD7,39.33919906616211,-75.7667007446289
0NA9,46.75,-103.801003
0LA1,30.229400634765625,-90.97339630126952
1LS0,30.22410011291504,-90.88200378417967
6MN7,44.400916,-92.687488
TX99,34.00680160522461,-102.98699951171876
27KS,39.13006,-101.713829
00TT,34.516606,-99.93694
1MS2,32.942816,-89.930005
WS39,45.69940185546875,-89.66239929199219
TE38,30.592699,-94.909401
SC98,33.054298400878906,-80.0833969116211
83TS,32.426896,-98.418374
2NE4,42.449998,-102.147918
31GE,32.81924,-83.407809
VA46,39.2962,-78.362198
48VA,39.291265,-78.351445
16IS,37.577608,-89.008583
92G,42.812599182128906,-77.20390319824219
ME91,43.67509841918945,-70.49559783935547
ME96,43.73360061645508,-70.48639678955078
MO82,40.40663,-92.055854
0TE6,32.20429992675781,-98.66560363769533
CL46,34.767799377441406,-118.73200225830078
OH65,39.240251,-84.098915
OH66,39.23949813842773,-84.17630004882812
OI40,39.202598571777344,-84.10469818115234
5NY7,41.32789993286133,-74.40989685058594
NK07,41.32789993286133,-74.40989685058594
CT42,41.85010147094727,-73.26619720458984
15MA,41.42251,-70.909295
3II1,39.41669845581055,-86.63580322265625
2NE5,40.89898,-100.09148
NK16,44.368099,-75.402397
98SC,33.227837,-81.176936
9KS6,38.808549,-100.570478
86KS,38.786889,-100.419843
II11,41.21060180664063,-84.98609924316406
FD26,30.981800079345703,-85.49240112304688
4MN5,45.550498962402,-96.451400756836
7OK0,34.03179931640625,-97.67780303955078
4TA3,32.896562,-98.461018
1OA2,41.261206,-81.990906
TT40,33.075693,-98.799351
01TX,33.170477,-98.622361
5KY6,37.261113,-87.302993
62MO,39.06060028076172,-94.20330047607422
2NE6,40.92079925537109,-101.2969970703125
61MO,39.54859924316406,-92.09880065917967
TA90,32.379356,-97.815487
66TE,32.365267,-97.644989
TS89,32.36715,-97.81647
0TX0,32.41960144042969,-97.71279907226562
44MU,36.90810012817383,-94.30999755859376
3LA4,29.799701,-92.803563
2WA6,47.997906,-119.087355
2ND3,48.000842,-97.121934
NY49,42.991523,-78.985764
6TN7,35.02389907836914,-89.20500183105469
2CO9,39.072167,-108.511167
0FD4,30.607486,-85.025292
41IS,41.204498291015625,-88.80339813232422
96TS,32.633372,-95.647578
5XS5,32.542581,-95.70861
K1O1,34.23759841918945,-98.74199676513672
1MO6,36.830141,-90.720677
NA60,47.23500061035156,-97.03839874267578
XA75,32.32400131225586,-97.09970092773438
11TE,32.30009841918945,-97.20449829101562
3XA0,32.313889,-97.231111
22TA,32.215381,-97.140216
MI78,42.91894,-85.786142
NC36,36.208973,-75.86335
II43,41.75,-86.19219970703125
IN82,41.7495002746582,-86.08809661865234
37ID,45.782647,-115.938002
0ID8,45.775705,-116.180463
81OK,35.02640151977539,-99.3394012451172
0MN8,44.764727,-95.625419
KGDB,44.7533,-95.556
PAGZ,65.40209961,-161.2810059
27NE,40.722801208496094,-101.7959976196289
2NE7,40.85139846801758,-101.94300079345705
7IL0,41.27090072631836,-87.57779693603516
6NC0,35.289059,-78.179611
2WN6,44.52970123291016,-90.41929626464844
OR48,42.627716,-123.321986
WS77,45.68399810791016,-92.68710327148438
80GA,33.259103,-84.844937
MA43,42.072173,-72.899963
7XS3,31.475385,-95.634072
KU91,42.373295,-115.879525
II12,40.964500427246094,-86.37190246582031
8MI9,42.303072,-84.10728
08MT,47.065679,-108.809624
19MT,46.838111,-108.936833
CN86,39.182051,-121.281526
09CL,39.113800048828125,-121.05699920654295
07PN,40.998889,-78.125278
NA61,47.29560089111328,-103.18900299072266
OI36,39.622501373291016,-84.48310089111328
AR09,36.413898,-94.438904
1MO8,38.25279998779297,-92.8030014038086
LS43,29.673847,-90.765244
93TN,36.360809,-82.45044
43IG,46.801528,-124.072944
6MI0,44.616057,-84.950881
0MI3,44.633399963378906,-84.4833984375
7OI5,41.520599365234375,-83.27519989013672
0KS5,38.450666,-98.797646
MT76,47.39970016479492,-111.47000122070312
31MT,47.236454,-111.302315
NJ65,40.854501,-74.928005
2PA1,41.4431,-75.007896
CO66,40.370515,-104.634916
WI78,44.42580032348633,-87.93499755859375
88WI,44.508301,-87.860703
MO83,40.25310134887695,-92.95490264892578
FL60,29.97249984741211,-81.66089630126953
7FL4,29.904057,-81.68515
5AR8,36.407222,-93.464167
K48U,41.458,-109.489998
58SC,34.204861,-78.966944
0TN2,35.65589904785156,-84.18550109863281
5TN4,35.67060089111328,-84.11579895019531
PA08,39.7934,-77.778099
38II,39.72861,-86.822484
RI11,41.6968,-71.783699
ME39,44.234829,-70.132255
6II2,39.733398,-85.723297
IN09,39.805053,-85.854811
0II7,39.79560089111328,-85.78610229492188
1II8,39.814009,-85.819184
4II8,39.725591,-85.714881
1MO9,37.47919845581055,-93.85160064697266
0OI2,39.35979843139648,-83.4177017211914
OI25,39.36529922485352,-83.35440063476562
2WS3,44.280792,-88.093577
WI52,44.300883,-87.976487
9NC9,36.209085,-79.894182
GE56,33.675944,-83.261425
8MD4,38.98059844970703,-75.77780151367188
67II,39.37139892578125,-85.59220123291016
62IN,40.431563,-85.978382
PA49,41.3801,-75.232399
16OI,40.125301361083984,-84.5824966430664
83OA,40.158611,-84.594167
7GE7,33.046389,-84.661111
MI80,43.12839889526367,-85.39920043945312
ME26,46.019586,-69.533819
02MI,43.15710067749024,-85.14849853515625
68AL,31.80866,-86.524716
4TN5,36.150833,-82.6325
0TX9,33.250099182128906,-96.1168975830078
31TS,33.190399169921875,-96.18910217285156
37TS,32.9907,-96.040002
77TA,33.150833,-96.011944
XS14,32.96939849853516,-96.0706024169922
9FL8,30.616600036621094,-83.65239715576172
MS15,33.331199645996094,-91.03700256347656
MS30,33.30569839477539,-90.99040222167967
OI88,41.01119995117188,-82.43599700927734
NY63,43.05438,-73.47197
4NK2,43.145233,-73.41965
8MS1,33.585044,-90.097736
8IN2,39.62329864501953,-86.03140258789062
DE17,38.77790069580078,-75.58329772949219
5FL8,30.88820075988769,-85.1677017211914
WI79,44.85269927978516,-90.55650329589844
66SC,35.034057,-82.298508
1AR6,35.503299713134766,-92.19670104980467
33AR,35.602199554399995,-92.1425018311
7AR2,35.5572013855,-92.1321029663
94AR,35.156381,-91.331883
36AR,35.20640182495117,-91.31890106201172
35L,42.464500427246094,-84.03500366210938
69G,42.4417,-84.066597
2MS8,33.78969955444336,-89.87439727783203
ND86,48.56389999389648,-103.96299743652344
4NA6,48.45500183105469,-103.87999725341795
7N6,48.625599,-103.93
NA63,48.66669845581055,-103.8560028076172
NE49,41.070175,-96.245679
NE24,41.096814,-96.284072
3IL8,40.697944,-88.947
3II2,38.212799072265625,-87.91950225830078
5GA5,33.25979995727539,-84.34940338134766
8GA6,33.161388,-84.320517
GA62,33.25510025024414,-84.40019989013672
10GA,33.32509994506836,-84.29830169677734
4GA7,33.134568,-84.253287
53CN,39.074902,-121.917999
37CN,39.085166,-121.912295
NC49,35.527801513671875,-77.19670104980469
01TS,31.565251,-96.546095
K2E6,45.534017,-98.094003
06VA,38.249000549316406,-78.85530090332031
KU92,43.677068,-113.602962
4PN0,41.216400146484375,-80.09369659423828
PN31,41.24309921264648,-80.11419677734375
45CN,37.880691,-120.194936
0NK3,42.695653,-77.792451
FA42,28.532899856567383,-81.8467025756836
K2E3,36.1772,-101.694
E19,36.233699798584,-101.43199920654
3G2,48.293379,-95.626145
1LA0,30.012107,-92.526941
46LS,30.086111,-92.532222
30CO,38.67250061035156,-105.33599853515624
NE01,40.19469833374024,-98.35199737548828
NE04,40.092322,-98.347662
8AK1,62.28030014038086,-145.36300659179688
74XA,32.35515,-96.145665
KEDG,39.391602,-76.2911
K5M8,33.92390060424805,-93.168701171875
AL10,34.65119934082031,-86.41690063476562
1TX2,33.716294,-100.155195
1TX3,33.42509841918945,-100.54199981689452
74OK,35.947724,-97.489284
55OL,35.780431,-97.568392
OL56,35.88625,-97.322361
0OK5,35.88890075683594,-97.40029907226562
0OK6,35.801700592041016,-97.38610076904295
IA23,42.808899,-91.098198
20AR,35.30789948,-92.32019806
GA43,32.3213996887207,-81.42669677734375
0MI4,46.270198,-87.386496
CO47,39.599998,-106.973999
68AZ,35.475101470947266,-113.7689971923828
MN00,46.95980072,-94.42469788
07MN,44.05500030517578,-95.90950012207033
03MA,42.393431,-72.551553
0PN0,41.441875,-80.15537
22MD,39.58689880371094,-77.6449966430664
0ND6,46.05500030517578,-99.91709899902344
VA23,38.119714,-76.613674
1GA5,30.93099975585937,-83.38349914550781
1LA1,29.98349952697754,-90.43479919433594
U93,43.28239822387695,-114.3949966430664
30ID,43.464726,-114.380552
OG27,44.94010162353516,-118.01200103759766
OR11,44.91162,-117.9582
4FL9,28.143400192260746,-81.64700317382812
H80,44.3650016784668,-83.76249694824219
1TX5,34.126017,-101.908751
6TS0,34.089612,-101.740115
0TA2,34.213702,-101.923342
OR70,44.8596,-117.087997
PA74,40.465242,-76.840664
33VA,36.7843017578125,-79.04969787597656
10ND,47.1875,-102.36199951171876
44ND,47.52780151367188,-102.24099731445312
ND16,47.44169998168945,-102.24199676513672
OG16,44.382598876953125,-123.21299743652344
26MN,47.33000183105469,-96.78369903564452
8MN2,47.335586,-96.748933
SN05,38.03139877319336,-97.50920104980467
MN87,45.24359893798828,-93.2217025756836
3NA6,47.770599365234375,-99.46179962158205
68PA,40.5181999206543,-75.91629791259766
PA92,40.55289840698242,-76.02880096435547
OI57,38.9269981384,-83.9885025024
8KS2,37.93889999389648,-96.23079681396484
7IN2,41.50139999389648,-84.87830352783203
IN83,41.50230026245117,-84.9301986694336
88GA,32.752292,-84.801902
39LL,40.401389,-91.303056
1TX6,31.69849967956543,-98.09639739990234
55MT,46.231121,-114.199013
0MT4,46.27859878540039,-114.14099884033205
99MT,46.09749984741211,-114.1780014038086
57MT,46.201911,-114.083029
12WV,38.343301,-82.112149
16TX,32.849674,-100.136648
0IL7,39.782917,-88.546708
IL32,39.78329849243164,-88.62139892578125
LA13,30.57819938659668,-90.31590270996094
LS86,30.681900024414062,-90.41929626464844
25NK,42.43619918823242,-77.1322021484375
NJ69,39.65850067138672,-74.80239868164062
68IS,42.148605,-88.561965
7IL7,42.127336,-88.529991
IA31,42.7666015625,-93.24600219726562
0GA0,33.356201171875,-84.36710357666016
54GA,33.464298248291016,-84.26830291748047
K0R6,33.52259826660156,-92.46029663085938
75NR,36.092013,-80.788975
2AL7,34.062801361083984,-86.72309875488281
NK68,42.051627,-75.316823
ND15,47.134686,-101.475208
4Z2,65.90489959716797,-163.32899475097656
3IS4,42.288898,-90.345398
VA50,37.7150993347168,-77.30249786376953
WA22,47.9385986328125,-122.60800170898438
6GA1,33.19998,-84.581747
TT19,30.157615,-94.709893
7IL8,41.518901825,-88.837600708
85NE,40.02080154418945,-97.94200134277344
36VA,37.115957,-79.718
80IN,41.2042007446,-84.8051986694
IN18,41.27450180053711,-84.80500030517578
2TS2,26.168862,-97.733055
SN70,37.25139999389648,-97.95449829101562
OG50,43.847388,-117.574267
XA41,30.354999542236328,-99.24749755859376
WV21,39.329756,-77.796221
AL92,33.30730056762695,-86.40360260009766
ME33,43.77870178222656,-70.01309967041016
1OL2,35.48899841308594,-97.19200134277344
4Y9,44.3083000183,-85.77230072020001
2WA8,47.383764,-118.29812
3WA2,47.500997,-118.233619
MY28,45.57979965209961,-92.96309661865234
NC02,35.21260070800781,-81.86650085449219
SN72,38.299031,-95.440807
3NC6,35.3117980957,-80.644203186
3PS8,40.39580154418945,-76.74579620361328
PA48,40.25227,-76.920639
3AR2,36.321487,-93.202236
OH68,39.30009841918945,-84.7499008178711
9V3,42.69580078125,-103.875
2VG3,38.54859924316406,-78.87110137939453
VA52,38.4851,-78.945297
48PS,40.02792,-78.094336
PN35,40.000099182128906,-78.08309936523438
5Y0,44.670799,-83.3041
5KY8,37.889722,-84.927778
Z92,42.58969879150391,-82.57640075683594
KC04,43.641701,-86.329201
08OH,41.29169845581055,-80.5636978149414
AL62,31.08300018310547,-85.68350219726562
3AL1,31.05039978027344,-85.685302734375
4KS6,38.24169921875,-95.90670013427734
9SD8,43.582434,-96.94502
WN75,43.24470138549805,-88.37229919433594
II67,40.427349,-85.373694
9IN0,40.453438,-85.288754
K0B4,42.6036,-97.252602
ME47,44.85449981689453,-69.4563980102539
TA95,35.915389,-102.407103
WT32,47.638926,-119.163173
CO73,38.11172,-102.21524
25CD,39.152333,-105.720167
24IN,39.236882,-85.693241
K2Q0,34.428922,-80.069939
SC16,34.377899169921875,-80.00530242919922
0GA1,34.477901458740234,-82.89710235595703
0GA2,34.377899169921875,-82.9457015991211
8IL0,42.352864,-88.637442
8IL2,42.48469924926758,-88.60009765625
ND72,47.68439865112305,-100.08499908447266
32TA,29.68727,-97.435899
OL48,35.707105,-95.565085
46FD,29.674779,-81.500649
8FL0,29.72800064086914,-81.4397964477539
MY17,44.612083,-92.76691
49MN,44.671406,-92.827168
MN58,44.698098,-92.865136
UT26,37.566419,-112.453394
E05,32.661098,-107.197998
9II1,37.89970016479492,-87.2177963256836
ND20,47.704200744628906,-97.35009765625
ND29,47.646501,-97.283051
84LA,32.553851,-93.593882
9FL2,30.65250015258789,-84.47470092773438
FA26,30.53720092773437,-84.45189666748047
FD55,30.679399490356445,-84.36910247802734
76FD,30.670499801635746,-84.41410064697266
62NC,34.936798,-76.944702
6KS7,37.810601,-97.797345
5NC5,35.982329,-79.274125
2MU9,38.965599060058594,-91.11810302734376
74MU,39.040001,-91.130402
MO93,39.044258,-91.144237
16TE,32.697601318359375,-95.20770263671876
1TX9,32.63759994506836,-95.16130065917967
MY99,46.85749816894531,-96.23519897460938
39FA,29.6625,-82.0093
FD22,29.666997,-81.952734
10MT,47.834433,-106.472795
K17V,40.627519,-102.600911
33NE,42.382895,-102.574239
1LA3,30.030799865722656,-92.83350372314452
SD21,44.374891,-101.01425
NC08,35.08539962768555,-83.73629760742188
73CL,33.698066,-115.638185
73KS,38.780602,-99.221199
0KS6,38.787258,-99.440058
II96,38.492801666259766,-86.93309783935547
CT19,41.968201,-72.539803
AL99,34.979659,-86.683974
WI81,42.524200439453125,-90.59100341796876
48WI,45.79380035400391,-89.7301025390625
0ND7,46.46530151367188,-100.1050033569336
48ND,46.51250076293945,-100.5500030517578
6H8,46.48189926147461,-100.2699966430664
ND85,46.49309921264648,-100.1790008544922
ND12,46.586525,-100.472222
AR10,34.80670166015625,-91.6082992553711
K6M0,34.759399,-91.6381
32KS,38.59310150146485,-100.61299896240234
TE89,27.280417,-98.96699
TA44,27.076169,-98.601476
9OA5,39.961215,-82.540723
6NA5,46.91387,-102.010002
4IS5,38.258399963378906,-89.93810272216797
1D6,44.73109817504883,-94.7146987915039
WV22,39.57469940185547,-77.97149658203125
6AL0,33.627222,-85.429623
80AR,34.41432,-90.729411
AS11,34.447311,-90.807518
43AS,34.448697,-90.66181
51AS,34.48335,-90.71574
MT06,46.570461,-112.175274
MT15,46.624651,-112.110927
MT83,46.571153,-112.180072
MT86,47.164355,-112.113197
40MT,46.706601,-112.06909
30MT,46.571072,-112.237895
MT96,46.471808,-112.240014
39MT,46.636369,-112.076912
CA70,34.757999420166016,-117.49700164794922
0ID9,46.785278,-116.471131
86CL,33.597198486328125,-116.88300323486328
3NE2,42.326349,-103.194795
K38J,33.728599548339844,-79.51599884033203
1MI4,43.418967,-84.195611
50NY,42.81449890136719,-77.57330322265625
03KY,37.796085,-87.53859
75AR,36.296199798583984,-92.21600341796876
1NR7,36.274059,-78.46862
38NE,40.75360107421875,-97.85140228271484
NE83,40.753086,-97.854027
34OK,36.04699,-97.8749
9OK8,36.075609,-97.906167
OK42,36.08340072631836,-97.71700286865234
OK51,36.10419845581055,-97.93699645996094
66XA,33.91302,-98.251773
8TS2,33.78340148925781,-98.21700286865234
TE10,33.815741,-98.229074
9IL0,41.09450149536133,-89.38619995117188
47AR,34.502694,-92.229761
WS67,46.79990005493164,-91.20850372314452
5XS2,35.03340148925781,-102.1999969482422
AK33,55.802346,-160.901346
KAHC,40.26620102,-120.1529999
MS59,31.999213,-90.839853
H75,34.797833,-90.035405
MS64,34.848342,-89.877992
5FL7,28.97800064086914,-82.36370086669922
7FD2,28.99029922485352,-82.33039855957031
NE64,41.162433,-100.97845
86NC,36.263355,-76.49126
NC01,36.09619903564453,-76.32710266113281
LA50,31.04783,-92.136019
9IS9,40.3344993591,-88.9553985596
8KS3,39.85279846191406,-95.48049926757812
MY56,47.25239944458008,-92.8593978881836
2NE8,40.628703,-96.562944
2NE3,40.606252,-96.621362
7NC4,35.7130279541,-81.266746521
36NC,35.629167,-81.34375
14MS,32.345298767089844,-89.0342025756836
7TN5,35.133806,-89.186806
ND99,46.7202,-96.809502
TA78,31.971359,-98.063372
2TX2,32.0265007019043,-98.01000213623048
22XA,31.854306,-97.93625
69MO,39.308399,-92.454102
1X1,36.1059,-100.0257
NC03,35.906607,-79.989223
7FL7,29.868600845336918,-82.63459777832031
26IL,38.741085,-89.567892
MU73,36.926394,-93.289389
9D0,44.540589,-99.450807
MT77,47.608701,-110.906535
81NE,40.27360153198242,-99.00789642333984
9XS1,31.835599899291992,-96.95279693603516
ID88,43.286469,-115.08073
ID09,43.260004,-115.248611
1LL5,39.24277,-89.55083
MO89,38.304219,-90.527154
5ND9,47.48469924926758,-97.07479858398438
7NA0,47.35749816894531,-97.0280990600586
OR81,45.553261,-123.021075
OR31,45.413389,-122.993917
84KY,38.272179,-83.578744
3WS9,43.61145,-90.307196
14VA,39.229000091552734,-77.74669647216797
NC34,35.97891,-79.12715
9NR0,36.218055,-79.177222
WY45,41.166669,-104.449479
92CO,38.29169845581055,-105.61100006103516
00VI,36.66329956054688,-80.49949645996094
57VA,36.71915,-80.547314
79IS,39.444221,-90.557719
CL84,37.388301849365234,-120.927001953125
PAJO,60.4817008972,-146.583999634
33MN,45.988911,-92.901539
MN57,46.036072,-92.988008
70LA,31.169099807739254,-92.7563018798828
K2J2,31.784599,-81.641197
GA19,31.844722,-81.6875
12MT,48.774200439453125,-110.44200134277344
45MT,48.628333,-110.469667
6U5,48.387646,-107.083264
29OK,35.468522,-98.486925
OK10,35.539377,-98.430188
46OK,35.475144,-98.451627
04KY,37.135101318359375,-85.78939819335938
37TE,29.360200881958008,-95.00990295410156
UT74,37.6483,-110.167
74TN,35.139221,-85.212107
8II5,40.899436,-85.000491
NC84,36.04256,-77.37722
06TX,30.057919,-95.812489
21KY,37.53760147094727,-85.73750305175781
90KY,37.58259963989258,-85.7332992553711
KHFF,35.036087,-79.498615
6GE4,33.168711,-84.830021
2AK6,66.176133,-155.684816
K6U6,48.858996,-108.659543
TN21,35.447098,-87.50458
NY95,42.915191,-77.384474
MA16,42.363399505615234,-71.82170104980469
MY57,45.763301849365234,-94.4574966430664
NE30,40.57360076904297,-99.42040252685548
3NE3,40.506868,-99.316464
2VA8,36.686936,-76.823369
62VA,36.669898986816406,-76.72859954833984
NY40,42.610599517822266,-78.59559631347656
90MS,33.143333,-91.06
4TA5,33.85283,-98.64326
KO35,34.705293,-99.908566
44ME,43.676555,-70.617203
9CL2,36.87160110473633,-121.33699798583984
GA29,33.156087,-84.431201
MY58,45.238800048828125,-95.92530059814452
MY43,45.278241,-95.877388
KK08,38.035179,-102.11673
2A6,34.582401,-91.165199
7AR8,34.665085,-91.17665
5AR4,34.6425,-91.094722
5J5,33.30099868774414,-80.39399719238281
SC17,33.357703,-80.459146
01NC,34.47529983520508,-77.5813980102539
14NC,34.516458,-77.545109
3MS1,34.806433,-89.461455
NJ72,40.351200103759766,-74.1812973022461
09WI,44.00360107421875,-91.30760192871094
FD93,30.686354,-86.747564
2MO2,39.46419906616211,-94.30799865722656
MO71,39.46310043334961,-94.41829681396484
9II8,39.08610153198242,-85.37110137939453
15MO,38.593439,-92.127443
PN36,40.7333984375,-79.06729888916016
6IS8,39.98949813842773,-87.9052963256836
1II0,39.576698303222656,-85.58779907226562
0AK7,59.776005,-150.963285
98AK,59.77621,-151.187882
AK17,59.76359939575195,-151.22300720214844
OL99,59.703487,-151.496787
09AN,59.672024,-151.658368
02AN,59.704223,-151.295869
5AN5,59.85723,-153.156016
OR12,45.00429916381836,-116.8489990234375
11FA,25.582892,-80.498993
4FD3,25.517178,-80.512131
KH92,36.44269943237305,-96.38719940185548
82NM,33.16879,-105.133201
TE57,29.444799423217773,-99.122802734375
SC01,34.445884,-82.364309
52NY,42.93059921264648,-77.64420318603516
53NY,42.95840072631836,-77.61579895019531
02XA,33.591319,-95.882864
XA81,33.643035,-95.876222
7OR6,45.63679885864258,-121.59100341796876
O45,36.857101,-101.226997
58NR,35.42527,-77.597401
80PN,40.54169845581055,-80.45259857177734
PN37,40.605098724365234,-80.45809936523438
29PA,40.536617,-80.513076
NA65,48.53139877319336,-97.62809753417967
0SD3,45.26940155029297,-103.21700286865234
8NA9,47.32799911499024,-97.6790008544922
9ND2,47.358333,-97.795032
OH92,39.954200744628906,-82.18319702148438
VG42,37.26469,-77.16544
1SC2,33.933799743652344,-80.79609680175781
37M,36.04169845581055,-90.1501007080078
IA59,42.243331,-96.098492
6NY2,42.23199844360352,-76.8469009399414
ID95,43.859219,-116.239953
ID67,43.8606806,-116.2627083
4Z5,62.00719833374024,-141.18099975585938
7KS4,39.633005,-95.439411
32WI,44.31639862060547,-88.70089721679688
WI22,44.32310104370117,-88.60079956054688
NE67,42.107655,-97.341313
SD68,43.38470077514648,-103.43099975585938
77AR,34.5975,-92.9369444
8CO5,38.833618,-107.892838
CD97,38.80559921264648,-107.77400207519533
CO76,38.835708,-107.867003
CD02,38.733011,-107.75932
12CO,38.835499,-107.815184
3CO1,38.849516,-107.832739
44CO,38.839885,-107.792802
5Y2,44.329201,-84.791702
LA73,29.60860061645508,-90.80229949951172
LS59,29.588889,-90.826111
MO03,38.424198150634766,-90.58290100097656
6MO3,37.34920120239258,-92.12830352783205
AA30,61.648189,-149.870831
AA33,61.60415,-149.770119
AK80,61.624944,-149.748958
13AK,61.65470123291016,-149.89999389648438
AK29,61.61259841918945,-149.8520050048828
MU25,37.437801361083984,-91.94930267333984
MU86,37.41999816894531,-91.95770263671876
0MS9,33.80070114135742,-89.02729797363281
2MS9,33.83000183105469,-88.92279815673828
KM44,33.886237,-89.02339
21XS,29.519727,-95.27453
22TS,29.791041,-95.438761
39R,29.537701,-95.423798
8D9,44.02909851074219,-97.53780364990234
OH09,40.315067,-82.243701
08WI,44.581986,-88.14245
25IN,41.70280075073242,-85.41940307617188
KU97,43.851378,-113.057893
MI27,42.612065,-83.859102
1MI5,42.6031,-83.859703
4Y1,42.56529998779297,-83.85649871826172
07UT,41.716667,-112.447222
1F5,39.367176,-100.441338
11AZ,31.683588,-110.290053
AZ21,31.744592,-110.247889
1TS2,31.82430076599121,-96.77850341796876
1MI8,44.84669876098633,-83.63690185546875
04IL,40.6375007629,-89.0070037842
11IA,42.349636,-92.513316
IA42,42.313802,-92.411751
02WI,45.03189849853516,-92.65579986572266
04NY,42.262298584,-73.6961975098
MI82,42.87639999389648,-85.95559692382812
MI39,42.852236,-85.839108
0MI6,46.38750076293945,-85.18399810791016
WY56,44.970121,-104.568501
0PA4,40.23759841918945,-76.72470092773438
K0S1,47.847956,-113.416758
4TA6,30.023318,-99.383032
52ND,47.18939971923828,-97.28949737548828
PN64,40.50239944458008,-77.93939971923828
TN16,35.99449920654297,-88.46119689941406
0PA6,40.63090133666992,-77.85030364990234
VT01,44.282386,-72.937557
IN85,40.837122,-85.48368
8TA8,31.169099807739254,-94.53240203857422
6IL2,42.221099853515625,-88.41790008544922
82IS,42.14310073852539,-88.40290069580078
TT41,30.697575,-95.48139
2WA9,46.28919982910156,-118.10099792480467
11UT,41.2538528,-111.7110611
4AL8,34.4906005859375,-86.67330169677734
AL93,34.88560104370117,-86.70999908447266
0MO6,40.076331,-92.319374
5MO6,40.12795,-92.291125
4W4,36.28350067138672,-79.07890319824219
53ND,47.548099517822266,-99.94709777832033
MS27,30.706899642944336,-88.42919921875
1SD3,43.23329925537109,-97.15029907226562
2SD7,43.33330154418945,-97.06279754638672
3MD5,38.62120056152344,-75.84130096435547
AL05,32.22010040283203,-85.46800231933594
38AL,32.168333,-85.40375
MT52,47.07770156860352,-114.41300201416016
58WI,43.338527,-88.558332
30KS,38.0248388,-97.7339389
SN51,37.880372,-97.887806
MN62,44.84999847412109,-94.35030364990234
9NE3,42.189736,-101.786013
1V2,42.010036,-101.77007
9NE6,41.739254,-101.804921
16OK,35.449911,-98.586214
1OK2,35.50288,-98.5375167
1OK6,35.522072,-98.523183
OK77,35.415877,-98.542486
32OK,35.499138,-98.615916
3OK2,35.551608,-98.466734
08OL,35.408087,-98.605477
05OK,35.471364,-98.541708
5OK0,35.54135,-98.59455
60OK,35.502414,-98.509241
OL10,35.654524,-98.605793
7OK4,35.605978,-98.638666
42TS,30.221846,-98.592272
K6U7,46.293483,-107.193649
UT65,39.99800109863281,-113.97699737548828
2AK8,70.293545,-161.907151
MI12,41.90555,-83.6320111
8OI9,39.09920120239258,-83.1166000366211
20ID,43.720439,-116.005667
CO08,39.728102,-102.171795
2TX6,33.68180084228516,-101.66799926757812
2IS4,41.337831,-91.013507
KO48,45.860257,-116.797873
OR01,45.534184,-116.535173
5WI6,44.367003,-91.396101
18WV,39.41,-79.856667
8KY6,38.93441,-84.566488
16KS,37.223471,-95.598389
2AK9,65.673376,-162.46007
MD39,38.52099990844727,-77.25189971923828
CD28,39.64390182495117,-105.26799774169922
TN81,36.464674,-87.635539
98GA,33.2056999206543,-83.91239929199219
IA11,41.29389953613281,-93.66549682617188
IA41,41.41529846191406,-93.5613021850586
IA85,41.43510055541992,-93.54049682617188
IA86,41.266700744628906,-93.5093994140625
IA20,41.338392,-93.653706
80FD,27.113399505615234,-80.6333999633789
FA24,27.093299865722656,-80.61219787597656
6TS8,30.003333,-96.581111
30K,37.907001,-100.530998
1ID9,42.763785,-112.185026
ND24,48.14030075073242,-97.67259979248048
K0K6,36.179737,-95.5804
55OK,36.2239990234,-95.5783004761
O18,36.14400100708008,-95.4177017211914
FL82,29.580536,-81.861181
6NY3,42.64400100708008,-76.72969818115234
KY88,44.606098,-85.7584
2LA0,29.787957,-92.158728
35MN,44.81549835205078,-93.01349639892578
MS21,33.3321,-90.582001
MS77,33.333156,-90.642622
68CN,36.02321,-118.096418
31WI,44.571008,-89.220251
3TE0,30.731599807739254,-96.131103515625
5CA8,38.256536,-120.931845
CA19,38.263511,-120.924006
9KS4,39.636395,-98.359802
MI26,42.5515,-84.098289
LA68,30.31579971313477,-92.5198974609375
2LA5,30.343299865722656,-92.43209838867188
LA71,30.22439956665039,-93.0001983642578
IA16,41.70830154418945,-91.5001983642578
14TA,33.983632,-98.716006
MA36,42.666500091552734,-70.85299682617188
2SD9,45.451663,-99.010241
TT26,30.981593,-101.948817
13XA,31.951789,-97.834888
79TX,31.901926,-97.854787
WS45,45.34159851074219,-89.67459869384766
0VA2,37.79650115966797,-79.7667007446289
Y73,46.0788,-88.635498
2OR6,44.181255,-118.216166
1IL1,39.241595,-89.426565
83IS,38.42639923095703,-89.1312026977539
2AL6,30.491981,-88.197307
ID72,43.41740036010742,-111.28500366210938
K31D,40.331203,-79.780204
0GE1,31.66550064086914,-83.44709777832031
3Y7,45.389806,-101.437656
M61,46.3452,-87.788498
2FD2,29.47929955,-82.05329895
MY72,46.159698,-93.461304
88VT,44.878299713134766,-73.35030364990234
38MS,33.231054,-90.566482
20TE,32.19599914550781,-97.08920288085938
NY18,42.4487,-76.616897
NY55,42.44729995727539,-76.5969009399414
41MS,33.523339,-90.362093
SC34,34.29710006713867,-82.68370056152344
NC65,34.558033,-78.268554
9CL4,35.287181,-115.19439
VA56,37.00350189208984,-76.82749938964844
5PN7,40.23329925537109,-75.07499694824219
AL37,31.555028,-85.977278
TA59,33.099300384521484,-98.28949737548828
TS02,33.119598388671875,-98.23059844970705
OI82,38.912200927734375,-82.72489929199219
62GA,33.32460021972656,-83.91629791259766
2LA6,30.833499908447266,-91.16680145263672
58LA,30.921885,-91.169186
5MI7,42.36109924316406,-84.42479705810547
1MU7,37.46530151367188,-89.61199951171875
10NC,36.340711,-77.508974
18MS,32.453333,-90.363889
18MT,45.21599960327149,-113.4990005493164
8PS2,41.31060028076172,-80.16280364990234
OG13,42.246678,-123.070731
1TE3,31.917400360107425,-95.20719909667967
6FL1,30.264936,-81.441263
FD48,30.241899490356445,-81.44979858398438
KNEN,30.353900909424,-81.87190246582
3AL5,33.83530044555664,-85.76390075683594
79AR,34.852901,-92.048203
OK00,35.516300201416016,-97.02210235595705
2MN2,46.94039916992188,-93.2978973388672
E26,32.131099700928,-103.1549987793
NJ75,40.35010147094727,-74.36630249023438
MU16,40.000301361083984,-93.78990173339844
57II,39.964199,-86.567497
50OH,39.680353,-83.744672
OI52,39.62406,-83.78364
3NK4,42.028193,-79.19765
55NY,42.082456,-79.312096
58MU,36.500596,-94.290808
WI84,42.689623,-88.840973
40TE,30.789100646972656,-97.65499877929688
8II1,39.183101654052734,-87.1260986328125
IN08,39.169232,-87.189345
10IN,39.159238,-87.099835
FD63,30.513211,-83.196845
FA93,30.456136,-83.144233
08MO,37.395599,-94.283798
78MU,37.296929,-94.195361
62OK,36.33919906616211,-94.92040252685548
85FL,30.96929931640625,-87.05159759521484
8FL9,30.820225,-87.129672
50FL,30.85330009460449,-87.2394027709961
56FL,30.875999450683597,-87.2074966430664
ME92,44.516700744628906,-70.22229766845703
41ME,44.519616,-70.146278
K22F,33.2293014526,-100.569000244
81MN,44.03049850463867,-95.19550323486328
ME34,44.175924,-69.428616
OR86,44.75549,-123.045631
21OG,44.771806,-122.970743
2OR3,44.79460144042969,-123.0979995727539
NC50,36.460098,-81.361504
WI76,42.948601,-88.775902
TT37,32.851273,-94.210746
MY62,46.66519927978516,-94.34329986572266
0OK9,36.2134017944336,-96.63700103759766
48LA,30.274819,-92.58067
LS70,30.340649,-92.736958
FA11,30.62240028381348,-83.2593002319336
99UT,40.35060119628906,-109.4010009765625
AK60,57.884684,-157.095036
07VT,44.44720077514648,-72.91470336914062
VT45,44.51729965209961,-72.97930145263672
VT72,44.515682,-72.95452
04XA,33.283933,-98.402861
33OH,40.18529891967773,-83.17359924316406
0GA6,33.7333984375,-83.81880187988281
1PA0,41.133399963378906,-77.19969940185547
LL49,39.062198638916016,-90.27220153808594
0LL1,39.094200134277344,-90.31340026855467
0LL3,39.05500030517578,-90.34210205078124
KK79,37.984501,-99.894302
93IA,42.26029968261719,-93.64969635009766
40TA,31.3129997253418,-96.22049713134766
8TX0,31.427809,-96.134892
24CT,41.582234,-71.968226
CT43,41.59370040893555,-71.93119812011719
LS16,32.010896,-91.756761
2N6,40.026501,-74.692703
SC06,32.63456,-80.09143
88NE,40.403900146484375,-96.01719665527344
15XA,30.400427,-98.580434
TN54,36.170278,-82.55625
KJHN,37.583039,-101.733002
2NE0,40.696701,-99.834297
SC94,33.889400482177734,-79.50640106201172
7NY6,42.893699645996094,-73.50789642333984
PS52,40.195098876953125,-78.83280181884766
CO81,40.341388,-104.922647
9OK9,35.561633,-97.255833
05ME,44.65700149536133,-67.55919647216797
KF88,32.202,-92.732903
7AR6,35.795794,-90.802375
7AR9,35.956471,-90.812978
AN37,35.782262,-90.651955
81AR,35.919208,-90.729712
59AR,35.882086,-90.612505
90AR,35.730892,-90.794951
23AR,35.825968,-90.548773
AS31,35.84087,-90.52655
TN41,36.3175,-82.578611
55MO,38.87229919433594,-91.26020050048828
MO07,38.872501373291016,-91.30020141601562
89WI,42.90689849853516,-90.03209686279297
78A,36.20240020751953,-80.86810302734375
TN75,36.231324,-83.620737
MY02,44.632237,-93.54036
9MN6,44.644216,-93.700762
MN63,44.684582,-93.637462
NY28,43.070899963378906,-76.40799713134766
12OR,42.951302,-117.281998
OR62,45.981985,-116.903981
TE45,32.46989822387695,-97.46530151367188
K7V8,40.970798,-102.315002
N88,35.92649841308594,-79.62750244140625
18TA,30.13629913330078,-99.7436981201172
52TE,30.52596,-99.52033
7TA6,30.382211,-99.619264
TT91,30.290533,-100.022128
OG36,44.25040054321289,-123.22799682617188
OR47,44.188434,-123.189916
OR14,43.737248,-118.070458
3OR9,43.957401275634766,-118.13200378417967
06FA,26.90839958190918,-80.32890319824219
FD15,26.97949981689453,-80.21869659423828
TS21,33.084833,-101.114833
TT27,33.135833,-100.995
7XA2,33.148726,-97.373993
XA49,33.090447,-97.267872
KXA0,33.148133,-97.280002
2TX7,33.093472,-97.396338
3TX2,33.0806999206543,-97.3488998413086
3TX3,33.119598388671875,-97.3197021484375
3T6,33.133499,-97.2967
3TX7,33.14080047607422,-97.37110137939452
05TS,33.12929916381836,-97.3585968017578
0TS1,33.098732,-97.272517
5V8,43.83330154418945,-101.49700164794922
3WA3,46.64849853515625,-118.58300018310548
3WA4,46.71649932861328,-118.61799621582033
W09,46.55039978027344,-118.53600311279295
PABU,70.170999,-146.844897
1KC,64.4166256967,-156.820392609
66MI,42.22840118408203,-85.4843978881836
17MT,48.10710144042969,-114.177001953125
22MT,48.128342,-114.16975
27MT,48.324413,-114.326501
2MT0,48.299972,-114.414543
2MT2,48.198535,-114.257834
MT10,48.215514,-114.298047
MT37,48.12435,-114.240711
MT54,48.243900299072266,-114.24400329589844
MT95,48.116901,-114.186079
MT89,48.257888,-114.173398
MT26,48.150719,-114.166831
KS73,46.21929931640625,-116.01300048828124
LL77,39.305,-90.699722
UT30,37.34249877929688,-112.2239990234375
UT43,37.63610076904297,-113.24700164794922
IL85,41.846387,-88.570278
12IL,41.20000076293945,-88.0167007446289
IL78,41.13109970092773,-87.79229736328125
41NC,35.52180099487305,-80.52200317382812
50NC,35.54499816894531,-80.6686019897461
6NC2,35.511199951171875,-80.55809783935547
NC39,35.52429962158203,-80.64779663085938
SN02,39.40829849243164,-102.02100372314452
IL39,39.480255,-87.8445778
2MO9,38.95000076293945,-94.45020294189452
WI86,42.6609,-88.135902
Z90,63.748699,-150.330002
5Z5,63.541698,-150.994003
LA61,30.008627,-92.238841
3LA0,29.919700622558597,-92.24739837646484
62LA,30.074877,-92.214406
23D,48.57737,-96.541348
2TE6,28.883771,-98.049221
5KS,60.35031,-151.262941
70TS,29.786674,-95.78408
8TS6,32.533199310302734,-96.32250213623048
0TA4,32.49789810180664,-96.27050018310548
28XS,32.645999908447266,-96.32530212402344
TA46,32.562599182128906,-96.4011001586914
XA42,32.375718,-96.385668
10WY,43.423333,-106.823611
20MO,39.35829925537109,-94.31690216064452
3MO6,39.33560180664063,-94.4835968017578
MO26,39.39390182495117,-94.35299682617188
43NE,40.76593,-99.154783
5FL1,29.90329933166504,-83.60790252685547
6FL4,29.82110023498535,-83.57319641113281
TX67,32.3606,-97.302498
62CO,40.09830093383789,-104.4250030517578
CO56,39.9640998840332,-104.46299743652344
CO60,40.105344,-104.429712
CO82,40.09579849243164,-104.58899688720705
CO04,40.001927,-104.415634
56LA,32.345298767089844,-93.81829833984376
5F5,32.344600677490234,-93.79989624023438
7TX4,32.966800689697266,-97.27529907226562
4TX2,32.966691,-97.232695
1PA3,40.45009994506836,-75.19960021972656
04MN,47.985801696777344,-94.68689727783205
WN80,46.097900390625,-122.86499786376952
6TS1,31.17790031433105,-98.0730972290039
75AK,60.593067,-151.327956
0AA7,60.491537,-151.235253
AA16,60.627657,-151.294679
30AK,60.505807,-151.260023
3AK4,60.632522,-151.337657
3AK5,60.5889015198,-152.162002563
33FL,27.860861,-80.999862
3FL5,27.77829933166504,-80.9218978881836
4FL1,27.86280059814453,-80.95809936523438
FD09,27.809999465942383,-80.85890197753906
56NY,43.324857,-78.051548
WN08,48.914798736572266,-122.11299896240234
WI80,43.777044,-90.414176
39ID,46.695349,-116.606304
4XA2,28.789167,-97.763389
NR57,35.702226,-78.165826
7NC3,35.596389,-78.098611
9NA4,48.66609954833984,-101.89099884033205
K7K5,48.667599,-102.047997
TS99,31.350467,-95.16017
SD78,43.9015007019043,-99.87889862060548
ME45,43.40560150146485,-70.43229675292969
ME46,43.41230010986328,-70.44670104980469
4TX4,32.627899169921875,-97.19200134277344
52MN,48.64300155639648,-96.80729675292967
9NY4,42.10079956054688,-79.08180236816406
0WN2,46.127573,-119.014273
32TX,30.0580997467041,-96.35919952392578
06NH,42.92839813232422,-70.97309875488281
21NH,42.916900634765625,-70.935302734375
7GA5,34.632301330566406,-85.44719696044922
62KT,37.73172,-83.81373
24M,43.24470138549805,-85.71170043945312
14OH,40.66889953613281,-83.44349670410156
86LA,30.973800659179688,-90.66570281982422
76LS,30.955972,-90.54681
27IA,40.75130081179999,-92.0307006836
4TX5,32.22990036010742,-96.25969696044922
63TX,32.010311,-96.177127
6NY7,41.86539840698242,-74.33290100097656
5TE4,36.508399963378906,-102.39199829101562
XA43,29.908100128173828,-99.20690155029295
9CO7,40.330287,-104.578342
05WN,48.702222,-118.0475
IN10,40.97589874267578,-86.41999816894531
WS26,44.358832,-87.6073
MD42,39.619392,-77.228544
WV15,39.4833984375,-78.92639923095703
WV18,39.40840148925781,-79.01360321044922
VG01,37.060258,-78.563233
VG36,37.03820037841797,-78.46279907226562
14VG,37.16913,-78.52092
57SC,32.604511,-80.151158
32IS,40.14061,-89.99601
2OH0,40.34432,-82.937175
55ND,47.35559844970703,-102.71099853515624
K9Y1,47.392799377441406,-102.77100372314452
67TE,30.9496,-97.7967
69TS,30.99880027770996,-97.75589752197266
VA08,37.717098236083984,-76.35880279541016
VA31,37.76259994506836,-76.34629821777344
OG39,44.661104,-119.65255
19SC,34.353428,-81.809263
5XA0,31.255762,-100.647603
3LA1,30.558500289916992,-92.8042984008789
57ND,46.610507,-97.060487
VA57,38.24850082397461,-77.21910095214844
AA05,57.557809,-156.787283
00AN,59.093287,-156.456699
0VA3,37.698799,-77.095299
0VI1,37.6889,-77.101402
1OK1,35.82500076293945,-97.80590057373048
6OK0,35.89139938354492,-97.95890045166016
K9K8,37.66899872,-98.12390137
4AZ6,34.99810028076172,-113.46199798583984
73AZ,35.201657,-113.361804
AZ97,35.350132,-113.689522
AZ71,34.87094,-113.586732
53AZ,35.440995,-113.814876
00IS,40.02560043334961,-89.1229019165039
14NK,43.34000015258789,-73.47899627685547
GA36,30.76689,-81.716653
44TE,30.683500289916992,-98.41699981689452
54TX,30.677400588989254,-98.52529907226562
PS50,41.768015,-75.723925
3TN0,36.535,-82.423889
12OK,34.002175,-96.7701472
WA61,47.798301696777344,-122.52999877929688
8GA7,34.20199966430664,-84.97720336914062
05AR,36.000633,-93.57025
34SC,33.771833,-79.96625
KCKI,33.717201,-79.857002
52MO,38.735234,-94.04371
0OI6,41.83810043334961,-80.6436996459961
WV19,39.44864,-79.692989
92NJ,40.468399,-75.002403
33K,37.909,-99.403099
5OI3,41.413700103759766,-80.5248031616211
60OA,41.400831,-80.578585
5AL7,31.25,-86.166702
6NC9,35.207793,-77.759771
18NR,35.364938,-77.635389
OR89,44.99990081787109,-120.0530014038086
07CO,39.26359939575195,-104.427001953125
9CO8,39.276683,-104.342093
0CO5,39.303056,-104.40961
42KS,37.01069,-98.454528
56OI,41.20560073852539,-82.331298828125
17OH,41.24259948730469,-82.27020263671875
KT12,30.645795,-93.913643
MO65,36.58340072631836,-93.10299682617188
CO84,39.60829925537109,-102.54100036621094
72CO,39.67940139770508,-102.59100341796876
OI56,39.95320129,-82.64070129
16IL,42.067857,-88.827176
IS59,42.1338996887207,-88.92420196533203
25KS,39.6833000183,-99.12840271
FD83,28.25860023498535,-81.38400268554688
15GA,32.680199,-82.478996
PN49,40.77199935913086,-79.42890167236328
PN59,40.83110046386719,-79.48690032958984
NC56,36.2047004699707,-78.46890258789062
3OG3,42.122222,-121.791667
6OG3,42.130283,-121.531633
CA09,41.885277,-122.843256
1PA9,40.66680145263672,-76.68299865722656
AN01,32.81669998168945,-110.31700134277344
AZ45,32.72919845581055,-110.2959976196289
32CL,38.83319854736328,-121.71800231933594
CN19,37.933101654052734,-121.61299896240234
NY01,43.22090148925781,-78.31500244140625
IN86,41.28030014038086,-86.63200378417969
IN87,41.35139846801758,-86.62640380859375
IG05,41.189763,-86.606956
KF75,33.436933,-99.815842
TT10,33.429026,-99.9477778
6IL6,40.927343,-90.26511
6PS3,41.95899963378906,-77.42610168457031
2II0,40.417613,-86.150215
53IN,40.52140045166016,-86.21499633789062
S82,46.1327018737793,-115.97899627685548
ID51,46.043555,-115.886875
43ID,46.184188,-115.868056
IN04,41.375261,-87.079883
13MT,48.52080154418945,-110.11299896240234
K29F,34.392251,-101.759918
6TX4,34.342711,-101.542228
2TX8,33.305444,-97.378915
4TX8,33.24869918823242,-97.2238998413086
E58,33.3074,-97.3472
TA47,33.30139923095703,-97.24500274658205
XA72,33.27690124511719,-97.28939819335938
5K9,46.28889846801758,-98.94210052490234
ID68,43.48460006713867,-116.45899963378906
06ID,43.46269989013672,-116.35900115966795
3ID7,43.47600173950195,-116.40399932861328
95FD,26.768299102783203,-81.53890228271484
FA18,28.451099395751957,-81.00029754638672
FA51,26.739,-81.506203
FD20,26.80030059814453,-81.48509979248047
FL88,26.68370056152344,-81.44979858398438
05FL,26.52018,-81.41031
08FA,26.57979965209961,-81.48370361328125
17FA,26.71339988708496,-81.535400390625
7FA8,26.695600509643555,-81.4906005859375
WA29,45.894295,-122.594082
WA46,45.830299377441406,-122.63700103759766
II18,41.35076,-86.92562
K94,38.546823,-99.289827
78II,40.63619995117188,-85.68800354003906
3OR2,45.31240081787109,-117.95899963378906
9TE6,29.921611,-96.800966
IS55,40.59090042114258,-90.94239807128906
72NM,32.95840072631836,-105.96299743652344
5MD8,38.49100112915039,-77.0115966796875
MD83,38.519833,-77.069092
MD97,38.46149826049805,-77.04640197753906
4MO3,39.991545,-92.494212
72TE,28.8794002532959,-99.9906005859375
TE83,28.920799255371094,-99.756103515625
08UT,38.335017,-109.135176
01UT,38.30830001831055,-109.39600372314452
0LL4,41.419592,-89.121394
CO70,40.321977,-104.61482
0MO1,38.54652,-94.096629
47TE,28.85169982910156,-96.49749755859376
7FA3,26.797887,-81.525448
FL36,26.916974,-81.562583
08WA,46.969757,-122.726274
28II,37.974700927734375,-86.05619812011719
6IN3,40.34920120239258,-86.76390075683594
II19,40.40610122680664,-86.75360107421875
GE05,34.6156005859375,-85.34310150146484
0CD7,40.003917,-105.07185
OR90,45.24430084228516,-123.12899780273438
1LA9,29.967511,-91.984269
88LA,30.1294,-92.135101
GA44,33.081113,-85.018559
GA98,32.9489021301,-85.05052948
5IN0,41.685605,-85.373783
18OH,41.25619888305664,-82.143798828125
TX82,31.8636,-97.380898
15W,42.89450073242188,-84.39029693603516
07MI,43.864200592041016,-85.0239028930664
8D8,43.14799880981445,-98.54039764404295
2PA3,41.497394,-75.40947
2CN8,34.304167,-117.151389
LA32,30.094679,-92.70092
01NM,33.008611,-104.540278
27MN,48.73749923706055,-96.65450286865234
3LA6,30.137699127197266,-93.0792999267578
3LA8,30.138500213623047,-93.22789764404295
3LA9,30.229400634765625,-93.0885009765625
MY50,44.50337,-92.364404
Y91,44.3203010559082,-85.17120361328125
FD84,30.125200271606445,-82.6636962890625
FL27,30.043800354003903,-82.60399627685547
FL50,30.1466007232666,-82.57230377197266
1FL3,30.034400939941406,-82.78209686279297
CD32,37.90919876098633,-107.3499984741211
K51J,33.8536,-79.768097
5IS4,39.7661018371582,-88.77950286865234
21MS,34.912015,-90.213564
CA42,33.644146,-117.429457
ID59,44.81760025024414,-116.06800079345705
WI89,42.572053,-88.367183
24WN,42.554205,-88.429714
93CO,39.025294,-105.609763
3MI0,43.9370002746582,-85.02200317382812
7NY0,41.68339920043945,-75.01629638671875
17WI,43.03609848022461,-88.89320373535156
WI31,46.410753,-91.653787
FD49,28.77359962463379,-82.13040161132812
FD23,28.867808,-82.198232
MY29,46.79690170288086,-96.09960174560548
8FA8,27.238103,-81.388233
FA60,27.23889923095703,-81.38590240478516
FD72,27.18280029296875,-81.3906021118164
03FA,27.353099822998047,-81.40809631347656
08FL,27.08449935913086,-81.32869720458984
3FD0,27.021699905395508,-81.45120239257812
Y34,44.3572998046875,-97.38480377197266
46LA,32.608273,-91.382797
6LA1,32.98400115966797,-91.20590209960938
WI36,45.826599,-89.620102
KETH,45.782058,-96.543627
IN39,41.14089,-87.394207
62FL,27.8444004059,-81.4396972656
52FA,27.939611,-81.432028
7FD6,26.62260055541992,-80.3052978515625
03MN,43.62519836425781,-95.22470092773438
FD33,28.211700439453125,-81.99870300292969
FL43,28.258100509643555,-81.93060302734375
MD43,39.11840057373047,-76.49659729003906
5MS2,30.25079917907715,-89.45099639892578
24NE,42.3838996887207,-102.43900299072266
3NE7,41.8291015625,-102.34300231933594
MT03,47.993408,-114.224306
MT47,44.6869010925293,-111.8939971923828
22OG,42.27539825439453,-120.3939971923828
NY15,42.8265,-77.714401
34OI,40.6945,-82.117897
2PA4,41.84669876098633,-75.44629669189453
4WN3,45.33209991455078,-88.53600311279297
K5L0,48.02939987182617,-98.32530212402344
NE08,40.547877,-101.978284
II49,38.036651,-86.910846
CD03,38.198226,-102.5669
SC19,34.167701721191406,-80.07759857177734
20MT,47.69646,-104.60156
69MT,47.780733,-104.527115
NJ79,40.35150146484375,-74.9093017578125
XA77,32.751188,-101.780391
IA44,40.65140151977539,-93.96080017089844
02OK,36.618888,-97.535
48OK,36.720351,-97.610781
4FL0,30.403600692749023,-83.80999755859375
2FA9,30.336389,-83.783611
K4F9,46.347285,-98.281533
6TX0,31.047857,-98.365507
69TE,30.92357,-98.231153
76TA,31.301419,-98.224372
1TX0,31.026952,-98.353051
TE48,31.044901,-98.042801
1IS4,42.134783,-89.824208
6IL4,42.160301208496094,-89.88619995117188
SC76,34.80270004272461,-80.68009948730469
T73,34.67430114746094,-80.68229675292969
4PA7,40.0587833,-76.4376528
K73C,42.780499,-90.681
62OH,39.694503,-82.467542
0CL6,34.694584,-118.277106
1CL1,34.79410171508789,-118.27799987792967
4MO2,40.55839920043945,-92.44190216064452
1WN5,46.15470123291016,-89.31749725341797
44NC,35.54330062866211,-80.65190124511719
2PA7,40.33340072631836,-77.29969787597656
2PA8,40.30009841918945,-77.29969787597656
88PS,40.122661,-76.419255
33A,35.15729904174805,-82.12229919433594
IL27,40.129295,-88.831603
IN14,38.238998,-86.019402
7ND8,48.85219955444336,-98.74819946289062
SC20,33.48429870605469,-81.82589721679688
OK30,36.491798400878906,-95.05020141601562
2TE8,29.807098,-101.787343
TT34,30.072376,-101.652209
7NA2,48.687801361083984,-101.3499984741211
90WI,45.575001,-88.708397
76II,41.27640151977539,-85.27110290527344
II38,41.42639923095703,-86.31639862060547
66II,40.04219818115234,-85.86530303955078
4AL9,31.974700927699995,-86.2938995361
98MN,47.294759,-94.873874
MN12,47.199617,-94.7499
WY61,41.284785,-105.510786
TE32,27.3085994720459,-99.4813995361328
0TE5,27.433799743652344,-99.18589782714844
61ND,47.9474983215332,-97.66200256347656
62ND,47.77920150756836,-97.7594985961914
CO93,39.25,-104.89099884033205
WI91,44.202801,-88.639603
K7V9,38.053903,-103.238698
NM53,35.5099983215332,-104.58399963378906
8TS3,31.390199661254883,-95.47329711914062
OH78,39.96760177612305,-84.40879821777344
08NE,42.430484,-97.078731
0MT5,45.633771,-108.848248
96MT,45.6655,-108.717333
VG31,36.732138,-80.559669
80S,46.307201,-108.956001
3GE3,34.41235,-83.18061
9Z9,60.41109848022461,-149.3699951171875
6TA3,32.72140121459961,-96.7238998413086
0KS4,38.807239,-95.370056
SN45,38.82841,-95.267215
76KY,38.01480102539063,-84.84159851074219
IS34,38.70669937133789,-87.6333999633789
KOEA,38.68521,-87.543138
57OI,39.996700286865234,-83.85469818115234
26MO,39.457768,-94.247589
NR94,36.522324,-80.27755
71OK,34.57619857788086,-98.48300170898438
OK07,34.5182,-98.3256
OK08,34.527021,-98.348464
IA84,42.479107,-96.207184
GE11,34.60580062866211,-85.46189880371094
W50,39.244499,-77.148598
LA35,31.161677,-92.421551
KU00,44.67380142211914,-113.35299682617188
48LL,42.125575,-89.460555
7TE4,29.599505,-99.846325
XA31,29.8169002532959,-99.78780364990234
68NC,36.399600982666016,-79.12809753417969
27W,47.81940078735352,-120.72000122070312
3WA1,47.60359954833984,-120.66999816894533
10TN,36.0718994140625,-86.35440063476562
1TN0,36.246415,-86.303381
9TN9,36.01940155029297,-86.28810119628906
TN96,36.04119873046875,-86.3582992553711
TN26,36.0575,-86.3955
TN49,36.261961,-86.149929
00TN,36.120451,-86.359532
30MO,37.64590072631836,-92.49459838867188
88OR,44.56829833984375,-122.97100067138672
3PA0,40.383399963378906,-76.46640014648438
OG10,44.557405,-122.82717
6OR8,44.532319,-122.982869
XS16,30.068495,-96.81187
0TS4,30.091673,-96.794078
UT54,37.253299713134766,-113.33399963378906
1UT9,37.230292,-113.351146
KD31,48.28499984741211,-99.40350341796876
65IS,41.02389907836914,-88.98370361328125
7IS7,38.914077,-89.669809
8GA3,31.77519989013672,-84.1249008178711
3VA5,39.028889,-77.625
OH28,39.36669921875,-83.5999984741211
51FD,28.667800903320312,-81.91809844970703
19LA,31.117022,-93.154317
57LS,31.205025,-93.277166
SC23,33.76764,-81.35772
8OH4,40.84407,-80.703195
3PN3,41.28369903564453,-76.03520202636719
9PA5,40.78010177612305,-75.71630096435547
12IA,42.80049896240234,-96.13780212402344
KLEM,45.9187011719,-102.106002808
SD41,45.53329849243164,-101.83399963378906
NV17,39.67319869995117,-119.81300354003906
32CA,36.331538,-119.825177
CN15,36.36920166015625,-119.78600311279295
49II,39.60979843139648,-87.01529693603516
96IL,42.37571,-89.850848
18NC,35.888999938964844,-81.61370086669922
NC27,35.94459915161133,-81.49009704589844
3TN8,35.763999938964844,-84.1874008178711
80TN,35.826698303222656,-84.33000183105469
TN71,35.79449844360352,-84.34159851074219
TN74,35.80009841918945,-84.31939697265625
SN03,39.62939834594727,-100.01499938964844
13MO,37.67639923095703,-91.7064971923828
3LL6,38.335,-89.769722
II28,41.210683,-85.063098
AR81,34.16230010986328,-92.60379791259766
AR82,34.171199798583984,-92.6959991455078
AR83,34.17620086669922,-92.70099639892578
5TX2,33.422298431396484,-96.21690368652344
6TA2,33.37220001220703,-96.36219787597656
39MD,38.274989,-76.724047
8MD7,38.23860168457031,-76.65969848632812
MD45,38.2307014465332,-76.62879943847656
00AA,38.704022,-101.473911
3PA4,41.77790069580078,-76.13719940185547
OI31,41.70980072021485,-81.12480163574219
72MO,38.425983,-91.245396
WV71,38.899200439453125,-81.92970275878906
ME35,44.93149948120117,-69.0073013305664
9OA4,39.830299377441406,-84.50969696044922
TN12,35.473439,-86.681406
2TN3,35.509256,-86.690605
ID57,46.223104,-116.869994
ID83,46.296332,-116.954207
34IL,40.361545,-90.109849
1PA4,40.55207,-77.61139
MT65,47.116515,-109.382105
08NC,36.06760025024414,-80.4655990600586
TA75,30.386981,-97.105794
TE75,30.413372,-96.96516
2NC6,35.799598693847656,-80.39620208740234
48NC,35.781700134277344,-80.41690063476562
K19M,33.1255,-90.025597
64KY,38.0122,-84.346408
OK56,35.07625,-97.346634
2IS9,40.578098,-88.707802
48IS,40.60219955444336,-88.8333969116211
2MD6,38.14400100708008,-76.47219848632812
4MO4,39.21670150756836,-94.33360290527344
MS49,31.165001,-90.816164
N61,35.87369918823242,-79.52749633789062
NE57,40.093678,-96.479616
4SC4,34.76530075073242,-82.69110107421875
8II2,39.652607,-84.866417
II20,40.67369842529297,-85.26329803466797
XS12,30.678058,-98.017294
91TE,30.72470092773437,-97.86199951171876
20TT,30.753859,-97.961767
TA60,30.736752,-97.974477
47II,41.05619812011719,-85.69049835205078
8MD5,39.49829864501953,-77.2217025756836
6MU9,37.5348014831543,-91.96520233154295
21MO,37.587675,-91.783336
4N4,46.089544,-97.16614
II21,41.47529983520508,-85.6947021484375
II51,41.48479843139648,-85.59300231933594
HI33,21.966071,-159.426963
9CL3,41.239489,-120.526121
AL88,30.427002,-87.471407
85TA,32.463158,-97.149856
NR68,35.405597,-78.940375
OH91,40.70009995,-84.23439789
IA62,43.3746,-92.308274
AK53,61.257089,-153.797888
WY18,43.560055,-106.00987
VT03,44.08869934082031,-72.98090362548828
VT76,44.10441,-72.978404
3L7,44.7383,-83.3797
28MT,46.952372,-112.747078
MT21,47.05362,-112.546111
ND98,46.76079940795898,-100.65499877929688
2LL3,40.066483,-89.272144
IL64,40.18059921264648,-89.5000991821289
K71,39.058102,-98.167
37IL,40.133399963378906,-89.32510375976562
3PA8,39.82040023803711,-75.92579650878906
3GE8,33.843616,-82.478807
24NR,35.4239,-81.25374
NR76,35.230126,-78.706758
9NC2,35.21820068359375,-78.79640197753906
4NC3,35.227514,-78.817261
K70A,32.2668,-87.718102
90CA,38.00350189208984,-121.11900329589844
58TN,35.544245,-87.744767
E32,36.29140090942383,-107.05599975585938
9NE4,41.70330047607422,-97.74449920654295
3OK5,34.728599548300004,-97.605796814
MN26,45.401375,-92.85724
5MN5,45.4364013671875,-92.83489990234376
PA01,41.67509841918945,-80.43450164794922
1PA6,40.360983,-76.74389
44MO,38.487234,-91.711023
MY18,45.187198638916016,-93.13050079345705
MD47,39.33290100097656,-77.0969009399414
63ND,46.36520004272461,-97.72820281982422
1LL4,39.183227,-89.69726
CT44,41.78570175170898,-73.30870056152344
MN31,45.062198638916016,-94.5792007446289
27FA,27.806199,-82.141365
4WA2,46.92720031738281,-122.96800231933594
3AR6,34.728493,-92.516985
51ID,44.529617,-116.424339
IL65,40.999001,-90.718001
MN23,48.453723,-93.598064
45FL,30.23740005493164,-82.90650177001953
0CN2,39.228622,-121.688265
9FL0,30.09239959716797,-83.08540344238281
FD42,30.211599349975582,-83.05460357666016
FD61,30.17659950256348,-82.9979019165039
FL07,30.2502002716,-82.92400360110001
FL08,30.41550064086914,-83.0165023803711
FL09,30.33880043029785,-83.14430236816406
FA88,30.425042,-83.048469
18CL,39.2859992980957,-121.69400024414062
63CN,37.66130065917969,-121.69400024414062
IA83,42.954883,-94.167638
LA22,37.699064,-121.709742
15XS,29.33270072937012,-95.33409881591795
MT48,45.42629,-110.656532
K9W7,42.903958,-90.363917
35XA,30.834058,-94.941683
7IN6,38.58190155029297,-86.25360107421875
6II7,39.883157,-86.581836
II52,39.87749862670898,-86.52780151367188
01II,39.8849983215332,-86.50669860839844
44TS,30.5776996613,-98.8337020874
XS00,30.63719940185547,-98.74829864501952
46CN,34.484781,-117.825898
TS46,30.737375,-98.703672
4PA5,41.30839920043945,-77.52469635009766
6PA8,41.20140075683594,-77.44080352783203
30TS,29.848994,-97.768958
TS39,34.3120002746582,-101.41200256347656
5XS7,34.229698181152344,-101.46399688720705
TE70,34.13113,-101.42291
59NY,43.230821,-78.686485
NK25,43.194157,-78.799381
6IA7,40.99039840698242,-91.74420166015624
MU27,37.46810150146485,-93.9293975830078
MO95,37.3939486,-93.9599681
3NC3,35.24689865112305,-80.40750122070312
5NC3,35.299386,-80.457833
GE33,33.304319,-84.136798
GE53,33.316745,-84.150612
9WN5,43.326674,-89.522733
8CA8,38.06740188598633,-121.20800018310548
CL11,38.13460159301758,-121.22000122070312
12CA,38.10960006713867,-121.16899871826172
40OI,41.06169891357422,-81.98359680175781
OI01,39.51369857788086,-82.4489974975586
NM61,35.329681,-103.504944
6GA4,33.79710006713867,-83.85130310058594
IA08,42.278099060058594,-94.55169677734376
XA44,31.26609992980957,-98.42389678955078
23VT,43.22150039672852,-72.71289825439453
OK24,34.206199645996094,-97.2311019897461
0MU7,38.875,-94.13970184326172
4MO9,38.893287,-94.107277
MU84,38.89950180053711,-94.22940063476562
9XS7,32.94710159301758,-95.95860290527344
1OK5,34.982941,-99.228816
9OA3,39.08340072631836,-81.77760314941406
OR07,44.762402,-119.101878
MD48,39.4734001159668,-76.50019836425781
7VA5,37.104101,-79.091192
4AK3,61.378011,-143.32105
00WA,47.17839813232422,-122.77200317382812
CO58,40.105801,-104.955002
CO23,40.110614,-105.235151
2XA7,32.6150016784668,-94.7656021118164
3TS0,32.50849914550781,-94.70020294189452
XS02,32.510025,-94.824508
2AR0,34.868099212646484,-91.97429656982422
39AR,34.911185,-91.837072
3GA3,34.871111,-85.4375
4WA4,48.541500091552734,-122.88700103759766
LS26,30.636065,-90.307628
30TE,33.811199,-101.396003
PN53,40.551498,-78.623398
MN66,45.0630989074707,-93.6522979736328
K5J9,34.088402,-78.864899
SC21,33.942902,-78.828984
MS28,31.867991,-91.13348
CA23,34.034999,-118.266202
92TA,26.12120056152344,-97.4280014038086
NM89,34.7796,-106.5159
2CN4,35.664623,-119.893518
LSR,65.398355,-167.167675
01KS,38.54059982299805,-97.00330352783205
29IL,41.1301,-89.10697
83OR,45.50130081176758,-117.47200012207033
OR80,45.520762,-117.37839
7OR2,45.492867,-117.382667
TS81,31.157444,-97.07525
80CA,38.817133,-120.922541
NH07,43.280399322509766,-71.45659637451172
7OH7,40.622447,-82.252514
00NC,36.08520126342773,-78.37139892578125
4MO6,39.439485,-91.116199
MO46,39.520302,-91.171799
GE20,33.054297,-82.324862
44TN,35.84090042,-84.07569885
0CO1,40.0332984924,-105.124000549
1OA7,40.84170150756836,-81.24150085449219
25OH,40.91310119628906,-81.25980377197266
GA89,33.475799560546875,-84.27690124511719
5OI0,39.28419876098633,-84.2113037109375
CD20,40.47499847412109,-105.22000122070312
NV39,40.121106,-118.406528
VA61,39.26532,-77.653598
VA62,39.257856,-77.65407
95TS,33.23080062866211,-98.4897003173828
8VA6,37.73820114135742,-78.96219635009766
VA96,37.82540130615234,-78.73169708251953
VG52,37.83919906616211,-78.82170104980469
1VA3,37.658199310302734,-78.94560241699219
KE06,32.95254,-103.40993
24C,42.953899,-85.343903
26MI,42.923901,-85.378098
FL80,29.334699630737305,-82.16680145263672
0II8,41.324798583984375,-87.47589874267578
IN90,41.25979995727539,-87.48139953613281
3AR7,36.26461,-94.16545
IS00,40.84170150756836,-89.27449798583984
AL35,30.619600296,-87.7043991089
1AL5,30.63640022277832,-87.747802734375
82TE,33.421253,-101.938542
33NC,35.63473,-78.013601
15TT,33.116379,-96.553817
0OI9,38.89450073242188,-83.1135025024414
ND35,46.70000076293945,-97.70040130615234
4MS5,31.001399993896484,-88.51699829101562
MS26,30.80220031738281,-88.54750061035156
22MS,30.836486,-88.57056
4CL4,34.456835,-117.028936
51CA,34.42359924316406,-116.61699676513672
7CA1,34.41469955444336,-116.6230010986328
02UT,41.369336,-113.841019
VT17,43.36899948120117,-72.67430114746094
2TA1,31.3902,-94.691002
TX49,31.291666,-94.699444
68AR,35.933573,-94.415925
K4R1,31.015499114990234,-89.48259735107422
63GE,32.047358,-84.740064
NV07,38.4147,-115.037003
UT28,37.97499847412109,-113.46299743652344
24AR,34.201022,-90.952267
4MD0,38.374298095703125,-76.48300170898438
MD50,38.361198,-76.405197
WY44,43.42658,-104.236194
KLSK,42.7537994385,-104.404998779
15MT,48.50040054321289,-105.91000366210938
MT04,48.40420150756836,-106.00900268554688
04LA,30.051001,-90.703848
95MI,44.087026,-85.7307415
OL24,35.735819,-97.189254
5OK9,35.721944,-97.204722
OK55,35.714500427246094,-97.22589874267578
74GA,33.225688,-84.665982
FL35,28.174999237060547,-82.48777770996094
K04A,31.7363,-86.262497
NA86,47.33330154418945,-97.9009017944336
8WI6,44.610752,-87.653567
53MN,43.5458984375,-93.02660369873048
MS82,30.510499954223636,-89.14730072021484
NE06,42.826639,-98.422323
78MO,37.456281,-92.404059
1ND7,46.8291015625,-97.26699829101562
SC27,34.10100173950195,-80.12560272216797
35NK,43.367099,-78.414026
NY13,43.0908,-76.98864
28OH,41.703399658203125,-84.00270080566406
WI92,42.658955,-88.367932
73IN,38.976593,-87.022727
WY34,43.34049987792969,-107.68699645996094
FL11,30.34939956665039,-82.12090301513672
6CA1,41.7426986694336,-121.87799835205078
NY11,43.035301208496094,-77.30799865722656
23NK,43.11249923706055,-77.3125
4NK5,43.101200103759766,-77.3677978515625
KMVM,44.70309829711914,-67.47859954833984
3VG2,37.3883018494,-75.8925018311
2ID2,43.95439910888672,-113.64700317382812
ID56,43.981899,-114.043999
ID97,44.034663,-113.459251
PS73,41.06174,-77.43318
9IL6,40.51309967041016,-89.36730194091797
94KS,37.97499847412109,-98.9656982421875
LL27,40.454200744628906,-90.62349700927734
NC10,36.54180145263672,-78.05799865722656
0NA5,48.0010986328125,-99.56289672851562
6D3,47.97779846191406,-99.527099609375
NA38,47.95059967041016,-99.42960357666016
49CL,36.90549850463867,-120.177001953125
77CA,37.12080001831055,-119.98799896240234
1GE7,33.5172004699707,-83.439697265625
0NC7,36.36481,-79.99614
GA50,33.59682,-83.519469
GA65,33.607911,-83.355257
II54,38.81589889526367,-85.44640350341797
VG43,38.307079,-78.098953
4OH1,41.71699905395508,-81.10679626464844
OH03,41.79230117797852,-81.05819702148438
5G3,43.965199,-97.0298
63TN,35.438483,-84.400711
47TS,31.04800033569336,-95.9177017211914
72OR,44.7843017578125,-120.95500183105467
OG19,44.65010070800781,-121.23799896240234
OG51,44.48350143432617,-120.91600036621094
4OR1,44.670278,-121.195417
46NE,40.893842,-101.50076
4NE0,40.91609954833984,-101.55999755859376
66NE,40.92915,-101.603794
7AL7,31.064693,-85.438981
13NM,33.419437,-108.142216
NM37,33.5765,-107.900002
29OH,40.6864013671875,-81.30259704589844
2AL1,30.42410087585449,-87.77780151367188
5WN9,44.59439849853516,-92.2584991455078
NA39,47.89780044555664,-101.8550033569336
MU04,36.58980178833008,-89.92009735107422
3FL8,30.9463005065918,-85.2738037109375
56FD,30.9646,-85.069397
XS55,31.92930030822754,-96.93890380859376
8OA7,39.557083,-81.780553
PN69,40.09249877929688,-75.51580047607422
LA25,30.697399139404297,-92.41400146484376
1VA0,37.629299,-77.747498
NJ46,40.276995,-74.387874
51VA,38.71620178222656,-77.63390350341797
VT59,43.27780151367188,-72.91079711914062
OK46,36.95905,-98.07554
OK47,36.96002,-98.03039
KAYX,35.392601,-86.0858
64ND,46.85079956054688,-101.0749969482422
25ND,46.866254,-100.986881
6LA6,32.224604,-91.856413
7OK2,34.976866,-99.501261
K2K4,34.892601,-99.528198
43KS,39.101898193359375,-96.41780090332033
49KS,39.2140998840332,-96.67230224609376
5KS6,39.2348,-96.473601
7KS6,39.124467,-96.500135
C45,40.48929977416992,-89.7780990600586
93MN,44.03210067749024,-93.94840240478516
4AK5,62.98989868164063,-144.47999572753906
NY67,42.99309921264648,-75.91169738769531
SC38,33.7075,-80.080597
SC41,33.664833,-80.24703
5VA4,37.721561,-77.22024
04VG,37.706546,-77.201621
2OI8,40.86389923095703,-82.42060089111328
32OH,40.760057,-82.41833
OI60,40.75479888916016,-82.3916015625
57PN,41.871962,-76.950101
6TX7,32.537601470947266,-97.13079833984376
51IL,40.27170181274414,-88.49449920654297
04IS,40.1786003112793,-88.56900024414062
19LL,41.25699996948242,-87.91950225830078
58IL,41.240254,-87.857666
8ND4,48.07360076904297,-97.18620300292967
MI02,44.891058,-85.889247
95KS,39.026161,-96.015042
59IL,41.92580032348633,-88.64640045166016
MN69,45.00270080566406,-93.6718978881836
AL76,32.84870147705078,-86.87000274658203
82KS,38.012073,-94.857872
2ND0,46.813218,-97.050791
92TE,29.967377,-102.942183
93TE,29.809601,-102.907997
48XS,29.92659950256348,-103.29499816894533
5TE5,30.266235,-103.23349
6TX9,29.859104,-102.790603
09TS,29.48240089416504,-103.16500091552734
TA64,29.700917,-103.15
NY92,42.438421,-76.089272
1AR4,36.162222,-93.607222
0MU4,39.6161003112793,-92.8668975830078
67MI,41.997875,-85.853483
IA69,42.8736000061,-95.8031005859
MD80,38.455384,-75.797167
62IL,42.186005,-88.604037
63IL,42.18339920043945,-88.59449768066406
64IL,42.237985,-88.662288
66IL,42.26919937133789,-88.57119750976562
IS57,42.1796989440918,-88.63279724121094
7IL3,42.276572,-88.563294
37IS,42.33219909667969,-88.60559844970703
0TA7,30.153167,-103.89978
5TE1,29.65019989013672,-103.9499969482422
0AZ4,32.9823,-112.287003
2AZ4,33.0536994934082,-112.14600372314452
41AZ,32.991601,-112.02364
AZ13,33.017246,-112.279415
AZ31,32.996700286865234,-112.27200317382812
AZ43,33.053965,-112.173543
AZ78,33.003823,-112.276239
43SC,35.019537,-82.546479
1OK9,33.975101470947266,-97.08920288085938
OK29,33.9359016418457,-97.05449676513672
OL27,34.031456,-97.00931
5WI4,45.08140182495117,-87.6792984008789
VA59,36.766632,-81.578979
2MD0,38.04897,-75.704169
1IN9,40.594916,-85.424473
67ND,46.54330062866211,-98.3823013305664
0MT6,48.037607,-114.674478
MT88,48.00439834594727,-114.9990005493164
75OI,40.503700256347656,-83.09020233154297
TT45,29.497349,-98.154255
PN57,40.8120002746582,-79.03730010986328
5CL0,37.339615,-119.857463
6CL4,37.457828,-119.741921
3LL1,38.223785,-89.706689
34OH,41.25699996948242,-84.6416015625
K6M8,35.532941,-90.400137
34AR,35.581454,-90.384668
II13,39.920278,-85.598611
KMMS,34.231499,-90.289597
OH07,40.94390106201172,-81.23899841308594
CT20,41.599591,-72.434278
61OK,34.683855,-97.928033
OK81,34.684141,-97.866694
84OK,34.664608,-98.077316
92OK,34.730738,-98.014461
OK91,34.643097,-98.044016
OK89,34.693435,-97.898155
7OK8,34.66155,-98.102794
2OK0,34.65693,-97.79248
0OK8,34.614166,-98.023333
88OK,34.622533,-97.980693
TA23,31.26129913330078,-96.21640014648438
P09,40.707001,-80.030296
35NR,35.830545,-82.519312
33NR,35.93897,-82.515467
ME38,46.52780151367188,-67.87449645996094
34IS,41.444801330566406,-88.7166976928711
67IL,41.358054,-88.646215
69IL,41.364858,-88.677827
3LL3,39.44609832763672,-87.64450073242188
18MI,42.20207,-84.939356
MO85,37.25170135498047,-92.83380126953124
3NC4,35.05350113,-80.40899658
46NC,34.892799377441406,-80.37329864501953
08ID,43.56930160522461,-116.7770004272461
ID10,43.594819,-116.832522
62IA,42.06669998168945,-91.3667984008789
K0U7,43.32358,-113.59033
WV17,39.39339828491211,-78.15579986572266
VA12,36.64680099487305,-79.7969970703125
VA72,36.60010147094727,-80.0386962890625
4VA1,36.686798095703125,-79.66609954833984
6VA2,36.741798400878906,-79.8478012084961
90IN,39.40890121459999,-86.44419860839999
II55,39.527000427246094,-86.30030059814453
II87,39.45140075683594,-86.32830047607422
IN20,39.45370101928711,-86.2802963256836
IN58,39.501336,-86.262923
0II9,39.532612,-86.576729
AS04,34.566206,-90.998872
12AR,34.515387,-90.97352
26AS,34.56025,-90.93233
7MD0,39.06669998168945,-75.7332992553711
2OA5,40.182498931884766,-83.35089874267578
22CL,39.29990005493164,-121.35900115966795
IN07,38.518522,-85.587583
78Y,40.330746,-94.834757
06FD,28.641700744628903,-81.88500213623047
29MI,42.59999847412109,-84.44999694824219
6TX1,30.728833,-99.340181
0TA8,30.669856,-99.331716
5TX1,30.793129,-99.216548
8TX6,30.940392,-99.189914
77OH,39.36280059814453,-84.34130096435547
73IA,43.23559952,-93.20829773
73NY,42.265767,-75.310033
8TE0,33.96433,-100.78861
5VG2,37.454436,-76.372191
6TA9,28.117000579833984,-98.0447006225586
VA73,37.244789,-77.4939
74WA,46.733168,-119.711163
8MI3,42.195899963378906,-85.80560302734375
MI84,42.19839859008789,-85.80670166015625
65MO,36.732825,-89.582128
SC97,34.72669982910156,-82.3396987915039
19OR,45.10960006713867,-121.2239990234375
VA58,38.90610122680664,-78.44439697265625
5NA0,47.77360153198242,-101.27899932861328
69ND,48.74309921264648,-101.04199981689452
IA56,41.780452,-93.379735
12CN,39.268306,-122.116689
8CL6,39.28850173950195,-122.18900299072266
0ID2,44.4429016113,-113.773002625
K0U8,44.610513,-113.89596
0AK5,61.355352,-142.731832
60MI,42.04140090942383,-83.56690216064453
ID26,43.233474,-115.939673
AR34,34.98199844360352,-92.44519805908205
68NM,33.028964,-105.126393
TN56,36.07229995727539,-85.11389923095703
MA52,42.43817138671875,-71.47024536132812
FD50,30.109100341796875,-83.1886978149414
33FD,29.914400100708008,-83.2665023803711
19XS,32.29719924926758,-97.08689880371094
34TE,32.23210144042969,-97.00859832763672
TA26,32.2963981628418,-97.05680084228516
89NJ,39.489201,-74.723602
52NC,34.844627,-77.265966
8NC7,34.935447,-77.273433
8MO5,39.82279968261719,-94.38410186767578
1OK7,34.80009841918945,-97.4822006225586
65NY,42.28390121459961,-79.44390106201172
7NA4,47.5172004699707,-97.33370208740234
NE15,40.617047,-100.725821
5IL5,41.259925,-88.356535
IL97,41.273646,-88.444185
18XS,33.797991,-101.026554
NM73,34.77734,-103.855448
8FD1,30.098800659179688,-82.92759704589844
9FD9,30.1224002838,-82.9679031372
FL10,30.114999771118164,-82.90899658203125
84ND,48.00080108642578,-97.75700378417967
WN47,47.08169937133789,-123.2699966430664
PN55,39.8583984375,-79.82340240478516
19TA,32.82229995727539,-96.41690063476562
CA11,41.2732009888,-122.122001648
K7G2,47.4622,-100.487
19NE,40.10829925537109,-100.80899810791016
OR95,45.049800872802734,-123.23500061035156
OA05,39.424198150634766,-84.65910339355469
TE84,31.468038,-97.473385
38PN,42.000099182128906,-80.16649627685547
KM93,36.31316,-87.913969
1IL9,40.30059814453125,-89.12439727783203
56OK,35.45840072631836,-97.06700134277344
MS93,30.726600646972656,-89.73169708251953
2ID5,44.807467,-116.049483
0AK8,61.42687,-142.97823
2SC7,33.051701,-79.541397
TA20,26.4795,-98.383019
1AR0,35.401013,-91.129231
MD64,38.799599,-76.2724
5KS8,39.818151,-101.349342
00IG,39.724028,-101.395994
VA49,38.331111,-78.754443
VG54,38.319067,-78.763754
AK40,63.2291984558,-154.759994507
8D6,45.910833,-101.342927
XS42,33.266375,-96.516722
TS63,33.245493,-96.565834
0TS9,35.340105,-100.629575
2E7,35.246157,-100.546875
3LL8,38.076011,-88.538446
5KS1,39.191986,-95.215931
SN90,39.226959,-95.192231
11TN,35.595846,-85.718814
2AZ9,31.606119,-109.654263
K8M6,47.770474,-98.184855
70S,47.787200927734375,-117.35800170898438
05CO,40.214984,-104.984423
0CO8,40.2083015442,-105.013000488
KM64,37.362463,-100.472463
K3K4,37.307608,-100.476314
24AK,61.616313,-149.706183
MI71,43.64450073242188,-86.4529037475586
05NR,36.168415,-79.276908
7NC6,36.05540084838867,-79.32669830322266
7NY4,42.42509841918945,-76.71499633789062
K27C,43.63046,-85.261095
2MI9,43.62419891357422,-85.31780242919922
2IN3,41.08480072021485,-86.92420196533203
6MN8,44.15053,-93.27721
OR06,42.53900146484375,-122.9229965209961
OR60,42.466668,-122.713561
0IA4,41.027897,-91.063442
8AN6,47.65919876098633,-117.68199920654295
K80V,41.88363,-106.18239
WY16,42.259998,-105.859001
WY17,42.021912,-106.42653
99KS,37.410995,-98.649306
KK51,37.266,-98.548052
66NY,43.20280075073242,-78.35389709472656
7OH1,41.211246,-81.97312
ND40,46.81669998168945,-99.25039672851562
XS11,29.777899,-99.361407
XS13,29.816600799560547,-99.19670104980467
87XS,29.791121,-99.263964
4WV4,39.176342,-79.068142
WY42,44.307498931884766,-108.73699951171876
SC51,32.7046012878418,-80.2531967163086
25NE,41.724098205566406,-103.51100158691406
65NM,34.728528,-103.604679
81FL,29.715153,-82.097139
14NY,40.79755,-73.4179
2LS3,30.626092,-91.768584
75MI,42.970966,-82.847459
3TN6,35.0968017578125,-89.28060150146484
TN43,35.096843,-90.114406
TN99,35.136528,-89.654722
KF21,34.739601,-100.529999
14TE,30.917624,-99.475771
TE15,30.889962,-99.632628
XS15,30.779108,-99.894421
UT29,41.725774,-111.9914
UT89,41.681612,-111.98181
81LL,41.572305,-89.171391
IL22,41.521999,-89.132599
IA00,41.52000045776367,-94.36270141601562
SD77,43.277774,-97.558545
4O7,36.372100830078125,-98.17839813232422
6OK3,36.358947,-98.143872
18ND,46.779094,-100.514856
WI27,44.92020034790039,-91.9748992919922
AL09,34.53340148925781,-85.59020233154297
5LS6,32.765174,-91.796136
0TS8,26.150400161743164,-97.88359832763672
5XS6,26.1754,-97.875298
00PN,41.2995,-80.211111
2WI5,46.097401,-90.1632
39PN,41.21590042114258,-80.19760131835938
2ND1,47.49250030517578,-100.6999969482422
2ND2,47.56689834594727,-100.72100067138672
04ME,44.66669845581055,-69.8938980102539
IS69,39.91889953613281,-90.51100158691406
5NY1,42.39979934692383,-74.90630340576172
81KS,39.1562,-95.577499
77ID,43.524278,-116.406997
0MS0,32.474998474121094,-88.61669921875
38CN,39.10929870605469,-121.88400268554688
92CL,39.10319900512695,-121.8499984741211
MS95,33.8473014831543,-90.72509765625
31XS,33.18370056152344,-96.27030181884766
TE44,33.24225,-96.288667
TT99,33.19204,-96.21986
91XS,32.331019,-100.051893
2WY3,43.00719833374024,-110.31700134277344
47IN,38.988399505615234,-87.51809692382812
WI87,45.2033004761,-89.52439880370001
WN44,45.23939895629883,-89.56900024414062
WS23,45.2160987854,-89.7472000122
5WI5,45.275001525878906,-89.4917984008789
92WI,45.29610061645508,-89.64109802246094
0OR3,42.01900100708008,-121.7040023803711
WI50,43.398,-89.637602
57NE,42.924293,-101.693657
PFME,60.818385,-164.519013
5WA1,46.521422,-119.177189
97WA,46.585335,-119.153711
WN31,46.603059,-119.062589
9CO9,39.127886,-108.143302
01PS,41.59590148925781,-76.02960205078125
KM30,37.182382,-88.750688
11TS,31.6579,-96.4114
03UT,37.114384,-109.99014
NY96,43.426700592041016,-76.19380187988281
58PA,39.8599647,-78.987701
5TE8,35.761199951171875,-100.7519989013672
K3E0,35.71390151977539,-100.60299682617188
FL31,25.552307,-80.555781
70OK,36.83369827270508,-94.9040985107422
FL12,30.590499877929688,-84.03040313720703
29II,41.6598014831543,-86.80750274658203
13TT,29.539657,-98.952187
5MN9,48.42359924316406,-96.12889862060548
37PA,40.78839874267578,-77.1061019897461
FL13,30.06859970092773,-81.96070098876953
11FL,30.043724,-81.885217
7NK0,42.64528,-74.390514
IN75,41.737893,-85.713283
8PS0,41.847900390625,-77.28140258789062
3MA2,42.316200256347656,-73.03199768066406
K4N2,42.713133,-77.27271
56NH,43.481111,-71.056861
PAMD,59.4499015808,-146.307006836
1DE5,39.495601654052734,-75.7332992553711
08NY,41.36809921264648,-74.50559997558594
94TT,31.369806,-101.817947
7TX5,32.217098236083984,-102.16000366210938
2OA2,39.247897,-83.916378
TA11,32.382499,-97.011852
17ID,44.41421,-116.599123
92GE,32.845298767089844,-82.27079772949219
TA82,31.061066,-95.751494
PN62,40.375099182128906,-80.29979705810547
2OK2,35.329200744628906,-97.2697982788086
8PA4,40.94449996948242,-77.0457992553711
60OI,41.3567008972168,-82.6249008178711
KTGC,35.932499,-88.8489
70IN,39.18170166015625,-85.15129852294922
IG04,39.046101,-85.1567
II03,39.19860076904297,-85.13639831542969
IN26,39.136265,-85.146092
MU38,40.1788804,-93.131678
1MI6,42.08792,-83.76487
2OK1,34.192302,-96.518658
4NE1,41.752298,-99.755487
59KS,38.027312,-95.115327
MT29,46.47890090942383,-105.85800170898438
FL77,26.05578,-81.06318
DE10,38.96680068969727,-75.46630096435547
DE11,38.90570068359375,-75.4010009765625
2DE8,38.91357,-75.345334
92IN,41.42340087890625,-85.84750366210938
5IL7,40.652876,-87.830734
TE50,32.17319869995117,-96.96610260009766
NE65,40.766998291015625,-97.07779693603516
NJ95,40.55569839477539,-75.07240295410156
6PA0,41.35010147094727,-74.93289947509766
OH93,40.14030075073242,-83.39019775390625
11NY,41.819096,-73.64321
28AL,32.433222,-86.374592
3PS4,40.72359848022461,-77.98739624023438
9GA6,33.099829,-83.404784
18SD,44.702429,-99.070351
0MU8,37.43870162963867,-89.75900268554688
41NK,41.947778,-73.518055
0IA5,40.87220001220703,-93.26270294189452
4GE0,32.93600082397461,-81.66210174560547
2CO3,40.375,-104.8730010986328
6MI1,43.26309967041016,-83.56379699707031
9MI5,43.23780059814453,-83.52439880371094
2TN4,35.31809997558594,-90.0353012084961
TE34,32.76259994506836,-97.9728012084961
78XA,32.739206,-97.917739
1IL4,38.418701,-90.131203
77GA,33.163124,-84.210258
4R6,46.260159,-97.439325
63ME,45.239167,-68.961528
88ND,48.709166,-97.995577
VT52,44.64339828491211,-73.1875991821289
WI99,42.8135986328125,-88.99710083007812
93FD,30.754600524902344,-87.17749786376953
DE23,38.750301361083984,-75.36000061035156
DE25,38.776100158691406,-75.23359680175781
16FL,30.725184,-87.200769
24FL,30.495574,-87.086821
41TN,35.90079879760742,-86.20719909667969
9OR4,45.93370056152344,-118.447998046875
OG33,45.87900161743164,-118.40499877929688
07OR,45.42179870605469,-122.62000274658205
NM69,32.81420135498047,-107.94000244140624
KD88,42.149612,-79.684503
NE29,40.51390075683594,-99.01200103759766
90LA,32.61389923095703,-93.32360076904295
TA27,32.732139,-95.266825
TX62,32.63349914550781,-95.43910217285156
XA46,32.693599700927734,-95.45439910888672
XA90,32.753456,-95.523512
K3F9,32.676701,-95.510803
VA81,37.94540023803711,-77.89939880371094
WI16,42.85309982299805,-90.12969970703124
2AR6,33.88180160522461,-93.92849731445312
WV64,39.1781005859375,-81.52369689941406
TX34,32.848415374800005,-97.9843063354
0TS7,32.834578,-98.125677
12TS,32.908501,-97.977303
7PN0,40.70500183105469,-76.23639678955078
39OH,40.81230163574219,-81.05509948730469
OH13,40.76810073852539,-81.05819702148438
OH15,40.74589920043945,-81.14430236816406
8WV3,38.506095,-80.023377
24TX,32.502202,-98.393744
1U0,42.97489929199219,-113.35099792480467
SN09,39.11389923095703,-97.68309783935548
7KS7,37.412254,-100.092391
04KS,37.398547,-100.037094
24FA,28.603333,-81.719722
MN74,43.8305015564,-93.84049987790002
WI33,46.1036,-91.902397
4IS6,40.93059921264648,-89.12059783935547
83IL,40.892799377441406,-89.10399627685547
87IL,41.5167007446,-88.2667007446
89ND,47.911399841308594,-101.2490005493164
ND43,48.20000076293945,-101.40399932861328
ND36,48.1911667,-101.202508
41ND,48.140511,-101.147367
ND38,48.136942,-101.157566
MS44,33.69625,-90.431111
KD06,48.292493,-97.393997
9II2,41.6875,-86.15499877929688
04OR,44.7499008179,-120.200996399
64OG,44.493436,-119.843686
UT53,38.493843,-109.446567
12UT,38.48846,-109.43956
26AL,30.62420082092285,-88.27860260009766
62AL,30.6835,-88.372002
5AZ6,32.925,-112.259444
5NC2,35.984352,-80.511595
43NC,36.02080154418945,-80.51640319824219
4NC0,35.89849853515625,-80.61620330810547
5NC1,35.7932014465332,-80.51229858398438
89NR,35.97739,-80.643049
41NR,35.927119,-80.571944
0CD5,37.490501,-104.143997
5CL3,37.667999267578125,-121.1989974975586
CN44,37.620231,-121.165331
37LL,38.04779815673828,-89.99710083007812
6TS4,31.18630027770996,-97.3906021118164
45AZ,34.913306,-114.580078
NY23,42.987597,-74.966499
NY26,42.983398,-74.899597
1CL2,34.942501068115234,-118.16999816894533
2K6,37.38059997558594,-96.2707977294922
90IL,41.19810104370117,-87.55889892578125
0WI2,43.20140075683594,-88.3333969116211
94WI,44.4825,-91.6225
0WI5,44.649797,-91.66945
03IL,41.40230178833008,-87.81670379638672
2IL9,41.43280029296875,-87.78170013427734
VA68,37.116908,-79.603844
2VA0,37.11307,-79.609417
36IS,40.92639923095703,-90.731201171875
OG52,44.83919906616211,-123.25900268554688
0OR7,44.854000091552734,-123.26399993896484
72IN,40.9119987487793,-86.8739013671875
K7C3,43.032903,-91.346586
67GA,33.8592987061,-83.58769989010001
6GA2,33.766389,-83.763056
GA00,33.82559967041016,-83.63970184326172
1GA9,33.761608,-83.652704
0LS9,32.513603,-91.98657
40LA,32.34600067138672,-91.96959686279295
LA33,32.575997,-92.108324
LA34,32.40520095825195,-92.06639862060548
WS96,42.62080001831055,-89.76730346679688
WN20,47.87229919433594,-121.9229965209961
63WI,42.66579818725586,-89.73760223388672
24NC,35.1272010803,-80.47499847410002
9NC3,35.07080078125,-80.56639862060547
6IN6,39.54890060424805,-86.47669982910156
4TX0,29.86359977722168,-94.83439636230467
0AK3,62.0359001159668,-150.49400329589844
02CO,37.64329910279999,-106.04699707
0CO9,37.6582984924,-106.033996582
NV14,41.355499,-114.230003
NV67,41.11579895019531,-114.11399841308594
0WI4,43.82939910888672,-89.35260009765625
6WI9,43.79660034179688,-89.26789855957031
WI19,43.79999923706055,-89.43350219726562
WS68,43.78160095214844,-89.30789947509766
7VA9,38.398821,-79.599724
IN69,41.175167,-86.547444
NK89,42.29169845581055,-77.05799865722656
5AL3,33.15290069580078,-86.85140228271484
48MY,45.118669,-95.577796
9IN6,39.84080123901367,-87.33940124511719
7C5,41.548301696777344,-92.53459930419922
67KS,37.587355,-100.434089
98KS,37.445899963378906,-100.49199676513672
K17,37.583407,-100.469885
TE85,30.342199325561523,-95.66130065917967
MN49,44.42390060424805,-93.4843978881836
AL12,32.35850143432617,-86.125
17MO,38.98500061035156,-91.53489685058594
MO43,38.96849822998047,-91.44349670410156
MO45,38.8922004699707,-91.56600189208984
09UT,38.27581,-109.72945
GA06,33.33250045776367,-83.72689819335938
74FL,30.5846004486084,-83.70790100097656
MS50,31.57929992675781,-90.11119842529295
IN00,40.5452995300293,-87.05220031738281
NK24,42.34775,-76.87035
6PA3,41.15010070800781,-76.89969635009766
8NA5,46.66299819946289,-98.63040161132812
2ND8,46.671372,-98.658068
MO75,38.302662,-94.051339
39CO,38.50354,-107.72149
4GE3,32.4994,-83.182917
7PA6,41.933778,-75.873902
PN43,41.842975,-75.805868
1VG2,38.12466,-76.68858
73OI,41.574501037597656,-81.07569885253906
52CO,39.10969924926758,-104.65399932861328
84TA,31.204237,-97.442267
1AL8,33.61109924316406,-86.47440338134766
XA47,31.30970001220703,-97.48480224609376
ID36,43.762908,-113.344722
99AK,62.5989990234375,-157.15199279785156
FD96,26.832599639892575,-81.0801010131836
7FA2,26.878429,-81.140042
35OL,36.63309860229492,-99.15119934082033
IG07,39.05690002441406,-85.03559875488281
20II,39.58720016479492,-86.27559661865234
1NC2,35.65470123291016,-80.78939819335938
32NR,35.61866,-80.712959
MN77,46.92348,-96.716123
55MN,45.83520126342773,-93.33550262451172
1TA1,32.62864,-99.14053
74KS,37.93339920043945,-95.21720123291016
NK35,42.756528,-76.44375
5LA1,31.028004,-91.980589
91GA,33.273602,-84.793297
TX36,32.060873,-97.588677
TX28,32.02199,-97.677383
3NC0,35.690399169921875,-81.7123031616211
NC52,35.72850036621094,-81.72899627685547
9IN7,39.354771,-86.307371
IN99,39.407019,-86.305697
NM02,34.929303,-106.174279
8MI4,43.49589920043945,-85.57369995117188
52NE,42.04499816894531,-103.96600341796876
07AR,35.194339,-92.802473
21NK,42.552799,-75.191102
LL39,41.25749969482422,-88.47779846191406
IL68,41.432067,-88.522472
66TN,35.523383,-85.846472
4LL9,39.34370040893555,-89.42369842529297
NY97,44.66669845581055,-73.56620025634766
WN85,43.27470016479492,-89.35040283203125
FA30,29.2791996002,-82.5
0AZ5,33.865944,-112.603265
12AZ,33.853901,-112.653001
AZ28,33.821499,-112.572998
AZ32,33.84749984741211,-112.58799743652344
VT64,44.51530075073242,-72.64119720458984
VT42,44.51259994506836,-72.60710144042969
VT44,44.52669906616211,-72.58149719238281
0LS6,30.78770065307617,-92.05039978027344
1LA5,30.7992000579834,-92.05970001220705
1OA6,39.33620071411133,-84.0457992553711
OA12,39.33440017700195,-84.06999969482422
NE43,41.438415,-96.752446
56MN,44.64550018310547,-94.9614028930664
24KY,37.21670150756836,-87.43060302734375
4TN3,35.11830139160156,-89.3677978515625
6PA6,41.35010147094727,-75.48300170898438
09ID,45.10390090942383,-114.8550033569336
ID60,46.71319961547852,-116.99700164794922
3ID3,46.778153,-117.025436
MO59,38.91450119018555,-90.9001007080078
WT18,47.184606,-119.22311
8TN4,36.24470138549805,-82.96890258789062
56WI,44.773458,-89.590824
WS16,44.847198486328125,-89.80149841308594
WI53,44.79175,-89.888706
87WS,44.840956,-89.760461
N01,35.782444,-103.958028
23MS,30.677393,-88.551247
18MN,46.23720169067383,-94.59310150146484
K3P3,46.35969924926758,-102.322998046875
AL34,34.446999,-87.386101
09GA,31.120995,-83.67063
4MO7,40.14139938354492,-95.24079895019533
01OK,35.895353,-96.026122
OL35,35.860129,-96.082036
OK36,35.882198,-96.004402
2OK4,35.81679916381836,-96.05860137939452
54OK,35.86949920654297,-96.03500366210938
OK13,35.84579849243164,-95.97109985351562
L44,32.96820068359375,-87.6406021118164
0MD6,39.38119888305664,-77.10579681396484
MD73,39.458264,-77.149558
MD74,39.4743,-77.195297
05IS,39.72589874267578,-89.26399993896484
1Y3,40.705953,-94.220252
5LL0,38.40840148925781,-87.8375015258789
LL07,42.06258,-89.968114
OI28,40.58390045166016,-82.6792984008789
NR02,35.237778,-79.995556
37WI,42.9911003112793,-89.75350189208984
19PN,40.093043,-76.493138
KSXL,38.231602,-80.870796
KC55,42.0373,-89.392899
68NY,42.750099182128906,-77.78389739990234
NY70,42.648889,-77.920278
OA10,39.00859832763672,-83.9092025756836
OH96,39.033599853515625,-83.88610076904297
P45,40.108398,-79.541397
9NR4,35.355102,-80.431461
MI44,43.67229843139648,-84.73670196533203
SC65,32.82379913330078,-79.80670166015625
XS70,33.13460159301758,-95.01799774169922
16VA,38.334444,-79.160555
77KY,38.11119842529297,-83.87349700927734
88NC,35.6325,-80.685303
77MO,37.09030151367188,-93.76940155029295
2WI7,42.96969985961914,-89.66539764404297
03II,37.9620018005,-87.7789001465
0IN9,37.99322,-87.94855
22II,37.917185,-87.761428
7II3,38.00339889526367,-87.75640106201172
II84,37.93199920654297,-87.77140045166016
IN23,37.909229,-87.757545
2SD4,43.68253,-98.26607
1NA0,48.732200622558594,-97.8895034790039
NV08,41.73799896240234,-116.21600341796876
22MO,37.26119995117188,-92.3667984008789
MO80,37.160598,-92.323501
84XS,30.255,-99.398889
87TA,30.18910026550293,-99.2697982788086
TE33,30.131808,-99.293532
XS20,30.15410041809082,-99.29779815673828
XS23,30.12660026550293,-99.47119903564452
4TS5,30.221900939941406,-99.49839782714844
64TE,30.159034,-99.337209
76AR,36.349669,-92.450489
0ID3,43.075801849365234,-115.6729965209961
41TT,30.181375,-99.40747
OK14,34.719514,-98.923333
XA78,33.46229934692383,-97.0709991455078
OL09,34.887924,-98.755347
2OK5,34.92900085449219,-98.73979949951172
M10,34.53329849243164,-106.2239990234375
63OR,45.61650085449219,-123.0459976196289
SC56,34.36349868774414,-81.99320220947266
5LL1,39.650001525878906,-88.97509765625
5LL2,39.6083984375,-88.8583984375
NC61,36.459589,-76.210855
WI24,42.88109970092773,-89.752197265625
XA48,33.641703,-97.315708
TS20,33.650697,-97.432119
30IN,40.378214,-86.59406
GE04,32.666944,-84.965556
10ID,43.49440002441406,-113.9219970703125
1TE0,34.269500732421875,-102.71700286865234
82NE,41.925195,-101.185257
44MI,42.774235,-84.903217
TT57,31.645625,-98.644726
TA24,31.472514,-98.702014
TA89,31.523799896240234,-98.80030059814452
7TE5,31.67919921875,-98.6635971069336
IN56,40.12689971923828,-85.43190002441406
02IN,40.20890045166016,-85.54080200195312
40PN,41.391438,-76.611179
8FD3,30.877700805664062,-86.85440063476562
71XA,32.352929,-95.716227
5LL3,39.76950073242188,-88.09529876708984
3NE5,40.947553,-96.202597
MY19,45.17079925537109,-95.39250183105467
0TN5,35.867729,-86.497907
7TN3,35.970798,-86.393097
8TN6,35.921579,-86.345034
TN83,35.720789,-86.275016
02AR,34.116945,-93.6965
TN65,35.6664009094,-86.48529815670001
2ID3,42.749198,-116.674089
0ID7,43.230308,-116.763192
4IL8,37.75630187988281,-89.38330078125
28KY,36.57590103149414,-88.31340026855469
54KY,36.731098,-88.2472
UT11,40.66025161739999,-111.889526367
NE82,40.932498931884766,-95.99949645996094
IL29,39.533005,-90.21558
2CN3,33.512692,-117.330503
83OK,35.25680160522461,-94.5780029296875
MA55,41.334801,-70.2995
CT48,41.436798095703125,-71.92539978027344
PABN,62.399731,-142.995365
62XA,31.498348,-94.583918
4AK9,58.732899,-157.015975
ID79,43.5083007812,-116.667999268
38ID,43.5094444444,-116.667916667
MD55,38.39759826660156,-77.18609619140625
4AK8,61.53630065917969,-158.73899841308594
WS69,44.572312,-91.547527
71ME,43.9668998718,-70.6010971069
6H4,42.156399,-84.334396
NM52,35.574822,-103.281956
5MN1,47.373603,-94.798781
WA01,46.356201171875,-123.81500244140624
7OI9,40.06900024414063,-82.13600158691406
TN79,36.173564,-86.952195
TN97,35.807199,-86.612456
1GA8,31.178499,-83.226501
4J2,31.212601,-83.226303
54LA,31.64287,-93.00284
06IS,40.5463981628418,-91.27429962158205
38IS,40.58200073242188,-91.3584976196289
04UT,37.006689,-110.794701
19AR,35.15670013,-92.22419739
GE01,30.930423,-83.079386
PA68,40.712943,-75.308055
6NR6,35.662518,-81.873239
67WI,43.971099853515625,-89.99710083007812
NA67,48.9838981628418,-97.4645004272461
XS25,29.384700775146484,-95.68299865722656
87TE,29.4519004822,-95.8655014038
05PS,40.143075,-77.86221
0WI7,44.1335983276,-88.4992980957
K79C,44.159078,-88.561858
55WI,44.31800079345703,-89.96869659423828
91WI,44.29389953613281,-90.03209686279297
VG22,37.878819,-78.893558
7NK1,42.94309997558594,-75.75360107421875
IA26,42.499741,-95.066805
2SD0,44.16360092163086,-103.47899627685548
6LL0,39.31890106201172,-88.42500305175781
0NJ5,40.88589859008789,-74.70570373535156
3TE3,33.074013,-96.432
PN66,40.42559814453125,-79.36360168457031
6LL4,38.266855,-89.89352
83LL,38.3036003112793,-89.8551025390625
LL26,38.272366,-89.857542
73WI,45.239715,-91.507296
9WI4,42.97859954833984,-88.13480377197266
90XA,29.437778,-98.113056
6LL5,39.78950119018555,-89.99120330810547
IL24,39.70750045776367,-89.88310241699219
TE67,29.429100036621094,-98.13169860839844
NC20,35.087273,-77.162468
0PN4,40.4128990173,-77.24140167239999
NH60,42.958877,-71.653126
69LL,41.288707,-91.050385
70XA,33.392714,-94.441422
5MO9,39.982498,-92.864403
MA89,42.346099853515625,-72.10389709472656
57XA,29.858228,-98.11526
9TA1,29.659882,-98.139153
5TS8,29.8085994720459,-98.27249908447266
77TS,29.799400329589844,-98.08499908447266
IN93,41.71200180053711,-86.43280029296875
12KY,38.46030044555664,-85.1686019897461
85KY,38.47029876708984,-85.13860321044922
VG19,37.990522,-75.592872
5CN4,34.9225,-119.57118
XS05,33.072828,-97.398339
PN68,40.88932,-80.36663
54ME,43.949444,-70.320278
1Y5,43.08720016479492,-92.34320068359376
7IA7,43.083402,-92.311034
15IN,38.15060043334961,-87.84030151367188
2UT5,37.447504,-113.247102
0IN4,41.127405,-84.953306
56IN,41.077799,-84.940453
TN50,34.99150085449219,-85.65080261230469
LS38,30.01309967041016,-91.86920166015624
41PA,40.25790023803711,-77.0813980102539
06OI,39.73479843139648,-84.3822021484375
1OI6,39.77009963989258,-84.4166030883789
PN39,39.77218,-75.910839
9VA4,38.69089889526367,-78.62950134277344
75D,39.68399810791016,-80.86229705810547
6LL6,38.4916992188,-89.6633987427
6PS8,41.820464,-75.69859
CT51,41.53340148925781,-73.41619873046875
71PN,39.91815,-77.045533
4PN8,39.870729,-77.102386
51PA,39.883399963378906,-77.08300018310547
47CO,40.900001525878906,-104.83399963378906
CO06,40.51359939575195,-103.91200256347656
45OH,38.975994,-84.219511
14WI,45.136944,-92.376667
0LS7,30.61280059814453,-91.48419952392578
K8J7,47.6963996887207,-99.1312026977539
NA44,47.65420150756836,-99.15959930419922
ND84,47.74925,-99.222389
ND83,47.74284,-99.393254
3FA7,29.042662,-81.05695
36MN,44.583046,-92.94414
3IN6,38.588333,-85.505833
XS09,30.537500381469727,-95.4364013671875
73TX,30.569528,-95.482361
2IN9,39.56669998168945,-86.11810302734375
5II2,39.55979919433594,-86.13500213623047
92PN,41.067761,-80.294727
5II1,39.78279876708984,-86.61750030517578
MD56,39.56900024414063,-77.12139892578125
4MN1,46.65098,-95.354874
IS41,41.460899353027344,-88.59200286865234
65AR,35.798594,-91.408788
5NK1,43.111752,-77.052231
28OR,45.479000091552734,-122.23400115966795
73OR,45.370283,-123.0659
74OR,45.32369995117188,-123.0189971923828
KEOE,34.309299,-81.639702
2GA0,33.5265007019043,-83.63800048828125
0PN7,40.128299713134766,-77.63140106201172
WV53,39.37200164794922,-79.8927993774414
2ND7,48.75170135498047,-100.81400299072266
6NA6,48.61920166015625,-100.97799682617188
6NA7,48.73030090332031,-100.9219970703125
94ND,48.66590118408203,-100.91799926757812
PA07,40.194217,-77.518326
MD84,38.35103,-76.86327
0MD2,38.287781,-76.867575
MD06,38.336764,-76.88058
ME74,44.7495002746582,-68.98139953613281
40OH,41.450479,-81.234512
2OK7,35.258399963378906,-97.66280364990234
76OK,35.282739,-97.61982
KECS,43.88379,-104.314156
WY09,43.507019,-104.881755
LS83,32.061737,-91.251454
LA53,31.978588,-91.264538
85N,43.254726,-78.76575
35CN,37.33698,-121.02807
69PA,40.343404,-76.208382
17GA,33.46670150756836,-84.86609649658203
2GE8,33.46419906616211,-84.66329956054688
GA79,33.34479904174805,-84.91130065917969
II59,39.84000015258789,-87.39360046386719
9MI2,41.98789978027344,-83.30760192871094
MI53,42.00920104980469,-83.25830078125
99MI,41.977865,-83.282059
34PN,40.485556,-77.220556
6NC7,34.751399993896484,-76.90609741210938
14VT,44.926033,-72.331844
7LL3,38.930605,-88.155928
76KS,38.090674,-97.202583
42OH,41.155978,-81.004429
70NR,35.218562,-78.366777
63NC,35.275145,-78.433865
CT52,41.36819839477539,-73.29119873046875
PS02,40.16429901123047,-77.37049865722656
0S5,46.238574,-116.23857
NY24,43.12779998779297,-78.97000122070312
FL17,30.51959991455078,-86.43830108642578
79KY,37.87129974365234,-84.6104965209961
MY46,44.279202,-94.213303
84MN,47.53329849243164,-96.83090209960938
6AK3,60.727784,-151.27779
8AK2,60.699779,-151.294699
AK73,60.723125,-151.306458
AK11,60.773212,-151.227815
06AN,60.733784,-151.213632
MI22,41.87369918823242,-86.20279693603516
16WA,47.8447,-117.694
18SC,34.097769,-81.891542
O14,34.89080047607422,-97.99829864501952
69IS,40.579498291015625,-91.29180145263672
8CO7,40.122501373291016,-105.1719970703125
II42,40.0686,-85.922203
II86,40.01559829711914,-85.88749694824219
II94,40.12839889526367,-85.88610076904297
2IN6,40.041901,-85.916901
8VA9,38.692156,-77.551664
6IL7,39.3830236,-89.2562542
94Z,64.5131,-165.395996
5OK2,34.776667,-96.245278
05IA,43.13750076293945,-93.06829833984376
6MU5,39.364317,-93.778268
NE09,41.96329879760742,-97.46730041503906
NE78,42.074738,-97.318895
NR13,36.508752,-78.262328
2ND9,48.81669998168945,-101.91699981689452
OK32,35.201262,-97.309021
10OK,35.16669845581055,-97.21700286865234
GA49,31.212736,-83.636056
16TT,31.093611,-96.04375
6TS6,31.04159927368164,-96.20159912109376
21TT,30.96584,-96.167701
0TN6,36.18339920043945,-84.0990982055664
KXNO,33.609355,-81.08328
43OI,41.19869995117188,-83.70079803466797
2NK5,43.223969,-75.752622
1OR0,43.48320007324219,-124.2030029296875
OA16,39.156111,-84.781667
MY90,45.481845,-92.988545
OA19,40.89027,-81.31253
0WN5,42.79970169067383,-88.04869842529297
WI72,42.762501,-88.042603
6NK4,42.62946,-78.96506
0NY0,43.692973,-73.978013
OH19,41.15499877929688,-84.21489715576172
62MA,41.850158,-71.161148
16MD,39.668611,-75.960278
PN40,42.185348,-79.896098
7IA1,41.493499755859375,-92.14820098876952
46OH,41.10369873046875,-80.82649993896484
9II3,41.5625,-86.47219848632812
IN38,41.5452995300293,-86.45279693603516
36IN,41.53620147705078,-86.44390106201172
4OH3,40.98310089111328,-80.70110321044922
AR55,34.73979949951172,-92.09010314941406
82IN,40.981201171875,-85.92919921875
MN46,44.218583,-94.137153
MI86,43.342253,-86.18784
1OR3,45.591499,-123.010002
1OR4,45.604000091552734,-123.0250015258789
OG63,45.648889,-123.039444
34NE,41.2239,-100.934998
NE25,41.18190002441406,-100.86000061035156
2MN7,45.79159927368164,-94.3407974243164
79CL,39.32490158081055,-121.07599639892578
63CA,33.48109817504883,-115.8740005493164
7K7,42.540298,-96.485001
CT21,41.460623,-71.829997
VT63,44.99530029296875,-72.37899780273438
45IN,38.99639892578125,-85.74800109863281
6PA1,40.51029968261719,-79.57980346679688
NC35,36.303444,-81.215201
43Y,47.889453,-94.260103
3MI2,45.399200439453125,-85.8301010131836
1WN0,48.933293,-117.745845
57WA,48.858362,-117.949027
0NY1,43.139198303222656,-73.6531982421875
72ND,47.66109848022461,-97.59200286865234
74ND,47.747742,-97.501681
NH84,43.20759963989258,-71.22119903564453
5D2,43.44829940795898,-93.20189666748048
IA51,43.42778,-93.272746
IA07,43.452918,-93.318601
73ND,46.57160186767578,-98.68840026855467
87OI,41.27230072021485,-82.62300109863281
0CO6,38.2193984985,-108.212997437
1CO2,38.162498,-108.339996
47MN,44.7053,-93.85495
MD61,39.724581,-76.070929
KH66,36.722017,-95.622017
MT97,47.977475,-115.766401
43MT,47.991745,-115.751871
33AK,62.515689,-150.945804
AK20,70.420622,-150.886667
42AK,70.110889,-152.12975
1CD1,40.688277,-104.862271
1CO3,40.7041015625,-104.7979965209961
48CO,40.72159957885742,-104.77799987792967
75CO,40.686137,-104.799728
FL18,30.090499877929688,-83.05460357666016
NE89,42.759858,-98.602015
MA44,41.441799,-70.570297
5CO8,40.341400146484375,-106.8489990234375
MU85,38.95500183105469,-94.12740325927734
2LA7,32.965396,-91.425966
MO87,38.945559,-94.161308
2FD6,28.88800048828125,-80.86640167236328
13GE,32.360801696777344,-82.31809997558594
01LA,32.638999938964844,-91.77369689941406
55NR,35.213993,-80.29444
7LL9,38.26169967651367,-89.47090148925781
75DC,47.1416015625,-117.23600006103516
34FD,28.857200622558597,-80.90699768066406
IA01,41.35139846801758,-95.46640014648438
7TN4,35.17279815673828,-89.5625
2OR4,43.47480010986328,-123.34600067138672
60OR,43.42649841308594,-123.27999877929688
2MD8,39.33340072631836,-79.44139862060547
42MD,39.46829987,-79.4253006
4MD2,39.430384,-79.454311
8AR1,36.4893989563,-92.6421966553
1U6,42.23410034179688,-113.87799835205078
KC88,43.13909,-84.222501
13OR,43.740699768066406,-122.4260025024414
WN48,46.79040145874024,-123.30999755859376
1ID4,43.3105555556,-115.9025
87TN,36.232696,-89.302166
FD29,29.130800247192383,-82.11930084228516
FL19,29.24530029296875,-82.35369873046875
FL61,29.0261001587,-82.2123031616
FA86,29.21464,-82.371656
9FA5,29.190833,-82.032713
WN88,46.5192985534668,-124.03199768066406
FA74,25.98564,-81.041733
07GE,31.555662,-83.27849
0WI8,43.13890075683594,-88.47229766845703
71NE,41.03559875488281,-99.82980346679688
0CA6,32.7494444,-116.0161111
WA97,47.372868,-118.831924
MU20,38.94559860229492,-93.9646987915039
1SD6,43.110298,-103.230003
35NE,41.051802,-101.806364
0NY3,43.31399917602539,-74.93209838867188
54IS,41.52669906616211,-89.41809844970703
5F8,32.79180145263672,-93.95709991455078
40OK,36.1161003112793,-96.53810119628906
WI37,45.80830001831055,-91.09629821777344
WT37,48.368734,-119.616582
3OK1,35.72999954223633,-97.96700286865234
5FL6,27.405008,-80.811469
00FL,27.230899810791016,-80.96920013427734
08FD,27.363100051879883,-80.77279663085938
32FA,27.23419952392578,-80.90370178222656
33FA,27.598100662231445,-80.84590148925781
83FD,27.580299377441406,-80.81529998779297
8FD5,27.188899993896484,-81.08699798583984
90FL,27.3612003326416,-80.76090240478516
K9FD,27.349404,-80.735945
FD39,27.1556,-80.691704
8OK0,36.06829833984375,-98.28919982910156
FA38,29.12360000610352,-81.88700103759766
5MS8,33.872614,-88.724012
1CO4,38.57500076293945,-107.95899963378906
7TX9,33.358699798583984,-94.4376983642578
NK26,43.725183,-74.976217
5CT7,41.30229949951172,-72.29620361328125
6MO0,38.95560073852539,-90.8147964477539
08XS,29.10810089111328,-95.77749633789062
5FD0,29.492700576782227,-82.99120330810547
07ID,48.149209,-116.998043
75NY,42.11669921875,-78.31559753417969
8G3,42.06869888305664,-78.40450286865234
POLI,70.495231,-149.887148
2KY5,38.375,-83.15470123291016
XS06,34.122905,-102.171294
F09,34.51259994506836,-99.42949676513672
14WA,46.970699310302734,-122.73699951171876
6WA2,47.11149978637695,-122.8209991455078
WN36,46.96900177001953,-122.8209991455078
2WN8,44.015228,-88.714269
52K,39.49786,-96.175345
WN59,46.53760147,-122.7180023
WN74,46.58539962768555,-122.6259994506836
MN85,46.03329849243164,-93.6613998413086
MY66,46.070499420166016,-93.84719848632812
VA92,37.7238,-75.785998
8NY7,43.169055,-75.705722
6NK8,43.00979995727539,-76.6405029296875
98D,44.700802,-100.100998
VG20,37.67509841918945,-75.70989990234375
8PA1,40.40840148925781,-76.50389862060547
OK15,36.3760986328125,-95.7052993774414
OK37,36.4695015,-95.6678009
2WI8,43.59749984741211,-87.77899932861328
9WN6,43.619433,-87.779597
SD72,44.84999847412109,-102.58399963378906
AL89,32.71870040893555,-85.36689758300781
MT85,48.75889968869999,-106.364997864
S00,48.86669921875,-106.41699981689452
Z17,63.146,-156.529999
AR43,35.097628,-92.779082
7OK7,36.745328,-101.382528
SC90,33.676015,-80.947373
SC07,33.675328,-80.950098
PN73,40.230098724365234,-77.92060089111328
03TT,29.632117,-95.932481
0ID5,43.0531005859375,-116.46199798583984
WS33,42.90919876098633,-89.45099639892578
0WI9,42.9314002991,-89.3386993408
15WI,42.9275016784668,-89.41819763183594
WI40,42.91329956054688,-89.35230255126953
1OR7,45.287899017333984,-122.45600128173828
2OR0,45.34687,-122.52244
7OR9,45.3242988586,-122.472000122
1WI0,42.64250183105469,-89.31120300292969
6WI7,42.61040115356445,-89.2761001586914
WI11,42.591400146484375,-89.2406997680664
3ND5,47.06110000610352,-97.77120208740234
01FA,28.589399337768555,-81.14420318603516
54FD,28.369111,-81.076108
67NE,40.137001037597656,-99.49839782714844
2FA1,29.251264,-81.200535
04FL,29.240353,-81.222525
0FD0,29.26757,-81.223331
ID29,46.6973991394043,-115.98400115966795
ID84,46.6171,-115.800003
75C,45.730202,-115.528
32WA,47.763199,-120.152
13WA,47.770535,-120.133558
MN32,44.19139862060547,-92.45269775390624
NV88,41.55182,-117.83398
75WT,48.984167,-119.298333
97CL,39.46020126342773,-121.58100128173828
53NC,34.378721,-79.079343
OH24,40.875694,-81.766497
KVVV,45.305698,-96.4244
MI45,42.808101654052734,-83.45189666748047
3MI7,42.829200744628906,-83.36859893798828
D02,43.292396,-92.795634
6KS6,38.511972,-95.021308
17MU,39.682791,-94.372097
MU31,39.793541,-94.436362
K75,39.433558,-98.679521
6MO4,38.040369,-93.765679
K7M4,35.691101,-90.010101
WN86,45.26390075683594,-92.62159729003906
51WI,44.064258,-88.557707
7KS0,39.271085,-95.31705
IA63,41.25830078125,-92.55159759521484
2IN0,40.83689880371094,-85.17109680175781
3MN9,44.9844017029,-93.9360961914
1PS0,40.19189834594727,-78.564697265625
85LL,41.68389892578125,-88.26229858398438
6WA4,46.862659,-119.142937
0ME4,44.742469,-68.474403
94MI,42.38726,-85.736039
SN57,38.69860076904297,-95.30030059814452
51OH,41.0703010559082,-84.0863037109375
IN29,40.57360076904297,-87.10359954833984
AL71,32.8036994934082,-85.98049926757812
32TT,32.161806,-99.779722
7KS2,38.85082,-95.467906
TS71,32.52790069580078,-96.94390106201172
3AL8,34.61920166015625,-86.46690368652344
0KY4,37.56439971923828,-87.08190155029297
13KY,37.704812,-87.158586
6MO6,38.33340072631836,-91.5167999267578
MO48,38.337308,-91.421386
0KY0,38.62279891967773,-84.77890014648438
61KY,38.55009841918945,-84.76329803466797
4MD9,39.48059844970703,-76.7605972290039
7MI6,43.110298,-84.126404
K10U,41.953604,-116.182155
NE21,40.286401,-99.593554
WS02,43.74250030517578,-89.71600341796875
2WI9,43.7599983215332,-89.63480377197266
JB01,43.757198,-89.652603
31FA,28.959199905395508,-82.13420104980469
2GA1,33.68069839477539,-83.85269927978516
37MI,42.85279846191406,-83.22769927978516
36AL,31.491973,-85.534407
2AR1,35.369847,-93.84306
MU70,36.99509811401367,-93.13880157470705
MO66,37.059167,-93.145556
2K2,37.059502,-93.234299
6MO7,37.02920150756836,-93.16680145263672
79XA,30.235,-101.663472
4TA8,30.630137,-101.043076
04IA,41.08829879760742,-92.05460357666016
TX12,34.278988,-100.092557
2TS5,34.023333,-100.343611
44AZ,36.93190002441406,-111.97000122070312
SC58,34.744306,-80.388889
HI28,19.215392,-155.468559
NV00,36.257954,-115.992379
NV54,36.30699920654297,-115.98899841308594
NV98,36.150299072265625,-115.9000015258789
9TE7,30.245278,-97.082778
1XA5,30.135069,-97.148581
OI69,41.77840042114258,-81.16699981689453
05KY,37.53575,-84.407303
2KY1,37.61920166015625,-84.38140106201172
06TS,31.421591,-99.836575
VA20,37.566998,-75.794528
9KY9,37.745743,-82.77797
XS35,28.739200592041016,-96.21910095214844
3XS1,28.767200469970703,-96.30690002441406
2XS3,32.019836,-95.695035
AR17,34.983398,-90.9151
4NE8,40.3828010559082,-101.1520004272461
8CL0,34.58890151977539,-117.82599639892578
04CA,34.566631,-117.670666
AA25,61.507867,-149.078925
9AA1,61.68203,-149.29073
AN04,61.704275,-149.216115
08AN,61.704295,-149.212506
14AK,61.60150146484375,-149.2480010986328
34AK,61.625,-149.28900146484375
39AK,61.586021,-149.235996
3AK2,61.62749862670898,-149.28700256347656
5AK6,61.55699920654297,-149.26800537109375
5AK9,61.54850006103516,-149.19000244140625
7AK9,61.64680099487305,-149.0489959716797
97AK,61.66400146484375,-149.25399780273438
AK1,61.5303,-149.018005
AK50,61.55459976196289,-149.1439971923828
74AK,61.582298,-148.996994
AK63,61.588600158691406,-149.14300537109375
AK66,61.458296,-148.798227
AK88,61.60469818115234,-149.0399932861328
AK92,61.638,-149.029007
AK93,61.65520095825195,-149.2729949951172
NE12,41.23889923095703,-98.22810363769533
8PA8,40.81679916381836,-75.66629791259766
GA31,33.469422,-84.669026
NY33,43.109332,-77.239176
4II6,38.37919998168945,-86.08159637451172
5II8,38.410099029541016,-86.12889862060547
K93M,39.849076,-91.594932
88C,42.883598,-88.597397
9WI5,42.82830047607422,-88.57450103759766
TA65,32.8212013245,-98.4786987305
AZ26,31.368882,-110.127468
WN26,46.883374,-117.080011
WT88,46.83974,-117.06131
TX13,35.889278,-101.030139
K28X,35.454576,-100.994237
16NE,40.560001373291016,-96.49169921875
94FA,30.413652,-85.746274
FL83,30.432778,-85.499306
UT17,37.93220138549805,-112.33200073242188
3TE5,35.33060073852539,-101.38500213623048
55T,35.21421,-101.410847
KT45,35.361698150634766,-101.36499786376952
VT53,44.117795,-73.377546
47VT,44.125677,-73.369616
43CO,38.808643,-107.636147
16CO,39.40227,-108.07602
CO29,39.379791,-108.088254
4XS2,33.1696,-97.731664
0XA0,33.014005,-97.70848
TX37,33.131802,-97.7686
IG03,39.391348,-86.597103
3AR9,36.055213,-90.366851
14KY,38.17369842529297,-84.36830139160156
15KY,38.15700149536133,-84.30159759521484
31KY,38.109928,-84.338737
50KY,38.129799,-84.3302
52KY,38.117441,-84.301658
MU00,39.44449996948242,-91.95179748535156
MU40,39.461307,-92.010508
XS30,33.605098724365234,-95.48190307617188
42TN,36.411944,-88.265556
50TN,36.352339,-88.350492
XS88,33.857398986816406,-95.70480346679688
39TA,33.6525993347168,-95.65579986572266
72XS,33.693268,-95.308711
21TX,33.577077,-95.656039
TT44,33.665146,-95.611258
WS06,45.987701416015625,-90.16349792480467
MN86,47.042991,-95.115826
MY24,46.86220169067383,-95.0522003173828
97ND,48.43080139160156,-97.70809936523438
14KS,38.26919937133789,-94.90480041503906
65XS,32.223201751708984,-97.28170013427734
TX74,32.261303,-97.27315
TE16,32.250425,-97.297236
5CL7,34.308101654052734,-114.18699645996094
9PA0,40.18730163574219,-75.59020233154297
38LS,30.2367000579834,-91.82969665527344
LA91,30.22201,-91.83212
8V3,43.377579,-97.989848
32NC,34.89640045166016,-79.04309844970703
61NC,34.8713,-78.965599
NC71,34.91790008544922,-79.05249786376953
MU13,40.469132,-94.716465
KY74,47.936401,-102.141998
0KS8,37.38249969482422,-95.37470245361328
8KS5,37.316148,-95.280089
39KS,37.2981431,-95.262931
50KS,37.378264,-95.339783
80KS,37.255651,-95.231522
70NC,36.54460144042969,-78.14800262451172
6WA6,46.278181,-118.958417
WA24,46.396900177,-119.021003723
WN33,46.3804016113,-118.987998962
89CA,35.64427,-120.85055
33CL,35.56829833984375,-120.7969970703125
95CA,35.669256,-120.547936
0MS7,30.402128,-89.325358
92ME,45.22039,-68.63428
VG16,36.624012,-80.169342
2NJ1,40.633399963378906,-75.06629943847656
CN99,37.5464444,-121.1585778
1GE6,31.373752,-82.107524
TS44,29.84000015258789,-96.02330017089844
1TS1,29.91270065307617,-95.99410247802734
KU99,43.037027,-113.733737
AZ27,34.909848,-112.532723
AZ09,35.029614,-112.6759
53OH,41.134498596191406,-84.45079803466797
54OH,41.1234016418457,-84.6176986694336
37CL,33.324501,-116.989998
CL33,33.31060028076172,-116.9980010986328
1IS5,41.653099060058594,-89.00150299072266
LL54,41.71939849853516,-89.02999877929688
OL36,36.98895,-96.321929
VT20,43.36669921875,-73.14820098876953
3IS5,39.685394,-89.598722
8LL7,39.59450149536133,-89.59449768066406
PAXK,63.026422,-145.498778
52IL,40.410301208496094,-88.06490325927734
71IS,40.42559814453125,-88.00060272216797
LL32,40.446556,-88.065333
4NE9,40.99919891357422,-101.4469985961914
7NE5,41.06669998168945,-101.36799621582033
52CN,40.343903,-121.772611
9LL0,39.81999969482422,-91.22100067138672
7AZ4,31.938611,-109.588333
88LL,42.19169998168945,-89.83820343017578
XS40,28.80030059814453,-99.00029754638672
8IL5,42.368327,-89.354301
IS19,42.335434,-89.32366
IS78,42.36605,-89.235067
96XA,31.284444,-103.643889
1OH9,38.93510055541992,-83.39939880371094
MT87,48.66669845581055,-105.93399810791016
67OK,36.03310012817383,-95.0780029296875
61LL,38.77310180664063,-89.59359741210938
IN43,38.47510147094727,-85.99720001220703
83MS,32.43652,-89.76677
NH78,42.74720001220703,-71.36920166015625
48NR,36.46788,-79.433477
7TN1,35.320599,-85.8536
1SC1,34.653745,-82.55498
3NJ1,39.982101,-74.692703
WI90,45.654367,-87.955158
MA63,42.07400131225586,-70.79810333251953
MA64,42.07540130615234,-70.81529998779297
6IN5,40.03279876708984,-85.78359985351562
IN31,40.022301,-85.753891
79NY,43.087002,-78.811401
OG42,45.6549,-118.589996
CA21,39.22046,-121.213896
2NJ3,40.3404006958,-74.8543014526
9PA2,40.388566,-75.441811
32CO,38.45472,-105.081899
6IL0,40.790583,-89.665717
89LL,41.3583984375,-87.7249984741211
25WN,44.528718,-92.120341
AL33,31.02519989013672,-87.58580017089844
MN89,46.62421,-95.643969
PS03,40.410400390625,-75.22930145263672
PS54,40.3293,-75.281601
OL55,36.009752,-97.042263
ME88,44.99169921875,-67.07440185546875
7MO1,39.473129,-91.709034
MO11,39.400327,-91.580832
OL12,36.421666,-97.161666
SC95,33.62929916381836,-81.32969665527344
16UT,41.444317,-112.048074
FA32,30.10330009460449,-83.45030212402344
9PN1,40.03900146484375,-79.79000091552734
TE05,36.385734,-100.560733
0NY8,42.99729919433594,-74.24539947509766
83IN,40.740505,-86.004166
IN33,40.73619842529297,-86.11530303955078
IN34,40.83449935913086,-86.05220031738281
NY91,42.994026,-75.702774
56OH,40.90729904174805,-80.55149841308594
OH29,40.90060043334961,-80.5553970336914
88G,41.9197998046875,-83.73490142822266
71KY,39.0348014832,-84.8727035522
IN03,38.46390151977539,-87.25
WV10,37.40119934082031,-80.80729675292969
4TX3,33.66120147705078,-95.83360290527344
36CO,39.10609817504883,-104.54399871826172
2CD3,39.119472,-104.431806
2AL8,32.42110061645508,-85.24810028076172
7MO2,39.84999847412109,-91.7334976196289
49MS,32.804477,-88.937962
9W3,39.09339904785156,-80.0259017944336
1MT6,46.35689926147461,-113.51000213623048
MT22,46.345021,-113.620536
3MT9,46.471562,-113.492461
MT82,46.285556,-113.518056
K1N3,40.9715,-78.242897
2NJ5,40.652002,-75.185997
2NJ6,40.77370071411133,-75.1593017578125
NY31,43.22370147705078,-76.3687973022461
5PA4,40.189804,-75.615196
5MS5,30.54520034790039,-89.46279907226562
MS48,30.62190055847168,-89.69650268554688
MS61,30.625200271606445,-89.7333984375
SC75,34.998199462890625,-82.73490142822266
79OK,35.38479995727539,-95.17639923095705
TS54,33.014801025390625,-95.43440246582033
NM66,34.41519927978516,-108.0770034790039
25NM,34.476944,-108.031111
NM30,34.511795,-108.037748
83NM,34.648101806640625,-108.00599670410156
84NM,34.35340118408203,-108.16200256347656
NM41,34.06119918823242,-108.09600067138672
SD25,44.218651,-103.251399
KPYN,37.12670135498047,-90.71289825439452
59CO,40.679059,-104.727746
MY15,45.9557991027832,-93.9894027709961
AL79,32.26959991455078,-86.09880065917969
TN66,35.74449920654297,-85.04720306396484
JY08,39.650541,-75.285594
OMU9,38.88420104980469,-92.9854965209961
88TT,33.351246,-97.001188
45OG,45.476389,-118.791667
84AL,31.3031,-85.52705
7AL5,31.2899028,-85.5404778
01LL,38.12580108642578,-89.46389770507812
24LL,38.085932,-89.460326
5IL2,38.063286,-89.387441
52I,43.846900939941406,-84.01139831542969
PS20,40.537284,-76.46626
01WY,44.348312,-104.8106
K71A,31.966801,-87.583298
31MN,44.135559,-92.696111
1IN6,40.40169906616211,-87.22029876708984
WY28,42.870893,-109.852273
47GA,32.220674,-83.855909
7FD9,30.622994,-83.285651
7MO3,36.599405,-94.366297
MD85,38.14846,-76.52218
65MD,38.170033,-76.520942
4W9,35.05070114135742,-77.73609924316406
46AZ,36.09261,-110.22954
AL16,33.72679901123047,-86.72360229492188
7NV8,38.664101,-114.632004
9LS1,32.699507,-91.386638
TA66,29.715421,-98.858834
XS43,29.66114,-98.956561
SN81,39.18190002441406,-94.87000274658205
LL46,40.83530044555664,-88.15280151367188
4PA8,40.432899475097656,-75.14959716796875
0OH8,40.18840026855469,-84.256103515625
1OI9,40.1772994995,-84.29440307620001
4OA8,40.108319,-84.299312
98ND,48.263301849365234,-97.62229919433594
MS08,32.4739,-89.851799
II91,39.84389877319336,-86.50530242919922
K04M,33.930038,-89.343266
1NC1,35.811955,-79.23843
9NC8,35.6869010925293,-79.21880340576172
XA23,33.017005,-94.970043
67MO,37.8109016418457,-93.36990356445312
ME62,44.809386,-69.470389
23NJ,39.50469970703125,-75.09310150146484
6MD8,38.441456,-75.403075
P27,35.960499,-119.307999
22ID,43.94469833374024,-115.94100189208984
01CL,38.7999,-120.734001
54CN,38.754101,-120.899002
6OI5,40.137298583984375,-83.21800231933594
WN09,44.1643981934,-89.508102417
5WI2,44.22249984741211,-89.49539947509766
8WI2,44.224700927734375,-89.53099822998047
LL51,41.60419845581055,-88.27369689941406
4GA5,32.088698,-84.372498
KS44,37.266749,-100.583793
85MN,44.158599853515625,-92.2021026611328
7TA3,34.18090057373047,-101.83699798583984
9TX3,34.175167,-101.638126
5KS3,39.216367,-99.365064
CA03,37.36167,-120.284479
9FD2,28.136999130249023,-82.14649963378906
79FD,28.04199981689453,-82.09230041503906
TS75,30.317636,-95.857988
LS49,30.30270004272461,-91.27149963378906
6AK1,58.91170120239258,-161.71400451660156
1D3,43.404665,-98.830453
7MO4,39.43190002441406,-94.8030014038086
0WI6,42.80034,-90.573236
1CD2,40.167377,-104.798575
3NK5,44.61669921875,-73.46530151367188
NM86,31.93680000305176,-108.53700256347656
Y99,48.03060150146485,-101.9530029296875
64NC,35.90190124511719,-79.77249908447266
59CN,38.83489990234375,-121.52999877929688
CA07,38.8401985168457,-121.56199645996094
25CL,38.867218,-121.489429
27CL,38.747100830078125,-121.572998046875
1OA1,40.0458984375,-84.33439636230469
83OH,40.062302,-84.379402
43MO,38.783344,-94.370134
MO29,38.77220153808594,-94.33489990234376
14OI,40.9192008972168,-82.11399841308594
7TN0,36.43560028076172,-87.09140014648438
8KT8,38.3319167,-85.077972
8WI3,44.420903,-89.554396
7NC,35.731581,-76.671381
46IN,41.38119888305664,-86.2228012084961
II62,41.38779830932617,-86.25859832763672
18IN,41.381985,-86.43116
23IS,40.325682,-90.827633
27WV,38.4788193,-81.8036944
3LL9,38.80419921875,-89.60890197753906
MS71,32.49509811401367,-90.29290008544922
7MD7,38.00040054321289,-75.58300018310547
MD00,38.046199798583984,-75.55329895019531
MD57,38.00597,-75.616236
TE74,32.9536018371582,-95.8668975830078
0AR3,34.328029,-93.259288
PALN,70.911118,-153.237766
0AK9,61.33259963989258,-150.0590057373047
2AK0,61.255901,-149.975006
64AK,61.440132,-150.026829
6AK2,61.251579,-149.966125
AK14,61.3512992859,-150.089004517
AK36,61.43600082397461,-150.1219940185547
50AK,61.380461,-150.116163
K3I2,38.9146,-82.098602
PA05,40.441200256347656,-75.07489776611328
9WI6,45.10409927368164,-89.01679992675781
MT60,48.81439971923828,-114.35399627685548
7NE6,41.01110076904297,-97.8114013671875
4FD7,28.20639991760254,-81.8279037475586
IA48,41.74169921875,-93.7251968383789
AR93,36.48613,-90.27755
L66,31.47750092,-92.46109772
SD74,45.99549865722656,-100.3759994506836
13NC,35.025006,-77.255945
1NC4,34.995399475097656,-77.25769805908203
00IL,41.978401,-89.560402
LL55,41.99089813232422,-89.55979919433594
37MO,39.57500076293945,-94.18360137939452
58WA,46.505548,-117.453338
OI59,39.131699,-81.931801
40KS,38.53165,-95.451515
78FL,29.502199,-81.5784
37AR,36.052361,-93.367325
OL21,36.779894,-97.008116
27OK,36.7422981262207,-96.96389770507812
OK49,36.644774,-97.01047
44LS,30.472201,-90.367785
32LS,30.41959953,-90.35900116
2K1,36.66249847412109,-97.80870056152344
XA10,33.232065,-97.33842
6MN0,47.055599,-95.423103
70LL,40.936926,-88.753739
71LL,40.843992,-88.56082
2LL7,40.934816,-88.740664
IS66,40.59230041503906,-91.20149993896484
3XA7,30.890974,-99.006557
27XA,32.979389,-97.889917
20CL,38.749298,-122.366997
MT38,48.40340042114258,-105.15699768066406
MU88,36.858356,-90.399869
MO67,36.71120071411133,-90.31400299072266
MS88,30.77739906311035,-89.72509765625
2PA5,41.78060150146485,-78.26920318603516
LA46,30.505669,-91.308618
PAKX,60.198567,-154.322789
7WA0,48.0984001159668,-123.64299774169922
WN21,48.08150100708008,-123.39800262451172
29C,44.04779815673828,-82.91419982910156
55LA,30.618305,-91.945889
20FL,27.042600631713867,-82.043701171875
10XA,28.680794,-96.661647
9TE4,28.569700241088867,-96.62969970703124
73WT,46.717011,-118.097509
8NJ0,39.51789855957031,-74.50900268554688
KA51,29.75588,-85.288972
FD24,27.221200942993164,-80.52059936523438
7LA1,29.46023,-89.67766
WA42,47.975592,-122.772861
WA68,48.076944,-122.840661
9WN3,43.4213981628418,-87.88899993896484
ME05,46.75,-68.47119903564453
3IN0,41.558732,-87.125933
WS28,43.5536003112793,-89.38980102539062
PAOC,58.9065,-157.714
3MO4,36.450489,-89.62831
25AZ,31.809897,-109.058619
8AZ5,31.892427,-109.05407
PN84,40.984191,-80.16243
TE87,27.91580009460449,-97.32029724121094
5NA2,47.5378,-97.3637
6ND6,47.516700744628906,-97.55039978027344
49MI,45.159784,-83.740003
7IN3,38.239564,-87.78707
88IN,38.133139,-87.785764
9TX6,33.17509841918945,-101.02400207519533
2TE7,33.227201,-101.133249
42OR,44.134082,-120.324883
IA45,43.078899,-91.615196
OL38,35.08558,-94.594951
OK59,35.022300720214844,-94.70439910888672
XS47,29.000200271606445,-98.57109832763672
TE68,33.7440986633,-96.6598968506
9TX7,33.839975,-96.670544
14PA,40.29090118408203,-75.65910339355469
WS29,45.120858,-88.143371
10WI,45.11579895019531,-88.18949890136719
TN94,36.000485,-84.075729
WY15,44.689724,-108.678539
WY36,44.793895,-108.734565
OR02,44.33719,-120.99472
VA94,37.53570175170898,-77.89140319824219
9VA6,37.579859,-77.919089
XS91,32.08649826049805,-95.59929656982422
KO47,35.4822998046875,-96.71869659423828
OR17,44.41067,-118.691225
97OR,44.43519973754883,-118.66200256347656
19WI,45.1952018737793,-92.05709838867188
6WI0,45.18050003051758,-91.98770141601562
MO61,39.524389,-92.741815
0P1,39.83213,-99.568784
52IN,39.341400146484375,-87.53140258789062
24LA,30.318111,-90.955651
74LA,30.31164,-90.835818
6LA2,30.3503,-90.922203
XS51,27.408325,-98.143125
8TX8,27.360745,-98.179622
2AR7,33.849098205566406,-93.4791030883789
AZ46,34.764835,-112.546451
K4F7,33.80390167236328,-93.36219787597656
WT03,46.297841,-118.289665
27WI,44.80770111083984,-92.71379852294922
65WI,44.691873,-92.680278
5P5,43.906016,-100.03686
23MN,43.6411018371582,-92.02210235595705
KNJW,32.798529,-88.834333
ID61,48.296228,-117.016382
45ID,48.330153,-116.826237
61ID,48.189255,-116.98899
96ID,48.235098,-116.875634
62MD,38.488806,-76.643633
4MD5,38.559028,-76.645278
48MD,38.149062,-75.662161
5MD5,38.196476,-75.709641
MN47,45.54970169,-93.46980286
MN91,45.53749847412109,-93.51409912109376
MN68,45.656815,-93.482312
8MN6,45.583604,-93.741275
90MN,45.677,-93.5395
3MN1,45.562909,-93.547983
7MO,40.420799,-93.598801
NC72,35.451499938964844,-78.16000366210938
1WI3,43.84999847412109,-89.1167984008789
34TA,33.167099,-96.487198
72LL,41.37360000610352,-89.34449768066406
OG53,42.487669,-118.608484
OG12,44.21220016479492,-120.52400207519533
OG21,44.195098876953125,-120.822998046875
6OR4,44.2731825,-120.794741944
29OR,44.012486,-120.280458
OR42,44.060389,-120.798778
OR85,44.27526,-120.73558
OR56,44.37166,-121.093056
OR84,44.068611,-120.803333
MN76,44.699963,-93.471893
MN92,46.74990081787109,-92.30020141601562
LL61,41.68560028076172,-89.90260314941406
PAPR,66.814102172852,-150.64399719238
47TA,33.25600051879883,-96.8852996826172
NE38,40.709518,-98.559545
K8M9,37.424800872802734,-87.73609924316406
OK21,36.33340072631836,-95.3043975830078
2MS7,32.05849838256836,-89.81670379638672
2CO5,38.347198486328125,-104.63200378417967
46CO,38.09999847412109,-104.4260025024414
80CO,38.15169906616211,-104.70600128173828
99CO,38.136546,-104.815112
87CD,37.98994,-104.760845
6TN5,35.248077,-86.831065
64TN,35.376812,-87.037957
92C,44.64120101928711,-88.21520233154297
M86,42.47090148925781,-86.1272964477539
35CO,38.886555,-103.812561
F13,26.968900680541992,-81.91560363769531
6FL3,26.937299728393555,-81.56700134277344
40FL,26.95232,-81.87127
7PA4,41.018056,-78.834167
83TA,31.900299072265625,-96.60030364990234
MU41,36.795199,-93.899517
K01A,62.940833,-152.269722
33MS,31.102297,-89.418755
58OH,41.678585,-82.848759
LL64,41.199501037597656,-89.39450073242188
LL65,41.19449996948242,-89.45010375976562
VT06,43.00439834594727,-72.47370147705078
MD88,39.6800167,-76.4527694
20K,65.353996,-149.761993
PA25,40.6593017578125,-75.8738021850586
13PN,40.45429992675781,-75.30460357666016
1PS9,40.4034,-75.370499
3NJ5,40.53340148925781,-74.91629791259766
14PS,39.8843994140625,-76.11859893798828
79PA,39.79119873046875,-76.1416015625
5QC,65.40589904785156,-164.656005859375
93AK,58.87200164794922,-158.4720001220703
KN24,36.80030059814453,-105.5979995727539
WN00,47.8400993347168,-122.86000061035156
WA74,47.226728,-119.908932
1OH1,40.30139923095703,-83.9760971069336
49FD,30.611944,-84.641667
1IN1,39.4884,-86.653099
88IS,40.0083999634,-91.3821029663
IS45,39.97669982910156,-91.33399963378906
23JY,38.995678,-100.223427
3TS5,34.361669,-101.083342
78LA,29.735178,-90.700701
4LA9,29.736812,-90.634518
LA89,29.724225,-90.636573
2Y1,42.31669998168945,-93.41690063476562
OH40,40.37001,-83.112233
94NC,35.008988,-79.261766
NR20,35.030554,-79.236649
7LA3,30.482999801635746,-93.22879791259766
8FA1,30.052951,-82.241775
6CA6,38.32770156860352,-120.47699737548828
TT12,32.272452,-97.693412
3WA0,46.89759826660156,-122.66999816894533
3IA9,43.47579956054688,-93.9072036743164
NM56,35.1652984619,-108.458999634
CA76,33.0703010559082,-116.7519989013672
5OK6,36.513258,-95.914335
09NR,35.650122,-79.650311
IS24,39.077778,-89.081667
57CN,38.46910095214844,-121.0749969482422
3NJ6,40.015098571777344,-74.84290313720703
UT69,40.181400299072266,-109.6719970703125
15OK,34.176388,-98.3097222
85NK,42.155334,-79.015757
5XS0,33.496700286865234,-96.26470184326172
VT55,43.90119934082031,-72.58290100097656
1IA6,40.8849983215332,-95.48529815673828
49F,31.2274,-101.953003
28KS,38.54249954223633,-95.15609741210938
4SD4,44.04169845581055,-103.0459976196289
56NE,41.03279876708984,-98.81199645996094
09TA,33.724417,-96.298306
61OH,41.19810104370117,-81.20950317382812
OI32,41.16822,-81.288046
OK28,34.22825,-96.742988
ND82,48.311303,-103.148025
4MS2,32.212100982666016,-90.45030212402344
0CL0,37.11800003049999,-119.913002014
5OH6,40.353855,-83.5239
1WI6,42.84030151367188,-88.06400299072266
TA28,26.555086,-97.823294
12LS,30.178600311279297,-92.28500366210938
LA30,30.248199462890625,-92.24169921875
KM79,32.485559,-91.772376
19NY,42.40620040893555,-77.96080017089844
22PN,40.375833,-75.979722
14TS,27.42169952392578,-98.60449981689452
WA08,47.720699310302734,-117.90899658203124
7M8,36.250099,-90.319504
MS55,34.8109016418457,-89.57839965820312
89IS,38.21670150756836,-89.97509765625
91LS,38.2089004517,-90.03720092770001
25CO,40.851600646972656,-105.63300323486328
9NK4,42.024318,-73.856292
19NC,36.064306,-77.923121
9NR8,34.793333,-79.193611
FA50,29.3614006042,-82.1498031616
CA53,40.67250061035156,-122.34200286865234
1WI7,44.022385,-89.096417
20WI,44.02140045166016,-89.07929992675781
3WI8,44.05329895019531,-89.1218032836914
20OR,45.29725,-122.47517
AZ63,32.528027,-111.195974
MS43,32.549419,-90.826292
37MN,44.53,-95.09
MT92,45.656014,-109.411263
4MT4,45.683592,-109.40168
14ND,46.207801818847656,-102.90799713134766
42CN,36.70909881591797,-119.40499877929688
CA13,36.606871,-119.463526
VA99,37.905998,-76.290497
99II,39.5835,-86.952527
K60D,43.438457,-83.635433
XS59,28.280799865722656,-97.2114028930664
NA88,47.223899841308594,-100.4229965209961
54NR,36.312909,-79.82854
NC37,36.338952,-79.823295
6VA0,37.81869888305664,-76.31770324707031
52Y,47.06800079345703,-93.91410064697266
29VA,38.52930068969727,-77.73889923095703
VG07,38.53889846801758,-77.82830047607422
II26,40.70389938354492,-87.18779754638672
NY57,43.36009979248047,-75.18460083007812
PN14,40.789398193359375,-79.99749755859375
NV09,39.72439956665039,-119.89900207519533
77NV,39.84355,-119.6865
II65,40.88750076293945,-87.12359619140625
4IN8,40.86750030517578,-87.06829833984375
1MU0,37.164311,-93.564878
NM54,33.55212,-108.633134
0NM7,33.527901,-108.541001
KT16,33.69419860839844,-108.8489990234375
OL44,35.133056,-99.383889
23PA,40.500099182128906,-75.14679718017578
SD94,44.99300003051758,-96.47699737548828
NA01,47.66830062866211,-97.00540161132812
NA22,46.01250076293945,-103.7959976196289
WI42,45.65719985961914,-89.52989959716797
WS78,45.55030059814453,-89.48780059814453
VG12,38.317796,-77.867402
T76,33.1493,-97.496101
TA02,33.1029014587,-97.4642028809
82WN,48.361371,-118.140814
12NY,42.883902,-74.931344
XA40,32.996194,-96.665619
4E8,46.89580154418945,-102.3550033569336
7U8,47.62647,-105.079569
OI45,41.265098571777344,-81.65869903564453
PN71,40.650001525878906,-77.05750274658203
NY68,42.86119842529297,-74.94539642333984
1NY3,43.5667,-76.032997
KMO1,37.875,-92.408501
05GA,32.0713996887207,-84.71440124511719
7WI7,43.454168,-90.427222
XS61,31.114900588989254,-99.00340270996094
03MO,39.288831,-93.992421
0VA7,37.52320098876953,-77.81939697265625
4VA3,37.42990112304688,-77.39440155029297
4VA8,37.613800048828125,-77.2957992553711
80VA,37.79130172729492,-77.82469940185547
12II,39.856272,-84.973464
1KS1,38.458899,-95.226531
8MO3,39.32469940185547,-93.94159698486328
KM80,32.416302,-91.148903
KD99,42.800804,-82.657024
1KY7,37.83250045776367,-84.18080139160156
KM59,31.3174,-88.934998
07CL,39.49769973754883,-121.77100372314452
MY60,46.50270080566406,-95.61979675292967
K3I4,38.258351,-80.650783
3MD9,38.11819839477539,-76.39129638671875
0CL8,35.591104,-117.631323
1MU2,39.444844,-94.664104
59TN,36.32492,-89.4701
TN95,36.23713,-89.48548
VA02,36.58521,-79.8772
XA15,31.4269008636,-96.9796981812
K1DA,45.534577,-116.530917
1KS3,39.303992,-96.759431
GA03,34.86949920654297,-85.19969940185547
4WI1,43.48329925537109,-89.18340301513672
7WI2,43.44300079345703,-89.1781997680664
94C,43.450001,-89.250099
XS64,26.249000549316406,-97.56500244140624
CA16,38.72909927368164,-121.38899993896484
3TX6,32.233481,-97.380849
TE47,32.20899963378906,-97.31780242919922
TN36,35.762001037597656,-89.55120086669922
WI67,43.876994,-88.900402
WS46,43.831555,-88.891196
3GE4,34.72999954223633,-85.54190063476562
TX88,32.160246,-98.946905
31II,38.912086,-84.905197
32IN,38.918164,-84.974235
8WA5,47.135609,-118.778822
37N,47.48310089111328,-101.40899658203124
03NY,40.958308,-72.717326
8IA8,41.455074,-91.617259
8MD6,38.397098541259766,-77.14689636230469
91IS,39.82369995117188,-89.50399780273438
4VA9,38.569218,-77.92001
86IS,40.77939987182617,-89.25779724121094
2IN2,41.00920104980469,-85.37139892578125
44II,40.95309829711914,-85.3865966796875
60IN,40.945899963378906,-85.37000274658203
8IS2,40.99779891967773,-85.38890075683594
AL25,32.242401123046875,-85.6010971069336
LS92,30.597400665283203,-90.31590270996094
K54F,31.881799697875977,-100.54000091552734
0GA9,32.71390151977539,-84.02749633789062
16MT,45.40520095825195,-109.12999725341795
WS41,45.01219940185547,-92.55130004882812
ND54,47.12919998168945,-99.73040008544922
XA51,31.41830062866211,-97.12580108642578
TE62,27.85429954528809,-97.68229675292967
XS66,27.80389976501465,-97.74359893798828
44XA,27.836951,-97.772083
NE79,40.65280151367188,-96.62110137939452
NE80,40.673066,-96.637813
02MS,34.095701,-90.846131
75IS,41.899200439453125,-89.17040252685547
LL74,42.008399963378906,-89.04869842529297
8LL3,39.7092005795,-89.4898438454
2MN8,43.99610137939453,-92.33570098876952
NY78,42.986556,-77.650949
8W9,46.83269882202149,-123.09100341796876
IS93,42.443144,-89.504288
LL75,42.42499923706055,-89.45010375976562
LL91,42.416005,-89.453053
OA07,41.70140075683594,-80.86029815673828
0IS3,41.660089,-89.694443
73MD,39.175278,-76.2425
49AZ,36.73325,-109.61716
0WS7,42.970979,-89.028482
35C,43.128399,-85.505302
1C8,42.29169845581055,-89.13619995117188
LL78,42.312005,-89.151853
LL79,42.39310073852539,-89.13069915771484
LL80,42.38199996948242,-89.16120147705078
LL81,42.375,-89.070099
XS67,27.944499969482425,-96.98500061035156
XS69,29.911326,-100.000349
2TA9,29.811167,-100.687417
8TX2,29.978500366210938,-100.2020034790039
3TA0,30.096900939941406,-100.40499877929688
TT87,29.798653,-100.287872
48TS,29.892714,-100.016735
LL87,42.454825,-88.9049
LL88,42.47499847412109,-89.08899688720703
LL89,42.48720169067383,-89.10790252685547
02TN,35.780355,-86.585521
IN46,39.73889923095703,-87.21949768066406
2MO4,38.114199,-94.176049
13XS,32.884525,-96.464571
IA33,43.01190185546875,-93.24240112304688
13ME,45.77640151977539,-69.8093032836914
ME22,45.671201,-69.807225
0GE9,32.69390106201172,-81.79859924316406
09CO,38.055275,-103.650769
1CO5,38.016229,-103.69464
0VA4,36.95009994506836,-79.87950134277344
VG40,36.886759,-79.863911
VG53,37.04359817504883,-79.80139923095703
VG58,36.945202,-79.791942
50AZ,36.05970001220703,-110.58799743652344
NM70,31.948484,-109.046173
NM90,31.902736,-109.024479
K4M8,34.647999,-91.394402
AR11,36.287487,-94.08774
KPZQ,45.407101,-83.812897
KMO2,37.175201,-93.128899
MO31,37.04949951171875,-93.07240295410156
AL61,34.828099,-87.215825
MO18,37.124789,-93.093217
41MO,37.186944,-93.094167
49CO,40.093299865722656,-104.375
74CO,40.04719924926758,-104.20899963378906
OR44,42.675514,-123.189833
4OR0,42.55509948730469,-123.2040023803711
OK27,35.43560028076172,-94.4748992919922
K06D,48.8843,-99.620903
MU99,38.023889,-91.902083
19MO,37.806139,-91.814182
36MO,37.85279846191406,-91.64679718017578
04MS,32.940537,-90.836683
5MS1,32.953543,-90.845144
MS35,32.98173,-90.966062
MS62,32.628364,-90.865527
XS72,30.481744,-94.83055
NY53,43.183793,-75.401271
5NY4,43.15760040283203,-75.43070220947266
53GA,34.167801,-85.258598
WV06,39.285099029541016,-78.73829650878906
WV67,39.39469909667969,-78.67939758300781
MT19,47.591,-114.052002
8GA1,33.4212,-85.161903
59MN,48.599189,-95.186463
87MN,48.81029891967773,-95.20159912109376
TS84,33.401761,-102.314005
CL74,34.83190155029297,-118.4010009765625
2SD3,45.336131,-99.528682
28MO,37.973899841308594,-93.8188018798828
LL94,42.4345016479,-88.99949646
AR12,35.320598602299995,-92.018699646
K6KS,37.55937,-97.064717
87NC,34.916112,-78.600145
KSUO,43.2585,-100.85952
OG40,43.237300872802734,-123.49299621582033
48OR,43.1593017578125,-123.5019989013672
58OR,43.30970001220703,-123.1269989013672
5S1,43.22480010986328,-123.39700317382812
95OR,43.20759963989258,-123.53299713134766
TN01,35.347171,-89.819658
4NJ0,40.44929885864258,-75.0177001953125
3IS2,40.7406005859375,-90.66960144042967
TA33,29.357999801635746,-95.63520050048828
XA16,33.49420166015625,-97.4655990600586
54MA,35.054001,-89.580002
NM87,33.239231,-104.474158
MN95,46.51110076904297,-96.19200134277344
2WI0,44.85269927978516,-89.60009765625
PN90,41.74869918823242,-78.09970092773438
W57,42.92919921875,-73.770401000977
LL97,42.33890151977539,-88.08480072021484
71TE,30.378065,-98.376414
XS75,30.454399,-98.489197
NV31,38.806067,-117.031503
MU34,37.33620071411133,-91.39459991455078
NM92,35.295478,-105.614405
NC40,36.499698638916016,-79.11859893798828
1NK0,42.29729843139648,-74.54820251464844
CT59,41.55009841918945,-73.26619720458984
ME17,44.66019821166992,-70.58799743652344
TT29,33.534152,-95.694928
MT79,47.58420181274414,-108.70899963378906
NM17,35.929797,-104.180488
NE51,42.304856,-98.124898
4WA0,46.928056,-119.739166
8WA6,46.92070007324219,-119.58999633789062
04WN,46.95835,-119.63864
2WA2,46.880039,-119.588889
38WI,44.38859939575195,-88.85260009765625
94IS,37.901542,-89.140892
68TS,32.874485,-96.285015
33XA,32.857101,-96.308296
TT32,33.011916,-96.410472
GE72,34.235313,-83.153018
22WY,44.338056,-105.162117
38NC,36.476016,-79.595432
67SC,32.948217,-80.7663
KRUG,48.3904,-100.024002
NA49,48.41780090332031,-100.05500030517578
90ME,44.523303,-70.546569
94KY,37.5005989074707,-87.32939910888672
3GA7,32.450833,-84.249181
08CO,38.73249816894531,-104.04100036621094
23CO,38.84389877319336,-103.98999786376952
7CO6,38.760278,-104.101389
CO33,38.839206,-104.134898
84NY,42.98619842529297,-77.61250305175781
4OK2,34.815369,-97.974296
OK40,34.728253,-97.900578
MY88,43.559778,-95.825958
1MU8,39.55419921875,-94.99859619140624
8MO7,39.49169921875,-95.00659942626952
6IN8,39.52859878540039,-85.31670379638672
IN05,39.66059875488281,-85.54830169677734
5K4,40.1175,-90.590401
34IA,40.997189,-93.155608
OI62,41.47639846801758,-81.31710052490234
K1E8,44.388266,-75.066376
6PA4,41.93059921264648,-79.0342025756836
NA03,48.67250061035156,-100.85800170898438
II68,39.855,-86.959198
9AK2,61.89889908,-161.4380035
VA13,37.26539993286133,-79.04280090332031
MI03,43.705383,-82.709785
58NC,35.348434,-82.052915
28NR,35.3475,-81.995001
95CO,37.868499755859375,-104.83599853515624
3MT3,46.125556,-109.365
ME69,44.06900024414063,-70.06449890136719
3MN7,46.800676,-96.594629
OI85,39.501988,-83.711786
83TE,29.49690055847168,-99.493896484375
XS76,29.72410011291504,-93.87039947509766
PN91,41.827578,-77.500964
13IA,42.04570007324219,-90.19110107421876
KSKI,42.37910079956055,-94.97969818115234
17KY,37.393902,-87.258904
80KY,37.39619827270508,-87.2354965209961
93KY,37.47079849243164,-87.25330352783203
67PN,40.633399963378906,-76.5969009399414
CA22,38.7593002319336,-121.58499908447266
69XS,33.753037,-96.83043
XS31,33.701801,-96.831902
3PN6,41.742484,-80.07484
2AR2,36.01520156860352,-91.79660034179688
43MN,46.934031,-92.412775
ID19,48.236288,-116.383467
ID24,48.2234992980957,-116.43900299072266
68ID,48.25,-116.466667
03CO,38.098042,-106.08976
14AZ,31.909494,-111.120293
6AZ8,31.937751,-111.118952
LL24,41.205837,-87.784882
4AR9,35.914847,-92.899712
K3S5,43.035736,-84.435631
87LA,30.22251,-91.883812
GA20,30.8111,-81.462799
MO76,37.823476,-92.161088
TT61,30.905385,-97.586882
4WN9,42.5975,-88.146389
6VA4,37.284355,-80.068882
4OR5,44.967899322509766,-122.94100189208984
4OR7,44.98540115,-122.9459991
4OR8,44.8484992980957,-123.04100036621094
OR87,44.966111,-122.9225
NJ30,39.530799865722656,-75.47720336914062
JY39,39.661111,-75.465278
24NJ,39.490612,-75.433298
71IN,38.66590118408203,-86.00579833984375
IN44,38.564201,-86.057503
9NR7,35.018333,-78.565833
1KS6,38.86669921875,-97.5363998413086
48KS,38.81110000610352,-97.431396484375
58KS,38.92219924926758,-97.70860290527344
SN00,38.846900939941406,-97.55030059814452
17KS,38.845428,-97.50495
11MD,38.42002,-75.63168
2MD4,38.39459991455078,-75.55740356445312
MD35,38.432179,-75.659237
NC93,35.777801513671875,-80.50140380859375
NR70,35.7773,-80.520705
42IA,42.261494,-96.289523
89OK,35.44309997558594,-94.89749908447266
OK34,35.48429870605469,-94.84190368652344
8ID8,45.354071,-113.864472
ID52,45.157101,-113.802026
35ID,44.923832,-113.966316
0AZ2,33.778166,-113.640625
2AZ1,33.760346,-113.614748
AZ40,33.785711,-113.636742
76TE,31.500099182128903,-105.08399963378906
65TX,31.775133,-105.431317
2VA5,37.630699,-76.565002
5AL8,31.104999542236328,-85.99310302734375
K1A4,31.103788,-86.06248
5TE6,31.269167,-100.460833
TS65,31.35849952697754,-100.61299896240234
82TA,31.41917,-100.19341
TE54,31.138124,-100.274885
53TE,29.467591,-98.69533
64TX,29.61967,-98.49136
74R,29.2836,-98.500298
24XA,29.320969,-98.370294
K8T8,29.510499954223636,-98.79840087890624
CA88,36.026074,-120.908382
86TS,31.484015,-94.027074
53XS,26.148399353027344,-97.5916976928711
CA84,32.889702,-117.247002
33CO,37.06499862670898,-105.46399688720705
30AZ,32.565822,-110.427319
34FL,29.58089,-81.59189
37TX,31.32159996032715,-98.8656005859375
2TX9,31.327814,-98.804769
XS94,27.110988,-99.423323
NH20,43.4922981262207,-71.6458969116211
12NH,43.495278,-71.654444
1MT7,47.42110061645508,-111.15899658203124
8U1,47.10419845581055,-107.50299835205078
3OK7,36.241798400878906,-96.13420104980467
3OK8,36.11669921875,-96.2335968017578
1XS0,27.990591,-97.894114
8XS3,27.993892,-97.820567
31ID,48.391667,-116.36625
ID25,48.35079956054688,-116.5540008544922
26ID,48.363889,-116.403611
55ID,48.37956,-116.484781
1ID3,48.167965,-116.725331
00OK,36.198598,-96.217693
0OI3,41.38209915161133,-82.71610260009766
96G,43.375702,-82.82029
93LL,41.59450149536133,-88.60559844970703
IS94,41.60559844970703,-88.66120147705078
0LL6,41.69839859008789,-88.60759735107422
04NV,35.7555007935,-115.665000916
82NC,35.308101654052734,-79.07330322265625
NC00,35.560001373291016,-79.193603515625
9CA7,36.7672004699707,-119.43599700927734
T58,33.3317985534668,-97.23030090332033
T87,33.34220123291016,-97.2699966430664
TE24,33.3931999206543,-97.2052993774414
TS74,33.36259841918945,-97.29450225830078
TX96,33.39929962158203,-97.25700378417967
XA03,33.427509,-97.271284
K6X6,33.338996,-97.102956
ME32,45.089204,-69.260635
KSZN,34.06007,-119.915229
44CA,33.989461,-119.680177
CA97,34.01888,-119.851625
XS93,26.720645,-98.560439
5TA5,29.3361,-95.115196
5CL1,35.40470123,-120.5250015
74CN,35.47585,-120.30864
0CA3,34.587501525878906,-120.01300048828124
0CA4,34.6222,-120.065002
0CA5,33.14310073852539,-116.74500274658205
25CA,33.17919921875,-116.79299926757812
TA30,29.31879997253418,-95.08580017089844
86TE,32.649898529052734,-98.14730072021484
TX32,32.559951,-98.21127
03OK,36.041259,-96.161517
NY17,44.601983,-73.853138
1NY4,44.61750030517578,-73.91100311279297
4FL8,27.343700408935547,-82.31729888916016
96WY,41.408939,-106.593488
04NE,41.1599998474,-101.299003601
85NY,42.578399658203125,-78.5199966430664
NY00,42.567052,-78.557739
8ND0,48.90140151977539,-99.0167999267578
MY47,45.60469818115234,-94.21080017089844
PN00,40.34320068359375,-75.57270050048828
1GA6,31.725356,-84.311485
1KS7,37.67359924316406,-101.01699829101562
K1K9,37.456667,-100.984664
WY22,43.973319,-105.971852
9MO4,39.97837,-94.875183
3OI6,40.96120071411133,-82.37069702148438
46NY,43.018798828125,-76.76100158691406
ND42,48.10309982299805,-101.0780029296875
70ND,47.933135,-101.148175
7MI2,41.891097,-86.586739
6WI4,46.514579,-90.448965
65PA,40.89590072631836,-75.29630279541016
WI47,44.429932,-89.14877
52OR,45.748233,-122.851304
8OR6,45.78229904174805,-122.8939971923828
ME66,43.61259841918945,-70.3572998046875
PN95,40.101349,-80.039035
3SD3,43.811798095703125,-102.72000122070312
6NK0,42.595618,-74.820607
4MI4,42.1781005859375,-85.6707992553711
MI09,42.123699,-85.710297
62NJ,40.808333,-74.808333
KB04,43.067552,-73.583737
27NK,43.113317,-75.044467
25OR,44.639424,-122.827746
OR51,44.71960067749024,-122.6999969482422
8U3,48.999493,-105.398994
3MS8,32.94219970703125,-88.3635025024414
1SD1,43.16540145874024,-97.73090362548828
2NC7,36.16790008544922,-77.3989028930664
NC66,36.13130187988281,-77.2957992553711
1KS8,38.51530075073242,-100.99500274658205
12NE,41.90660095214844,-103.6999969482422
61IN,38.713698,-85.6036
II69,38.71810150146485,-85.76020050048828
63IN,38.695833,-85.919167
IN50,38.688406,-85.703222
3R8,38.65729904174805,-85.79019927978516
3FD6,28.76177,-80.84959
2KY0,36.6775,-86.12875
65VA,37.845116,-78.54732
SC60,33.90409851074219,-79.68399810791016
NA98,46.302388,-103.170119
9TE0,32.392338,-96.404329
45NC,36.528381,-77.455308
8TA1,28.477877,-96.760184
DE15,38.61259841918945,-75.69969940185547
60MN,44.46799850463867,-95.28359985351562
5TA9,32.609901428222656,-96.5269012451172
TT97,32.954601,-102.541
90TS,29.85693,-96.139293
3TA2,29.736489,-96.062679
05TA,29.80909919738769,-96.26509857177734
35AR,35.3118056,-91.8756361
26AR,35.2154998779,-91.807800293
MN88,44.228889,-94.415278
12ME,44.32229995727539,-69.2072982788086
55ME,44.318056,-69.138333
MO08,38.66279983520508,-93.33270263671876
2KS0,37.20669937133789,-96.07689666748048
12KS,37.93529891967773,-97.48780059814452
7KS9,37.849197,-97.510239
42MT,47.414718,-113.622358
TA85,29.565891,-98.06058
TE51,29.539100646972656,-97.83499908447266
WA76,46.858056,-120.778837
0WN1,46.75189971923828,-120.60199737548828
8AK3,66.76599884033203,-160.1529998779297
9SD7,45.474998,-100.035004
6KS2,39.44173,-100.62736
52AZ,35.380774,-113.301042
5OR0,42.285099029541016,-123.53299713134766
84OR,42.24760055541992,-123.56999969482422
CA40,36.52130126953125,-119.66999816894533
CA41,36.58330154418945,-119.63999938964844
KSZY,35.20289993286133,-88.49839782714844
0MS2,31.54179954528809,-89.3917007446289
KSRE,35.2747,-96.675201
39TE,32.7182006836,-102.737998962
5TA0,32.73199844360352,-102.94400024414062
AL74,30.76440048217773,-88.30580139160156
65MS,34.564694,-89.884056
88MS,34.627578,-90.129496
63KS,39.779366,-96.004127
2KS6,39.750379,-96.026783
1LL2,41.300628,-88.633271
SC96,34.560298919677734,-82.935302734375
SC24,34.67169952392578,-82.9135971069336
OG14,44.022441,-118.93115
71OR,44.2445,-119.126242
7OR8,44.09040069580078,-119.29000091552734
5GA0,33.2276,-84.544403
64GA,33.283501,-84.538803
0WN0,48.137298583984375,-123.11299896240234
WA59,48.125571,-123.150269
WN23,48.10179901123047,-123.18000030517578
WN29,48.130401611328125,-123.20700073242188
WN49,48.121799,-123.087997
7IL9,41.481494,-88.705069
2KS2,37.65560150146485,-96.29060363769533
7PS7,40.538700103759766,-80.11730194091797
4IS7,40.073101,-88.399498
95IN,38.887501,-85.826401
KH58,37.18470001220703,-92.73760223388672
PAHX,62.692144,-159.569035
07IA,40.647888,-95.02135
0CA9,35.592797,-120.338058
9OR1,45.00289916992188,-120.73999786376952
OG54,44.96009826660156,-120.88500213623048
1LL6,42.22809982299805,-89.73819732666016
2IL0,42.181400299072266,-89.6769027709961
4MS4,34.15769958496094,-88.76020050048828
2GA8,34.34980010986328,-85.07689666748047
WS55,42.51750183105469,-88.74539947509766
PN99,41.205902,-80.358547
NK91,42.816200256347656,-74.62460327148438
K31,42.77840042114258,-74.57759857177734
6KS4,38.907264,-101.785326
TN10,36.3390007019043,-83.77880096435547
TN13,36.32833,-83.825555
29GA,33.384300231933594,-84.63189697265625
II70,40.384932,-86.063204
2PA6,40.4911994934082,-76.09770202636719
2OH4,40.6245002746582,-82.635498046875
1MS0,33.59980010986328,-90.78119659423828
MS85,33.597900390625,-90.80290222167967
6WA5,48.575354,-122.943568
8WI1,44.755014,-88.728156
11MT,46.462777,-109.490555
3OK9,35.321786,-97.040084
WN03,43.6786003112793,-87.72560119628906
PASP,61.8120002747,-147.507003784
IA94,42.880647,-93.31519
1LL7,41.34980010986328,-89.77320098876953
MA18,42.0791015625,-73.30719757080078
42VT,44.36690139770508,-73.15019989013672
VT22,44.40140151977539,-73.26709747314453
VT23,44.369147,-73.250656
38VT,44.402083,-73.157917
NC97,35.3689,-81.522499
93MS,33.9715995789,-90.7682037354
MS03,33.924641,-90.788944
88NY,43.15779876708984,-78.3583984375
6K2,39.812599182128906,-92.05020141601562
40KY,38.2934,-85.205002
6KY3,38.328611,-85.214167
5KY2,38.165067,-85.150893
70II,39.522238,-85.686053
93IN,39.5886,-85.736099
II97,39.47779846191406,-85.88330078125
IN49,39.48551,-85.80324
8TN2,35.399098,-86.554843
1LL8,40.788654,-87.559361
NA05,46.61220169067383,-97.43560028076172
5MO7,36.59581,-93.629758
21MU,36.56489944458008,-93.50959777832033
72GA,31.58359909057617,-81.23320007324219
49NY,41.055672,-72.360486
XS99,30.47100067138672,-94.9126968383789
7NK7,42.71329879760742,-75.88999938964844
OG23,45.15710067749024,-123.39099884033205
67OG,45.031389,-123.406111
98OR,45.19900131225586,-123.37000274658205
2LL1,41.540247,-88.68802
IN51,40.13999938964844,-86.15249633789062
07WY,44.960084,-106.105925
72TS,29.36079978942871,-96.62249755859376
MI13,43.16170120239258,-85.06169891357422
11TX,33.667813,-96.691971
1TE8,33.548876,-96.55777
0PA2,40.31679916379999,-77.1247024536
8PA6,40.329306,-77.167639
2LL2,41.31480026245117,-90.5521011352539
AR22,34.3815,-91.958504
20NC,35.59239959716797,-81.05590057373047
NA06,47.86280059814453,-98.97260284423828
NA70,47.77389907836914,-98.9884033203125
ND64,47.818222,-99.215859
NJ06,39.45759963989258,-75.27320098876953
TE36,29.39189910888672,-97.18470001220705
XS49,29.49020004272461,-97.12190246582033
90PA,41.8805,-78.114295
6W0,39.40700149536133,-80.27670288085938
W34,44.4547,-88.561798
6PA5,40.113399505615234,-77.4542007446289
N42,40.053747,-77.461739
IL54,39.121657,-89.937151
IN65,41.69139862060547,-85.59549713134766
PN50,40.50650024414063,-75.94329833984375
K76A,35.46419,-91.23001
37VT,43.86859893798828,-73.31809997558594
66VT,43.882785,-73.2862
KTBX,43.251301,-108.121002
61AZ,34.36970138549805,-109.6969985961914
5LA0,32.591801,-93.828003
LA56,32.341801,-93.658501
LS41,32.567101,-93.878899
1LA4,32.300466,-93.636533
5NE2,40.19580078125,-95.62940216064452
1MS8,32.940102,-88.579201
96IS,39.875,-87.84500122070312
6Y9,46.508753,-88.707454
2LL5,39.99860000610352,-88.05999755859375
29IA,40.75575,-95.623455
IA02,40.74801,-95.67094
NE34,41.038643,-102.955027
41OH,40.313975,-84.181046
1AZ6,31.556821,-110.107384
PN13,41.28730010986328,-79.16639709472656
22NC,35.821098,-79.4683
8NC6,35.693638,-79.411624
5OR3,44.73040008544922,-123.91500091552734
54MO,39.142616,-90.9588
MO39,39.110958,-91.040446
66AR,36.036682,-94.388855
38AR,36.11880111694336,-94.46820068359376
2CD4,39.430788,-107.623111
1NM0,33.21200180053711,-108.0260009765625
K94E,32.759404,-108.209624
41CA,40.3176,-123.253998
MN41,44.973428,-94.214186
79XS,34.467908,-101.295706
22OR,44.94179916381836,-122.76300048828124
CD15,39.295794,-104.12178
22LA,30.997228,-91.882277
SC47,34.76139831542969,-82.1613998413086
ME25,47.166507,-68.392843
NY39,42.223406,-79.328125
2SD8,43.508328,-96.862326
7TS3,29.9323694,-98.6771167
7OR4,44.311211,-121.456958
OG15,44.23320007324219,-121.39099884033205
OR34,44.322703,-121.431506
18JY,46.284698486328125,-123.44300079345705
7XS5,35.531994,-101.1613
3TE6,35.56999969482422,-101.16899871826172
1AK6,61.856262,-151.397521
OL19,36.415446,-96.056122
2F6,36.355098724365234,-96.01100158691406
54MU,40.300433,-95.112169
16AZ,34.5088996887207,-112.68000030517578
27AK,61.9454,-151.036966
AK64,61.948417,-151.524312
AN03,61.991944,-151.360972
S88,47.710899,-121.338997
4MS3,34.95600128173828,-89.39399719238281
NC73,35.43875,-76.449587
PADT,62.724602,-143.921005
NK79,41.418399810791016,-74.53240203857422
01LS,30.722478,-91.077372
LS25,30.704599380493164,-91.06069946289062
LS77,30.727067,-91.148736
Y58,44.25,-94.71690368652344
ID45,46.323533,-116.71345
0PN2,41.07310104370117,-80.07029724121094
AL41,31.11599922180176,-85.62550354003906
29MO,39.35079956054688,-94.5186004638672
79MU,39.329833,-94.557931
92MU,39.409119,-94.606228
MS63,34.054298400878906,-88.37120056152344
DE04,39.29169845581055,-75.57499694824219
DE29,39.375099182128906,-75.64409637451172
TN11,36.50149917602539,-83.25550079345703
7AK2,58.134516,-133.729105
WA04,47.814902,-122.043915
08XA,30.479253,-96.504031
UT94,41.707379,-112.919873
XS36,32.921602,-101.04983
07OK,34.633399963378906,-99.03369903564452
60XS,32.893325,-100.893908
18GA,33.693199157714844,-83.65769958496094
WS51,43.35279846191406,-90.68099975585938
1AK4,60.5242,-150.751999
7AK3,60.476933,-151.17136
7AK5,60.50360107421875,-150.93600463867188
7AK6,60.475686,-150.929875
AK55,60.489429,-150.801473
04AA,60.535833,-150.811387
AK07,60.48453,-150.92269
38PA,40.390899658203125,-75.01409912109375
AK26,64.5605,-164.4457
3AZ8,32.76685,-109.653254
IA25,41.80059814453125,-91.43990325927734
CT29,42.013271,-72.472519
MT61,48.092824,-114.157961
AZ25,32.55705,-114.678947
AL04,34.479551,-86.77128
1IN5,38.2848014831543,-87.38200378417969
2LL9,41.704200744628906,-88.69309997558594
49IL,41.593299865722656,-88.69170379638672
CL85,38.158228,-122.456344
11T,30.37257,-100.190242
TE37,30.301354,-100.471987
9TE2,30.568731,-100.444462
4J8,32.387699,-82.563698
3GA8,32.32939910888672,-82.63500213623047
7NA9,48.92829895019531,-100.5780029296875
NA07,48.88639831542969,-100.69499969482422
FL41,26.581199645996094,-80.75589752197266
3LL0,42.49169921875,-89.09590148925781
3IN7,41.661243,-86.353183
3VG9,36.711385,-79.136266
NJ10,40.372811,-74.517375
VT25,44.41669845581055,-73.16619873046875
2NY0,42.28060150146485,-73.9529037475586
1OH8,39.86669921875,-83.63330078125
45OK,36.91260147094727,-95.60299682617188
OK88,36.914455,-95.463297
NY27,42.37089920043945,-79.0094985961914
CD10,37.67499923706055,-106.55599975585938
CD69,37.74029922485352,-106.5260009765625
VT26,44.624612,-73.306495
UT13,40.56389999389648,-112.01399993896484
02WA,47.15230178833008,-122.09400177001952
78MI,42.04059982299805,-83.30349731445312
08MA,42.29399871826172,-71.49620056152344
09MA,42.304298400878906,-71.50589752197266
1MA5,42.27899932861328,-71.54779815673828
28MA,42.078238,-72.818792
05NE,41.7221984863,-98.3089981079
03WA,47.408199310302734,-117.37200164794922
2NV2,39.835629,-119.675904
NV96,39.823563,-119.658331
4IS8,40.02170181274414,-89.55010223388672
3NC7,36.5192985534668,-81.13670349121094
1TN2,35.839548,-85.545585
9MO5,37.061199,-93.099297
SC40,35.05730056762695,-81.9448013305664
SC66,35.064867,-81.886554
0PN5,41.77920150756836,-79.59839630126953
E42,36.221001,-101.195
6AL5,32.739458,-86.225186
7NK4,43.222599029541016,-77.81060028076172
33OI,41.082802,-82.043198
60M,42.290501,-71.964699
IN53,39.29238,-86.824231
NE81,42.881487,-98.655762
TN85,35.638999938964844,-85.39720153808594
44WI,44.772217,-90.385067
KUSW,38.82378,-81.348843
D91,43.16949844360352,-77.81829833984375
0XS6,30.500841,-98.147448
8TA3,30.51689910888672,-98.17420196533205
52TS,30.418500900268555,-98.16280364990234
OL42,35.26328,-94.49088
04WA,47.581795,-117.437131
12WA,47.520577,-117.462827
WN61,47.724949,-117.281059
WN92,47.608637,-117.180455
WN41,47.304401,-117.961998
5OR4,42.434693,-121.350861
3NY0,42.827301,-74.403999
IS62,40.8672981262207,-89.4531021118164
43PA,40.160099029541016,-75.54630279541016
3LL4,42.44720077514648,-88.20149993896484
3LL5,42.464500427246094,-88.23429870605469
MY10,43.56110000610352,-91.68150329589844
41KS,38.734313,-94.798422
0TN0,35.676700592041016,-86.89669799804688
42NC,35.957801818847656,-78.17060089111328
34MI,43.10029983520508,-86.22339630126953
80WI,44.02299880981445,-89.13849639892578
44PA,40.85010147094727,-77.61640167236328
9WI8,42.69390106201172,-88.37930297851562
0OH6,39.60060119628906,-84.01969909667969
OI34,39.61309814453125,-83.99240112304688
7MN3,43.7052001953125,-92.46070098876952
23WN,45.91109848022461,-91.62850189208984
5WI1,45.902228,-91.677159
PS82,41.2958984375,-75.59770202636719
WA23,48.02099990844727,-117.73899841308594
KS42,36.331075,-104.618339
22OK,34.315161,-97.177492
3NY3,42.85979843139648,-74.82430267333984
75OH,39.939297,-83.902082
1OA4,39.92359924316406,-83.66169738769531
8MO1,37.405069,-93.351389
Y03,42.881353,-97.901044
3TN9,36.61330032348633,-86.810302734375
8TN5,36.486022,-86.911018
9TN4,36.45769882202149,-86.94599914550781
36KY,37.65560150146485,-85.15380096435547
39MO,37.118698,-93.204903
16AR,35.30110168457031,-92.57330322265624
K8V7,37.458698,-102.617996
7IN9,40.03749847412109,-85.41059875488281
93XS,32.929111,-97.713833
61TE,32.98680114746094,-97.61969757080078
6XS7,33.0452995300293,-97.67479705810548
9V1,42.828802,-99.739846
NK27,42.488666,-78.634923
2AL4,33.712447,-86.395595
CA44,36.149898529052734,-118.802001953125
TA16,33.447161,-100.859014
83XA,33.462463,-100.93519
2MN6,44.04719924926758,-92.09290313720705
OH90,40.102432,-80.899351
FD37,28.13719940185547,-81.26339721679688
FD74,28.066814,-80.902536
31FL,28.043352,-81.01923
57FA,28.20859909057617,-81.11920166015625
72FL,28.157516479492188,-81.23479461669922
WS71,45.43050003051758,-92.6155014038086
09AZ,31.924848,-110.040007
4IL4,39.0564,-88.816101
LS35,30.762500762939453,-91.2772979736328
LS89,30.940814,-91.473305
21LS,30.870399475097656,-91.43109893798828
6Y6,44.36669921875,-84.4000015258789
94IL,38.693,-89.781861
8WA7,47.11520004272461,-117.5739974975586
K97G,43.000329,-84.595002
2S3,42.90700149536133,-84.47219848632812
39T,43.06480026245117,-84.48919677734375
KL33,31.97742,-91.240471
0LL5,40.1100006104,-88.07839965820001
9IL2,40.06499862670898,-88.02639770507812
ID13,47.322102,-116.639999
24OI,40.07780075073242,-83.89720153808594
45MO,38.848967,-90.639098
4S5,48.6264,-97.439201
43IN,38.13750076293945,-87.67639923095703
25IA,43.395073,-92.963744
0LL2,40.738899231,-90.3806991577
MI41,42.83169937133789,-82.53459930419922
96MU,37.94340133666992,-91.6020965576172
25MI,42.938527,-84.577182
99SC,33.689167,-80.688611
NE17,41.2486000061,-98.4559020996
II71,39.3863983154,-85.6172027588
06NC,34.82749938964844,-78.9302978515625
5II5,38.118014,-87.702098
3TA,37.959481,-98.6478
CT31,41.954361,-72.352284
KN49,39.34979,-119.474027
30PA,40.144306,-79.375139
KF56,32.9091,-99.736
5AZ7,32.847181,-111.950791
AZ61,32.901789,-112.237859
00KY,37.409400939941406,-84.61969757080078
MT73,47.237854,-110.176377
NM63,35.16579818725586,-106.01200103759766
13ID,44.2666015625,-115.0009994506836
ID39,44.018226,-114.839637
5NJ2,40.592752,-74.840405
38C,43.59999847412109,-85.49310302734375
5NE3,41.488296,-100.487523
9NE8,41.400055,-100.478296
MS69,32.10879898071289,-90.04650115966797
ID92,43.728802,-116.523003
49XS,31.448333,-98.321111
K55M,33.925545,-91.861095
WS30,45.1890983581543,-92.54830169677734
1WN3,45.211399,-92.534267
D32,45.598876,-95.535994
37OR,45.09320068359375,-118.39900207519533
KM51,33.497501373291016,-88.6812973022461
NA10,48.38059997558594,-99.03369903564452
4PA6,41.91510009765625,-75.3644027709961
47PA,40.71670150756836,-77.98310089111328
1GA4,32.32849884033203,-81.75540161132812
03GA,32.561626,-81.85509
2GA7,32.498194,-81.622444
83NR,35.711192,-80.969599
NC09,35.8838996887207,-80.77670288085938
NC15,35.95709991455078,-80.97899627685547
5OR8,44.77320098876953,-122.8499984741211
5OR9,44.776798248291016,-122.76000213623048
8OR2,44.77849960327149,-122.7300033569336
56OG,44.771858,-122.727628
81CO,40.40610122680664,-106.8209991455078
CD99,40.35829925537109,-106.83000183105467
KM12,36.09590149,-89.86340332
7AL2,33.86482,-86.310835
VA00,37.928199768066406,-79.1781005859375
NE20,40.18610000610352,-96.2114028930664
39FD,29.729400634765625,-83.35350036621094
K4F8,33.443403,-93.054242
17TX,32.443395,-98.255024
TT86,32.161746,-98.146464
68KS,38.19685,-98.182575
LL38,41.81054,-89.838188
AK05,60.54234,-150.598612
06AA,60.540256,-150.813827
9AK9,60.55301,-150.641951
40AK,60.557236,-150.836964
53AK,60.533749,-150.856597
AK39,60.699567,-150.176239
AK84,60.52939987182617,-150.83099365234375
70N,41.3474006652832,-75.41590118408203
3CO2,40.616391,-103.332436
58XS,31.8306999207,-101.055999756
TS95,31.643801,-100.970001
96TE,31.9030278,-100.8716111
46TE,31.849722,-101.06
TA54,31.814697,-100.911814
91ME,44.894075,-69.115707
8MI7,46.16189956665039,-86.48429870605469
MT32,46.53879928588867,-114.04000091552734
7MD8,38.85649871826172,-76.36160278320312
IL53,41.785829,-89.030097
4LL0,41.835899353027344,-89.09339904785156
4LL1,41.85419845581055,-89.08760070800781
9IL4,41.80720138549805,-89.04810333251953
84PN,39.75260162353516,-76.5354995727539
K0P2,39.795243,-76.647678
JY07,40.69570159912109,-75.13240051269531
5MN0,43.86679,-92.561091
WS72,44.85279846191406,-88.01200103759766
6WI5,44.889198303222656,-88.0208969116211
II09,39.573113,-86.618671
MD69,39.33340072631836,-76.08300018310547
4IL3,42.142987,-89.228468
OK66,36.027376,-96.957464
6OK9,36.14170074,-96.94229889
63K,38.82109832763672,-94.60970306396484
8KS7,38.73310089111328,-94.64520263671876
ID11,46.018888,-115.962222
4GE2,33.55009841918945,-84.1666030883789
2TS8,29.22050094604492,-97.87169647216795
6WN5,44.49980163574219,-92.19879913330078
68IL,40.613524,-87.56684
IA68,41.6099,-90.858951
4LL3,42.30830001831055,-89.9834976196289
99IL,42.28670120239258,-89.9574966430664
IS37,42.32389831542969,-89.9928970336914
KRCP,39.346592,-99.304649
84IL,42.343111,-89.923319
21UT,40.44092,-112.36721
6CL8,37.950801849365234,-121.24299621582033
CN95,37.9933056,-121.4922903
37IN,40.29169845581055,-86.7802963256836
75NC,36.22125,-80.033333
49PA,40.85929870605469,-75.13379669189453
14WS,45.77799987792969,-91.55850219726562
3CO4,37.070899963378906,-105.0189971923828
25XA,30.092863,-98.701258
TS76,30.250200271606445,-98.5947036743164
IS54,39.6431007385,-89.14450073239999
CT80,41.3473014831543,-71.88590240478516
93B,44.17319869995117,-68.6802978515625
3NC5,35.812198638916016,-81.06999969482422
2WI1,42.94359970092773,-89.2865982055664
2WI6,42.91360092163086,-89.18620300292969
95WI,42.93610000610352,-89.12969970703125
9MO6,38.19309997558594,-92.99240112304688
2PN4,40.0817985534668,-78.94550323486328
MO01,37.25,-93.1060028076172
45OI,40.56119918823242,-81.54570007324219
VA17,39.0359,-78.392197
CO38,39.74720001220703,-104.31300354003906
CO97,39.72079849243164,-104.322998046875
ND41,46.13470077514648,-100.11299896240234
3E7,36.219501,-102.103996
KH70,36.34560012817383,-102.04900360107422
9OK5,34.77830123901367,-96.92749786376952
9OK7,34.7925,-96.908333
36CA,36.13190078735352,-119.98600006103516
92CA,36.12080001831055,-119.88800048828124
CA05,36.16019821166992,-119.81300354003906
CA49,36.2041015625,-119.84100341796876
12CL,36.15689849853516,-119.8499984741211
5PA9,41.18840026855469,-79.28230285644531
54IL,41.126271,-88.801848
LL52,41.16109848022461,-88.93910217285156
1NA5,46.625,-99.45040130615234
5XS9,31.92180061340332,-96.26499938964844
PN72,40.56919860839844,-78.88249969482422
OL39,35.698611,-96.6775
50PA,40.93339920043945,-75.34960174560547
3WN9,44.55690002441406,-91.3668975830078
92NY,42.752936,-78.462124
1VA1,36.735198974609375,-80.44879913330078
MO10,39.20429992675781,-92.26239776611328
SD35,44.494267,-103.395689
XA05,34.10156,-102.627074
9XS6,34.0531005859375,-102.52200317382812
MA70,42.35089874267578,-71.42980194091797
0MD1,39.18730163574219,-75.7927017211914
25MD,39.16749954223633,-75.84020233154297
32MD,39.18939971923828,-75.87680053710938
MD70,39.18119812011719,-75.90879821777344
70PN,41.989200592041016,-79.30110168457031
09MT,45.909346,-113.763183
8IL3,39.579775,-88.623525
49IN,39.131699,-87.382004
85IL,39.636894,-88.619413
II98,39.04389953613281,-87.4219970703125
KW11,43.007432,-88.602237
NK53,42.20560073852539,-76.77050018310547
8C2,41.574100494384766,-92.84660339355467
12LA,30.27589988708496,-93.3573989868164
2IN5,40.01520156860352,-85.472900390625
39IN,40.00230026245117,-85.42890167236328
5IG9,40.015632,-85.432728
TT11,33.074322,-95.603571
88TX,33.158041,-95.599235
08OR,42.838,-121.11509
4AL6,30.55827,-87.6527
AL69,30.511838,-87.496708
8FL2,29.001101,-82.100601
GA23,34.57830047607422,-85.38390350341797
47GE,34.482168,-85.304374
26GA,34.402607,-85.286744
1OR5,45.51891,-118.047339
24SC,33.93579864501953,-81.42970275878906
9MO9,39.556403,-93.249035
13GA,31.3666,-83.754898
00SC,34.0093994140625,-80.26719665527344
FL03,28.717364,-82.028781
WY55,44.41859817504883,-104.59400177001952
KC43,42.769318,-84.964727
45MS,33.547164,-90.567094
35AZ,31.8863,-109.4828
II72,39.19580078125,-85.20559692382812
FA02,26.309799,-81.227303
0GE4,33.33140182495117,-84.2667007446289
UT09,39.500912,-110.179739
K1S5,46.32709885,-119.9700012
23TE,32.78,-96.568056
51LS,30.438053,-92.116653
5LA9,30.435556,-92.118333
08LS,30.40829,-92.033444
NE87,40.097198486328125,-98.0647964477539
9WI9,46.62080001831055,-92.08190155029295
NC43,34.12519836425781,-78.33809661865234
7P5,45.065559,-88.427152
32WN,45.099013,-88.419871
VA78,37.0715522766,-76.8744659424
2VA2,37.14599990844727,-76.79000091552734
7AK0,61.466324,-150.617914
8AK6,61.37189865112305,-150.26199340820312
WY23,44.07329940795898,-106.26599884033205
5NE4,41.571258,-101.173046
OG24,43.38869857788086,-123.22200012207033
MA97,42.125099182128906,-71.73979949951172
AK59,61.790695,-148.352981
52AK,61.704033,-148.908783
04AN,61.737511,-148.700724
NE86,40.66559982299805,-97.86979675292967
NE85,40.590327,-97.860668
ND19,47.433589,-98.417904
95FA,30.401111,-82.956389
GA41,32.61410140991211,-82.2970962524414
MS38,33.87229919433594,-90.2834014892578
ME5,44.16540145874024,-68.42780303955078
TA00,32.38420104980469,-100.27899932861328
TN17,35.582298278808594,-84.48799896240234
TN64,35.5442008972168,-84.53279876708984
86XS,32.40010070800781,-100.36699676513672
OH18,40.932498931884766,-83.14029693603516
4LL7,42.001719,-88.664927
4LL8,41.999315,-88.648585
IS47,42.03060150146485,-88.70179748535156
2KS8,39.11371,-98.40338
64KS,38.976543,-98.47143
76GA,32.743904,-81.614084
46OI,41.68339920043945,-83.7666015625
KSYV,31.558500289917,-83.895698547363
K3K3,37.997113,-101.748218
4IN9,41.41889953613281,-85.69170379638672
6NK,43.26499938964844,-76.1781005859375
85IN,40.43389892578125,-87.50499725341797
81NC,34.0408325195,-78.7399978638
VG05,37.87960052490234,-78.05750274658203
AZ60,32.723321,-113.938501
6OK1,36.00149917602539,-95.00299835205078
K2F4,33.176998138427734,-101.81999969482422
3GA1,32.728242,-84.356875
21AK,62.082611,-150.066931
3AK3,62.56380081176758,-150.2209930419922
49AK,62.025568,-149.979058
AK19,62.17390060424805,-150.06399536132812
AK44,62.319441,-150.113475
AA00,62.51015,-149.926717
45AA,62.1628972,-150.5396083
8AL2,33.355426,-86.262135
53FD,30.477500915527344,-84.03469848632812
64GE,33.726925,-85.311891
60LA,32.339156,-90.976878
9LS5,32.303812,-91.128674
9LS9,32.405014,-91.343297
85GA,34.172298431396484,-83.73100280761719
PS99,40.74625,-75.932608
52PA,40.76253,-76.00487
TSG,63.3744010925,-143.335998535
MD20,39.635919,-77.122886
MY11,43.52140045166016,-92.65850067138672
NM03,36.662139,-105.720208
VA89,37.947778,-76.970972
8NA0,46.88109970092773,-99.63089752197266
NA71,46.99580001831055,-99.67120361328124
8KA,62.293301,-153.362
18T,33.2611999512,-103.277000427
1NA9,47.03329849243164,-102.49600219726562
75ND,46.907501220703125,-102.49099731445312
ND62,46.84830093383789,-102.45800018310548
AK49,65.6792984009,-164.798995972
47XA,30.506519,-97.41354
PATM,60.867802,-157.391998
25SC,34.96095,-82.337058
62MN,45.38140106201172,-92.68240356445312
3KY3,38.03829956054688,-85.3593978881836
MS39,31.82099914550781,-89.4583969116211
6NC4,35.905701,-81.139503
NC58,35.918656,-81.11942
NC59,35.85070037841797,-81.14399719238281
NR04,35.960278,-81.173056
VA07,37.096025,-81.369359
MS40,33.225549,-90.247049
3SD4,43.464939,-96.862633
34G,41.974998,-83.925201
36OK,35.272300720214844,-96.88169860839844
9CA0,35.11389923095703,-118.5979995727539
6NE3,41.844949,-96.12402
2K5,63.393902,-153.268997
CO95,38.052378,-107.984871
37CA,33.50699996948242,-117.0709991455078
0GA3,33.77009963989258,-85.06079864501953
OK79,34.25680160522461,-98.24120330810548
5TA1,31.193500518798828,-97.4072036743164
TS92,31.214599609375,-97.42669677734376
WY00,43.967719,-107.379654
WY38,43.62360000610352,-107.40799713134766
8WY6,43.925417,-107.294583
59WA,46.85011,-122.936261
65WA,46.84040069580078,-122.91600036621094
TA70,31.78350067138672,-95.89749908447266
1MN0,46.04359817504883,-96.54620361328124
70TT,29.614018,-103.553029
TT53,29.320577,-103.539248
3TE8,29.319401,-103.584
PHHF,23.869467,-166.284977
WV57,39.46310043334961,-79.5425033569336
3T4,63.124618,-142.518005
AR44,33.51259994506836,-94.01349639892578
TS50,29.417499542236328,-94.99829864501952
55TE,29.418272,-94.904466
TA13,36.208131,-102.872672
WY39,42.96939849853516,-110.96600341796876
WY64,42.957401275634766,-110.98300170898438
VA79,38.9529,-77.746902
MO56,36.514198303222656,-92.64019775390624
LS08,29.467912,-90.756999
0LS0,29.74970054626465,-90.73580169677734
7MN8,48.06952,-96.27944
5OK8,35.7298,-98.6587
56IS,40.243215,-88.083991
KN97,35.830079,-80.109451
NC31,35.76490020751953,-80.02420043945312
PA84,39.953819,-76.909261
4PS4,41.815224,-75.534243
73OH,41.64699935913086,-81.00869750976562
4ND1,47.79280090332031,-97.15370178222656
0MT7,47.66080093383789,-115.40399932861328
MT69,47.727724,-115.464614
4II7,40.105899810791016,-86.52189636230469
8OI5,39.88169860839844,-82.41459655761719
LS14,30.070999,-92.825104
WS60,44.93389892578125,-90.83100128173828
97WI,44.96329879760742,-90.86029815673828
MT42,45.91049957275391,-111.51399993896484
MT36,45.818929,-111.695886
4MI6,41.8577995300293,-86.614501953125
72F,33.180052,-99.149798
4MD7,39.645255,-77.367826
PS61,41.69089889526367,-79.36589813232422
13PA,41.68259811401367,-79.4520034790039
17PS,41.579200744628906,-79.44170379638672
NM48,36.728808,-106.493897
OG34,45.39979934692383,-122.8290023803711
TE63,28.246706,-98.553457
43TS,28.474205,-98.583811
7MD9,38.73609924316406,-76.31670379638672
5AR1,33.711943,-91.46182
AR79,33.693497,-91.379612
D58,45.415001,-101.083
IS56,40.08810043334961,-90.8853988647461
58J,34.137699127197266,-79.92060089111328
SC29,34.1106987,-79.90149688720001
56PA,40.46950149536133,-75.08209991455078
29MN,46.02830123901367,-96.36280059814452
D60,48.38050079,-102.8980026
K1O8,34.45859909057617,-99.17130279541016
2II6,40.264464,-86.102536
35IN,40.29449844360352,-85.94249725341797
5IN3,40.30030059814453,-86.05030059814453
55KS,39.300435,-98.45835
XA17,33.32170104980469,-95.5635986328125
73OK,34.357027,-96.734861
01OL,34.391667,-96.690833
15LL,41.23749923706055,-89.53669738769531
53IL,41.231388,-89.452593
0PN8,41.606394,-79.684181
RI07,41.57899856567383,-71.1417007446289
0IN2,40.82780075073242,-85.08609771728516
8AK9,63.308904791,-143.016929626
9AK0,62.51210021972656,-143.23500061035156
K8C5,41.988612,-92.548002
WN05,46.51480102539063,-122.79199981689452
LL98,40.943805,-89.108526
4WI4,45.574100494384766,-89.74800109863281
74AZ,31.619611,-110.047361
KTZV,36.729,-85.652397
25WA,48.576394,-119.064524
5WA0,48.596393,-119.100423
13AZ,33.535,-112.853472222
56AZ,33.482422,-113.001729
0AZ1,33.395646,-113.222888
AZ85,33.533561,-112.960192
TN37,35.40420150756836,-89.02230072021484
2KS9,38.900001525878906,-95.58360290527344
33KS,39.152361,-95.610065
90KS,38.982238,-95.593667
39II,41.51480102539063,-85.55220031738281
Y30,45.53110122680664,-84.55699920654297
WN19,46.331967,-120.44375
9AK,64.025703,-148.522003
52WT,46.022811,-118.543843
6KS8,37.771284,-97.033037
9KS8,37.75035,-97.047373
D61,48.35829925537109,-100.39199829101562
MT24,46.370717,-111.285456
8MT4,46.53577,-111.498901
GA45,31.54330062866211,-81.53479766845703
DE19,39.325801849365234,-75.7416000366211
DE20,39.37360000610352,-75.74579620361328
DE34,39.41429901123047,-75.66300201416016
VT43,43.01919937133789,-72.65290069580078
CA74,37.731326,-121.335589
5AK0,60.816338,-151.799901
8C6,42.19919967651367,-92.45800018310548
1PN1,41.33420181274414,-80.42060089111328
82LS,32.691119,-91.11008
81AK,62.577634,-150.23666
0AA5,62.312778,-150.335833
8AK5,62.513888,-150.265277
07AN,62.825556,-149.910807
7NK6,42.29169845581055,-75.06670379638672
9NY6,42.324798583984375,-74.98629760742188
55UT,41.672664,-112.181994
6FL8,29.5875,-82.871201
FL33,29.66830062866211,-82.82620239257812
35FD,29.69230079650879,-82.72920227050781
6J6,33.73680114746094,-81.8196029663086
52TA,33.4640007019043,-96.35030364990234
9V2,40.187955,-101.025767
NR37,35.057099,-77.462266
55PA,40.895599365234375,-75.94409942626953
UT67,40.44110107421875,-109.84700012207033
MO94,39.5,-94.5802001953125
5LL5,40.70140075683594,-89.88400268554688
MY12,43.88079833984375,-96.25309753417967
TE91,32.039299,-95.082802
29MT,47.738112,-115.504332
36WA,45.959746,-121.486473
73PN,41.36840057373047,-77.07109832763672
0PA3,41.747319,-76.760624
03OR,45.85540008544922,-117.48400115966795
5B7,42.69089889526367,-73.57959747314453
2OH6,40.012001,-84.281303
7XA4,31.161201,-97.302523
AL77,31.7406005859375,-86.00700378417969
ID94,46.776667,-116.691389
21IN,38.119762,-86.764998
MU89,38.911999,-91.035698
MY00,43.89410018920898,-94.493896484375
26TX,33.764801025390625,-100.01799774169922
56NC,35.20669937133789,-82.03189849853516
NC76,35.221528,-82.203056
MA72,41.297501,-70.260399
AZ67,32.426998,-111.389999
NM71,33.332859,-106.028323
1TA2,34.65010070800781,-101.5
TN39,35.305599212646484,-86.23670196533203
39WA,47.851898193359375,-117.78199768066406
4MS7,34.748172,-90.281267
45PN,41.554,-76.054583
86GA,34.86790084838867,-85.06109619140625
87MS,34.176388,-88.687463
SC48,33.884300231933594,-79.99980163574219
7PA5,41.10290145874024,-76.80549621582031
5AR2,35.374658,-90.198185
20ND,47.653900146484375,-100.89099884033205
91N,47.5093994140625,-100.91600036621094
NA12,47.43170166015625,-100.84200286865234
NA79,47.40420150756836,-100.88200378417967
2ND5,47.641991,-100.821241
ND92,47.459404,-100.907125
NV12,41.56261,-116.409545
3NK6,42.637001037597656,-77.88390350341797
75TN,36.281502,-82.861497
5AL5,34.691922,-87.651358
27AL,32.45349884033203,-85.55819702148438
3ND6,47.242069,-99.897625
4OK4,35.287601470947266,-97.66419982910156
53OK,35.24284,-97.76384
MS41,34.00304,-90.425949
61CA,34.17470169067383,-116.06700134277344
2CA3,34.161001,-115.995648
MT62,45.608981,-112.328003
32MT,45.460325,-112.435125
ID93,42.553333,-114.547639
2XS5,30.0104999542,-98.4253005981
WS87,48.331869,-120.058253
53CO,37.5531005859375,-102.39199829101562
63MN,47.09439849853516,-91.6001968383789
99WI,44.179166,-87.631388
3WN7,44.150732,-87.618394
32OR,45.254799,-121.293999
K63Y,44.288989,-96.151642
80AL,32.133688,-86.775786
38XA,32.408055,-95.389444
16TS,32.222698,-95.318001
0PS0,41.37089920043945,-79.3416976928711
9AK3,61.01390075683594,-151.44900512695312
51GA,33.50809860229492,-84.60050201416016
3KS3,37.40272,-97.194278
0KS2,37.393907,-97.151485
AK96,57.51641,-157.385951
96OR,45.10060119628906,-118.81700134277344
MT33,47.409400939941406,-111.48699951171876
PN10,41.8651008605957,-76.50990295410156
3KS4,37.767848,-101.434579
8KS0,37.813242,-101.465043
PS42,41.882799,-77.751426
4FA1,28.984023,-81.826184
PAUM,69.371101,-152.136002
94GA,32.262901306152344,-83.78710174560547
NA90,47.46670150756836,-101.2229995727539
ND44,47.46670151,-101.1340027
3MS9,32.581038,-89.136972
55LL,42.15420150756836,-88.5114974975586
5LL7,42.210476,-88.520056
2WV5,37.545445,-80.534163
67MD,39.554722,-77.230556
PA52,41.859333,-79.907167
IN72,40.7859001159668,-85.24420166015625
3PN7,41.74789810180664,-75.49739837646484
3WI1,42.65700149536133,-88.08760070800781
WI03,42.798099517822266,-88.1333999633789
5LL8,41.112300872802734,-88.14009857177734
IN41,41.453899,-86.792198
94NY,42.82509994506836,-76.69129943847656
11OG,44.451255,-118.186419
21ND,48.58219909667969,-100.8550033569336
4ND4,48.56389999389648,-100.87999725341795
NA73,48.56389999389648,-101.0
15NE,40.287886,-98.8282
18PN,40.06539916992188,-77.69280242919922
2VG2,38.9718017578125,-77.86969757080078
83V,44.09049987792969,-104.64099884033205
MD75,39.34180068969727,-77.30359649658203
6IS0,40.095001220703125,-88.12870025634766
1WI1,43.935037,-88.70433
8NY8,43.048694,-75.292311
33KY,37.612300872802734,-87.05690002441406
3KY1,37.64139938354492,-87.13169860839844
2XS6,29.722533,-99.574673
95TA,29.634899139404297,-99.4822998046875
6TX2,29.550495,-99.516225
TS90,29.585081,-99.55405
TS41,29.600833,-99.520911
18GE,32.045495,-82.467577
2XS7,29.450199127197266,-99.68370056152344
2XS8,29.229400634765625,-99.82389831542967
MA75,42.04090118408203,-71.61620330810547
CA57,38.458321,-122.050046
3MS5,33.300218,-89.814039
7GA2,30.777552,-83.205729
0GA8,30.88031,-83.414443
50GA,30.9507999420166,-83.23419952392578
09II,38.44729995727539,-86.44499969482422
K7S7,48.299375,-112.249214
NE56,41.341400146484375,-96.3949966430664
3KS7,37.828227,-97.349296
46KS,37.831699,-97.363098
2CA4,33.2588996887207,-117.09200286865234
9F1,31.621,-97.429497
WV29,39.57979965209961,-79.6498031616211
SD73,43.584909,-96.517555
3XA1,33.47395,-97.169267
54XA,33.48931,-97.20168
27LL,38.375099182128906,-90.31929779052734
NE88,41.02080154418945,-96.86419677734376
02NE,41.074501037597656,-96.90450286865234
5IN4,41.4833984375,-86.94999694824219
KZ01,30.6336994171,-86.7426986694
00TX,32.544452,-95.67313
51TX,32.53960037231445,-95.66829681396484
97XS,33.432833,-96.479467
06XA,33.445914,-96.57079
TX16,33.400144,-96.498344
MO72,37.04029846191406,-90.8667984008789
ME67,47.12749862670898,-67.96589660644531
17ME,47.201377,-67.992432
WI46,43.8828010559082,-88.53990173339844
88TA,31.455999,-104.844002
SC87,33.44279861450195,-80.45559692382812
28WA,45.73040008544922,-122.73500061035156
WA67,45.66310119628906,-122.4729995727539
85PN,40.579200744628906,-79.60530090332031
89ME,44.404764,-69.676436
27MI,43.37279891967773,-83.48660278320312
2MI8,43.34339904785156,-83.53520202636719
7MI8,43.33919906616211,-83.4760971069336
MS06,32.790771,-90.138881
WT77,47.355222,-122.790278
8GA9,33.276798248291016,-84.41079711914062
IN55,40.079200744628906,-87.26110076904297
KE52,35.230653,-102.398672
4OK5,34.55009841918945,-97.60030364990234
NA13,48.12220001220703,-100.93699645996094
75TS,32.41640090942383,-97.09190368652344
8PN3,41.383297,-79.498701
9XA4,32.355752,-97.039822
OK01,36.42900085449219,-95.9032974243164
OH79,41.401459,-82.366586
35MI,42.6338996887207,-84.98580169677734
VT47,42.778599,-72.527802
28TX,34.085899353027344,-99.4551010131836
29TX,34.094807,-99.365108
KM55,33.846699,-88.115501
30OR,45.802601,-123.279999
FD25,27.5625,-80.49980163574219
FL74,27.59860038757324,-80.50199890136719
70FA,27.562175,-80.5993694
82VA,38.17319869995117,-78.96920013427734
WS62,42.963600158691406,-89.58100128173828
88WS,42.930978,-89.624749
KW19,42.989722,-89.509167
NY62,43.144419,-75.548757
20KY,38.815704,-84.674006
4KY7,38.823494,-84.686273
38CL,38.75410079956055,-121.56300354003906
CA59,38.79159927368164,-121.58399963378906
OH51,40.288042,-84.473654
4WN2,44.41699981689453,-89.98639678955078
8MN4,44.484683,-95.509194
32II,38.81639862060547,-85.1063003540039
05UT,37.288084,-113.696944
8OA6,41.385793,-82.897103
18OI,41.419615,-82.97133
MS45,32.1563,-91.124603
7MI3,42.118428,-85.510166
MT72,46.346001,-114.176003
4KS9,38.83395,-99.062875
94XS,29.001392,-96.992837
0AK6,61.80108,-147.945156
LA40,31.338428,-91.593332
79OH,41.20980072021485,-80.68309783935547
IS43,39.869998931884766,-88.07499694824219
3GA5,33.637831,-84.940542
81GA,33.6409,-84.9049
MU72,38.424714,-90.896587
XA91,30.533333,-94.438056
38LA,30.784400939941406,-92.18229675292967
6AR0,35.060511,-92.116113
CA60,39.94990158081055,-121.99700164794922
IN15,38.604875,-87.463315
OH55,39.392721,-81.67205
6AL3,33.379148,-86.377239
3NJ9,39.9411125183,-74.77083587650002
29N,39.523998,-75.046303
NJ81,39.44229888916016,-74.94270324707031
KOK1,36.488438,-95.140275
2OK6,36.724167,-95.341968
OH74,38.958561,-82.38739
6LL2,41.16450119018555,-90.55740356445312
24KS,37.524327,-97.603186
39WI,43.48469924926758,-90.61990356445312
60AR,36.403505,-92.039284
25IL,39.516421,-89.869581
1VA7,36.664725,-78.722091
0SD8,43.78279876708984,-100.29299926757812
SD97,43.87779998779297,-100.36199951171876
PS43,41.07867,-80.25504
CT32,41.535400390625,-71.83450317382812
2TS3,31.67930030822754,-97.2406005859375
31TX,31.596799850463867,-97.33000183105467
5TA2,31.454599380493164,-97.25029754638672
75TE,31.74740028381348,-97.24610137939452
1XS6,31.489318,-97.158455
XA85,31.63330078,-97.3167038
98XA,31.629249,-97.162442
1MN5,44.843874,-93.736076
3KY9,38.122265,-85.126166
82GA,32.808799743652344,-82.38529968261719
65OH,41.07186,-81.75145
90TT,29.682675,-97.252677
6AL6,31.387348,-88.094473
98NM,36.076698303222656,-104.71800231933594
OL20,35.99729919433594,-95.25890350341795
PAWT,70.613891,-159.863343
30WA,46.31489944458008,-118.1780014038086
VT30,44.16255,-72.834313
II74,41.559799,-86.053101
K0H1,39.004501,-99.892899
26OH,41.2098056,-82.3561167
71MO,39.29199981689453,-93.38410186767578
0SD1,42.971995,-96.979857
NA99,46.551493,-97.03217
6IN2,39.49359893798828,-85.64859771728516
6IN4,39.466009,-85.699303
ME6,44.1745,-70.018898
5NK9,42.76169967651367,-78.49610137939453
95NY,42.7892,-78.476402
06IA,41.841400146484375,-91.83429718017578
87IN,41.45299911499024,-86.4697036743164
II99,41.4364013671875,-86.4708023071289
17II,41.45000076293945,-86.51029968261719
3Y0,42.26240158081055,-95.0906982421875
WA10,46.016842,-118.368383
83WA,46.0275993347168,-118.16799926757812
K64V,40.831947,-101.164512
6NE0,40.787182,-101.165873
NC48,34.75019836425781,-78.05999755859375
4IN4,39.976659,-87.181234
TA12,30.099397,-95.861031
3XS8,30.137034,-95.917643
4XS0,29.931357,-95.95871
TA97,29.637501,-95.968803
99OR,45.6506996155,-117.669998169
IL83,41.599583,-89.599026
IL76,41.53375,-89.5525
5IL8,41.522504,-89.655636
6IL9,41.513995,-89.631052
7NC7,36.37983,-80.17412
N63,36.30149841308594,-80.14839935302734
13NR,36.297634,-80.16207
9CL9,38.21659851074219,-121.53399658203124
48FL,30.8141002655,-87.47499847410002
TE35,32.003172,-97.724304
TS03,32.061500549316406,-97.73780059814452
74TE,32.05989838,-97.79470062
NH39,43.03340148925781,-72.42980194091797
CD48,37.786399841308594,-104.59400177001952
73CO,37.755821,-104.648112
CO94,37.414637,-104.775178
4CO3,37.392936,-102.283058
29SC,32.90140151977539,-80.85359954833984
OK12,34.399167,-98.266389
2NK7,42.157901763916016,-75.14790344238281
6II0,40.645301818847656,-86.29280090332031
9PA3,40.887366,-80.320269
0SD7,43.52432,-101.734714
5WA5,46.466878,-120.388448
LL34,40.219343,-88.921983
OR53,45.14569854736328,-121.22899627685548
33WA,47.04990005493164,-118.85099792480467
K2S4,46.9654006958,-119.066001892
MA53,42.282001495361,-72.214797973633
11MA,41.80730056762695,-70.7583999633789
8XS9,29.957731,-98.790569
97VA,38.21070098876953,-79.7134017944336
9VA0,38.0526008605957,-79.72889709472656
4PS3,41.787953,-79.517782
5PA6,41.931528,-79.130144
7PA1,41.865838,-79.206684
80OH,41.269031,-80.753508
MY01,48.14580154418945,-96.75260162353516
WS84,44.273463,-90.482261
07MO,38.655553,-93.624458
2MO7,38.873926,-91.089879
MU02,38.80979919433594,-91.10350036621094
MU18,38.78103,-91.16451
7TE1,29.99879,-96.76103
56TX,30.0093994140625,-96.7593994140625
0VA0,38.524404,-77.686389
15VA,38.7223014831543,-77.89969635009766
3VA0,38.7759017944336,-77.91059875488281
3VA1,38.770587,-77.797278
3VA2,38.624298095703125,-77.78610229492188
2VG8,37.870653,-76.73235
3VA4,37.857067,-76.736097
VG29,37.969847,-76.70886
4KT4,38.828736,-84.817321
95IS,40.36941,-91.38863
6TN4,35.421902,-86.290298
3WN2,46.69160079956055,-90.87069702148438
3NA2,47.30279922485352,-101.06700134277344
1NE5,41.405511,-96.286132
VT31,44.11119842529297,-72.44400024414062
TX14,30.270577,-96.162668
CT66,41.66680145263672,-73.28289794921875
MA77,42.375099182128906,-73.14759826660156
8TA9,30.64368,-92.0583
4WA1,45.607191,-122.197815
WA63,45.562342,-122.256089
35WA,46.747883,-118.419139
37WA,46.8317985534668,-118.46199798583984
WN22,46.83995,-118.176531
WN72,46.86489868164063,-118.3249969482422
AK99,61.446667,-149.761111
06AK,61.627619,-149.575331
79AK,61.481839,-149.744019
AK45,61.559459,-149.623942
01AN,61.649095,-149.339025
10AK,61.592052,-149.677598
16AK,61.596643,-149.339926
23AK,61.59410095214844,-149.31100463867188
36AK,61.346437,-150.069781
38AK,61.5625,-149.66799926757812
3AK8,61.66249847412109,-149.39199829101562
41AK,61.5009002686,-149.639694214
43AK,61.60079956054688,-149.57899475097656
44AK,61.53340148925781,-150.1020050048828
4AK2,61.55799865722656,-149.4239959716797
55AK,61.49580001831055,-149.69900512695312
58AK,61.5526008605957,-149.33999633789062
59AK,61.63180161,-149.3410034
5AK5,61.65710067749024,-149.46200561523438
5AK8,61.63140106201172,-149.4320068359375
65AK,61.560379,-149.367349
67AK,61.53459930419922,-149.6699981689453
6AK7,61.57385,-149.641492
6AK8,61.61809921264648,-149.66900634765625
6AK9,61.63349914550781,-149.6820068359375
77AK,61.502267,-149.594135
7AK4,61.541579,-149.459102
7AK8,61.62129974365234,-149.61500549316406
87AK,61.6515007019043,-149.28799438476562
89AK,61.55939865112305,-149.7050018310547
8AK8,61.6300010681,-149.682998657
9AK6,61.62409973144531,-149.6479949951172
9AK8,61.624698638916016,-149.6820068359375
AK16,61.52339935,-149.7149963
AK25,61.61750030517578,-149.61500549316406
AK27,61.6426010131836,-149.62399291992188
AK47,61.58570098876953,-149.56300354003906
AK54,61.593299,-149.326093
AK65,61.598068,-149.350462
AK83,61.62730026245117,-149.60899353027344
KVWU,48.15409851074219,-94.51689910888672
3WI2,43.15280151367188,-88.9845962524414
5WI3,43.207801818847656,-89.01709747314453
2SC5,34.29169845581055,-82.05390167236328
34NY,42.980774,-76.930488
4C2,41.431198,-84.981598
10IA,42.41669845581055,-92.2501983642578
56LL,41.755001068115234,-88.77120208740234
68LS,31.814581,-91.370314
72MI,46.2859001159668,-89.27749633789062
66WI,43.07749938964844,-88.66290283203125
WS74,43.162718,-88.824906
ND25,48.064407,-102.907918
OA51,40.206111,-83.228611
15MN,45.26219940185547,-94.5106964111328
32MN,45.36750030517578,-94.39939880371094
9CO2,39.69609833,-104.4759979
OL18,35.788998,-98.597
NM75,35.823358,-104.946785
98LL,40.799198150634766,-87.78359985351562
IS02,40.7784,-87.791702
2T2,39.013901,-88.538902
LS39,30.589399337768555,-90.9845962524414
MO17,40.480353,-95.648549
0LA9,30.586299896240234,-90.86150360107422
K3G1,42.044242,-79.85389
00WI,44.304298400878906,-89.05010223388672
WI07,43.619723,-88.767693
36NE,42.51412,-97.581071
3WI4,44.92359924316406,-89.40229797363281
5WN8,45.0323982239,-89.401802063
01WI,44.896219,-89.719251
2FL0,30.456899642944336,-85.68599700927734
06WI,45.402518,-87.857457
73NE,41.02669906616211,-96.53060150146484
1GE9,32.71440124511719,-84.71810150146484
51TE,32.472423,-96.789894
54TA,32.29970169067383,-96.87329864501952
07NC,34.83319854736328,-80.7511978149414
2NC1,34.997398376464844,-80.8009033203125
GA47,31.184121,-82.271421
19IS,38.2958984375,-88.55699920654297
GE30,33.221099853515625,-81.99530029296875
KBXG,33.04130172729492,-82.00270080566406
5GA1,33.209167,-81.929167
2OI2,39.56110000610352,-84.0519027709961
MU78,37.847964,-92.188933
1K5,36.5715,-98.85467
6TE7,34.837600708,-101.57900238
58TX,32.65119934082031,-97.93360137939452
6TA7,32.82849884033203,-97.77950286865234
08TX,32.85789,-97.744303
TA19,32.674598693847656,-97.78359985351562
TA51,32.680274,-97.934725
XS53,32.850488,-97.862247
8PA3,40.99589920043945,-75.7405014038086
PS12,40.91680145263672,-75.86630249023438
46MI,42.546101,-84.1278
1MN8,44.525671,-93.327441
2WS2,45.91275,-92.293239
4FL2,28.605233,-82.159567
NC21,34.991798400878906,-80.74839782714844
KD11,43.720001,-85.0028
TT00,29.646666,-96.729444
5AR7,35.68669891357422,-90.7936019897461
3ID2,46.350675,-115.977
2FD1,28.975500106811523,-81.918701171875
47FL,28.96419906616211,-81.77899932861328
9ID0,44.300333,-116.985722
3FL0,29.43610000610352,-81.65670013427734
3OL8,36.87789916992188,-95.14910125732422
MD05,38.510921,-77.122193
7LL4,40.1172981262207,-88.75900268554688
43NV,38.72871,-119.466067
6CO1,40.78139877319336,-104.91699981689452
36XS,34.897,-100.11789
61PA,41.69449996948242,-77.16500091552734
OK96,35.75640106201172,-97.08480072021484
UT90,41.585369,-111.9037
2UT9,41.597622,-111.897867
09KS,38.70700073242188,-95.13829803466795
4KS1,38.68529891967773,-95.03299713134766
54KS,38.80279922485352,-95.11270141601562
9KS1,38.6594444,-95.0922222
SN85,38.734669,-95.105832
AZ06,32.786336,-113.9386
LS18,30.223899841308597,-92.77860260009766
LS72,30.202999114990234,-92.81210327148438
WN17,47.33980178833008,-120.31600189208984
65MN,45.9640998840332,-96.1498031616211
92MN,46.01440048217773,-96.10169982910156
1MY1,45.98529815673828,-96.19439697265624
60AZ,33.83810043334961,-113.4540023803711
AZ01,33.847732,-113.57106
3IS7,41.086700439453125,-89.09590148925781
NH96,43.872344,-71.90496
28PA,40.322173,-76.100664
AR27,35.93899917602539,-93.845703125
27FL,28.19471,-82.350453
TX45,31.769656,-97.131757
3OH1,39.69729995727539,-84.5427017211914
00NY,42.89576,-77.495263
98NY,42.883399963378906,-77.53309631347656
5MA3,42.187599182128906,-72.14309692382812
7LL6,41.6974983215332,-89.14430236816406
7LL7,41.73682,-89.175941
VT56,44.61309814453125,-71.98090362548828
8NK6,42.713056,-75.168333
19IA,40.8568000793457,-91.20379638671876
NA17,46.94269943237305,-96.9290008544922
ND52,46.80279922485352,-97.01219940185548
2MT1,48.483182,-113.960853
44IN,40.49980163574219,-86.95500183105469
7IN7,40.235801696777344,-87.35079956054688
4IA2,41.585629,-91.219912
9I3,37.91450119018555,-83.2520980834961
4KY8,38.029583,-83.240556
PA21,41.16529846191406,-80.50260162353516
JY43,41.083221,-74.338554
OI06,39.991687,-84.291615
NH43,43.179501,-71.137001
NH69,43.825303,-71.183368
VT60,43.3301010131836,-73.24259948730469
88MO,36.705837,-91.803441
4KY5,38.02859878540039,-83.88999938964844
VG64,37.561036,-76.851135
60CL,38.594499,-121.568188
K3Y2,42.98509979248047,-91.79060363769533
SC26,34.808101654052734,-82.99859619140625
75WV,39.1659,-80.650806
3MN4,43.950842,-95.385325
CO65,38.04579925537109,-105.47100067138672
95NE,42.66876,-98.22308
MD99,39.5005989074707,-79.07230377197266
28LL,39.46030044555664,-88.86840057373047
02II,40.06230163574219,-86.21050262451172
IN60,40.017799377441406,-86.1603012084961
2PN1,41.9833984375,-77.52469635009766
MA80,42.121431,-72.812046
NA54,45.95500183105469,-100.44200134277344
2OI4,41.0452995300293,-81.9365005493164
86OH,41.01279830932617,-81.92009735107422
KD64,48.91339874267578,-101.03299713134766
LS10,30.2721004486084,-93.31179809570312
CA67,37.54800033569336,-121.20500183105467
89MO,38.58330154418945,-94.57969665527344
07MD,39.60829925537109,-77.0519027709961
VT34,43.059486,-72.492144
66XS,33.39649963378906,-96.48860168457033
1MD8,39.682899475097656,-77.09719848632812
38TN,36.625539,-86.272967
2NH5,42.99029922485352,-72.40170288085938
MO51,39.42359924316406,-94.8477020263672
3F5,42.91230010986328,-84.67549896240234
3MA5,41.543201,-71.035301
MA07,41.56760025024414,-71.11920166015625
12NK,44.15840148925781,-73.43289947509766
5IN6,41.587501525878906,-86.90280151367188
8OL1,35.227901458740234,-96.22949981689452
2AL3,32.45539855957031,-86.11920166015625
OL47,35.23601,-96.5066
VT14,44.04510116577149,-73.1895980834961
VG37,36.589206,-76.638458
71TA,29.386439,-96.122632
74NC,35.09640121459961,-76.62969970703125
68IN,41.12139892578125,-86.99749755859375
6II8,38.65449905395508,-87.28279876708984
ND68,46.9557991027832,-97.30120086669922
KEAN,42.0555,-104.929001
WY25,42.14207,-104.9402
WY59,41.933365,-105.090824
WY58,42.072014,-104.986708
MY68,45.77719879150391,-96.3914031982422
33LL,39.086978,-88.290671
KT59,35.45109939575195,-100.1999969482422
6NC5,36.024887,-77.659416
20SD,44.448888,-96.505786
6MN9,45.11660003662109,-92.99600219726562
0OR8,42.484563,-122.866435
OG25,42.51119995117188,-122.92400360107422
6NK2,42.95059967041016,-73.33470153808594
0MT9,48.481172,-114.481659
04AZ,35.721776,-114.450539
1SD5,43.76860046386719,-98.79869842529295
NC86,34.73360061645508,-78.75309753417969
3VA7,39.061816,-78.092365
K7Q7,43.560802,-100.743642
ND56,47.689056,-101.879314
FA89,30.373585,-82.71963
58MT,46.544277,-111.069988
5WA4,46.372074,-120.640062
58S,48.40800094604492,-114.3000030517578
1MT4,48.307469,-114.38081
82WI,44.149200439453125,-87.81439971923828
80XS,33.643044,-97.003579
T29,33.632267,-96.9408
TA80,33.8931999206543,-96.9281005859375
3GA6,33.57059860229492,-84.89830017089844
5GA2,33.572922,-84.910713
6GA5,33.579378,-84.902771
7GA9,33.57059860229492,-84.89779663085938
95GA,33.455898,-84.943001
2TN2,35.221259,-89.190178
3WI5,42.8125,-88.72650146484375
5Y3,42.85359954833984,-88.75980377197266
83KS,37.92878,-97.10234
23TA,33.487301,-96.455803
48TX,33.451793,-96.377377
IA58,42.1150016784668,-96.1719970703125
MI29,42.37639999389648,-83.7927017211914
37XS,31.99155,-97.33896
78TE,32.02040100097656,-97.3311004638672
TE99,32.020423,-97.253778
2MI6,44.28743,-83.760913
85NC,35.42919921875,-83.16680145263672
TN89,35.2584,-85.452698
MT20,46.85829925537109,-104.0989990234375
29KS,37.761289,-97.177341
52XA,34.048544,-98.426994
XS22,33.798655,-98.400798
7TX0,33.82820129394531,-98.57270050048828
23AZ,34.019500732421875,-112.82599639892578
AZ64,33.952301025390625,-112.68699645996094
4XS5,31.12190055847168,-93.8030014038086
8CO0,40.249152,-103.994473
6CO5,40.182222,-104.099167
22WA,47.8202018737793,-118.68699645996094
42WA,47.81719970703125,-118.8010025024414
08OK,34.93149948120117,-95.25830078125
KH05,34.91999816894531,-95.3939971923828
W23,44.1978,-89.217903
6OR6,42.368984,-123.526003
5TS7,35.201725,-102.1516056
0GE3,34.904701,-85.459702
WN15,47.12969970703125,-122.05599975585938
II78,39.8583984375,-85.60160064697266
NM49,34.58150100708008,-106.0749969482422
09MO,37.37839889526367,-93.36329650878906
2MO1,37.31999969482422,-93.4198989868164
AZ19,32.085,-109.70134
4AZ9,32.11309814453125,-109.76200103759766
AZ14,32.02470016,-109.9570007
4CL3,39.14605,-122.356716
WI26,42.582714,-88.570883
72KY,36.765292,-84.199305
10MO,38.918174,-91.6831
8KS9,38.44449996948242,-95.42530059814452
59IA,41.622344,-92.062401
6G6,40.454498291015625,-78.23809814453125
66OH,39.027504,-84.046835
06OH,41.50979995727539,-80.59120178222656
SC82,34.58470153808594,-82.35169982910156
5GA3,33.160099029541016,-84.36519622802734
SC43,34.593685,-82.399002
89Y,42.7333984375,-84.32360076904297
33VT,44.118333,-72.565833
71KS,39.10419845581055,-95.2960968017578
KC01,39.655768,-75.015687
79MO,36.986698,-90.543297
MO73,36.989904,-90.563092
3LS7,39.98640060424805,-89.51170349121094
ME79,45.30559921264648,-69.3467025756836
32TE,30.403611,-95.438889
97TS,30.480199813842773,-95.53990173339844
TA77,30.429802,-95.33662
4NA0,48.008399963378906,-103.59100341796876
4NA1,48.25469970703125,-103.6729965209961
NA18,48.41339874267578,-103.83599853515624
88OH,41.59999847412109,-83.31659698486328
96FL,29.24250030517578,-82.54540252685547
95SC,33.37176,-81.463986
0AK2,61.725556,-150.678611
07AA,61.695964,-149.954903
35AK,61.639602,-150.513757
02AK,61.876907,-150.097626
25AK,61.712699,-150.066005
3AK7,61.76559829711914,-150.33900451660156
78AK,61.73310089111328,-150.5260009765625
AK08,61.78990173339844,-150.1060028076172
AK67,61.73860168457031,-150.072998046875
AK68,61.72029876708984,-150.0540008544922
AK69,61.72930145263672,-150.09800720214844
AK72,61.7047004699707,-150.6009979248047
AK90,61.74470138549805,-150.11500549316406
4XS6,30.397118,-98.658489
4NC2,35.545487,-78.593395
3AK9,62.006377,-149.969426
2TS9,32.757417,-96.057222
5OI5,40.69340133666992,-84.78050231933594
AL94,30.812700271606445,-88.377197265625
OH77,39.553096,-83.854094
3OH9,39.562026,-83.857784
05XS,33.079498,-91.561391
9U1,46.04970169067383,-110.68499755859376
K5W1,47.418469,-119.109265
AL17,33.2340011597,-86.51300048830001
26CA,38.42689895629883,-121.1719970703125
33IA,41.556389,-90.980424
2NA0,47.25669860839844,-100.7959976196289
3CN7,38.379143,-121.221728
23FL,27.68440055847168,-82.24420166015625
TT35,30.061254,-98.12029
4XS9,30.085899,-98.169642
70XS,29.992146,-98.044863
II79,41.07699966430664,-86.72450256347656
85KS,39.300648,-95.215094
TN52,35.138126,-86.081241
9VG9,39.371381,-78.306277
75KY,37.94419860839844,-83.997802734375
3KY0,38.052222,-84.219167
99KY,37.991944,-84.254028
7KY3,37.935267,-84.288465
78KY,37.900694,-84.177778
24ME,43.82220077514648,-70.44280242919922
MA86,42.5055999756,-73.0597991943
49NR,35.898333,-76.8625
1MO2,38.54565,-93.50751
23NH,43.13029861,-72.01499939
3VA8,36.85630035400391,-76.68219757080078
54NC,36.23939895629883,-76.41719818115234
4KS4,37.184614,-96.886278
8IA2,41.17390060424805,-91.36180114746094
AL54,33.86330032348633,-87.84529876708984
TE08,32.149563,-100.159762
1NC6,35.055999755859375,-80.45010375976562
88TE,32.13718,-100.12988
1WA2,46.51919937133789,-122.88999938964844
53W,43.554500579833984,-84.97889709472656
77NC,34.152354,-78.105133
9WN1,44.10689926147461,-88.68399810791016
02NV,41.299551,-118.926709
NV47,41.1116,-117.5222
K0R5,31.963699,-92.660301
77XA,29.826004,-94.511068
5XS3,29.769699096679688,-94.26129913330078
77TE,33.037235,-95.293183
LS20,32.256106,-91.719886
05LA,32.265301,-91.6978
TA61,32.4734992980957,-95.16580200195312
20IS,42.49720001220703,-89.79180145263672
II81,38.38059997558594,-87.22059631347656
NC63,36.135101318359375,-80.18479919433594
FL95,27.70859909057617,-80.45279693603516
IA76,41.352361,-94.211667
IA61,41.347967,-94.121403
65WN,42.67639923095703,-89.93800354003906
70VA,37.075027,-79.827193
81VA,37.117221,-79.787048
8WI0,43.743900299072266,-89.81430053710938
6WI1,44.49520111083984,-89.91259765625
WI13,44.254833,-89.8395
02T,45.76910018920898,-112.98200225830078
MT14,45.82350158691406,-112.88600158691406
WSM,67.4046020508,-150.123001099
K6L5,46.24639892578125,-99.53790283203124
VA41,37.934600830078125,-75.60990142822266
WS42,44.95000076293945,-90.60009765625
VT39,44.60760116577149,-72.48040008544922
99WY,44.845798,-107.277
MT80,48.042336,-105.607195
5MT5,48.448504,-105.830899
42TX,33.321608,-96.065986
NH31,43.65010070800781,-71.14949798583984
5IN9,41.315804,-85.464878
61II,41.36249923706055,-85.47779846191406
6MD3,39.596900939941406,-77.54669952392578
MY07,46.58330154418945,-96.60649871826172
WI54,43.563054,-90.285
8MD0,39.376996,-77.017164
MD78,39.383399963378906,-77.07029724121094
K3Y4,41.736099,-95.683601
3II3,41.090865,-84.831126
53II,41.073101,-84.840797
2PN5,40.2484016418457,-78.36080169677734
20VA,38.082401,-77.488297
6GE2,32.832801818847656,-84.53780364990234
97CA,38.79925,-121.830694
CN40,38.812506,-121.81185
1GE2,32.84439849853516,-84.54389953613281
0LS8,30.28580093383789,-92.94129943847656
SC39,34.808553,-82.077377
3SC4,34.771301,-81.98822
TS05,28.150459,-97.381139
9AR4,34.523092,-92.167655
74AR,34.537792,-92.187097
5GA4,34.105899810791016,-84.44850158691406
8LL1,42.356701,-88.506203
18NY,42.017362,-74.047593
VG55,38.881078,-78.55815
NH49,43.969262,-71.680758
MS57,31.220558,-91.24602
4AL5,34.666347,-86.222286
45WI,45.0,-92.28350067138672
54WI,44.96382,-92.29523
K1R4,31.126399993896484,-92.50140380859376
GA82,33.3326,-84.401901
6VA9,36.84260177612305,-80.2384033203125
66OI,40.781386,-82.057614
91OH,40.7333984375,-81.89289855957031
OI55,40.749566,-81.985216
AR97,35.22010040283203,-92.49649810791016
ID23,47.39239883422852,-116.8730010986328
9PS2,40.80870056152344,-79.6697998046875
MA88,42.390098571777344,-72.93090057373047
FL54,29.93549919128418,-82.41069793701172
FL48,28.882200241088867,-82.42970275878906
31CO,40.021066,-102.17489
01GE,32.675106,-82.771055
NE92,40.055298,-96.661264
4ND8,46.348809,-97.108351
NA21,46.228115,-97.236796
ND49,46.224375,-97.130516
WN39,43.48189926147461,-89.32009887695312
WS15,43.49520111083984,-89.2654037475586
7WI6,43.47050094604492,-89.35900115966797
15N,39.119598,-75.583801
9PN7,41.81809997558594,-76.4126968383789
7OA7,39.67919921875,-83.87079620361328
NC42,36.07210159301758,-80.69979858398438
48WA,46.562193,-120.780311
55WA,46.53015,-120.74685
KFCT,46.669421,-120.455984
WN45,46.780093,-120.445226
A68,59.551601,-139.509003
AK76,59.126338,-138.409216
48G,43.10340118408203,-82.89019775390625
4Y8,43.20220184326172,-82.75409698486328
OR59,45.33150100708008,-123.20700073242188
6W4,36.39970016479492,-79.3927993774414
A77,63.0019,-156.367004
XS48,32.953889,-95.5775
2C6,40.773998,-90.074402
99MS,32.712408,-90.294872
6FD5,27.778600692749023,-81.09980010986328
ID41,44.899898529052734,-115.33300018310548
OI91,39.77970123291016,-83.9092025756836
20WA,46.849567,-122.470243
01NV,38.76390075683594,-119.0270004272461
CN23,34.961700439453125,-116.6750030517578
5TA3,29.359567,-97.144353
88CO,38.88610076904297,-104.2490005493164
97CO,38.92499923706055,-104.15899658203124
0CD2,38.652500152600005,-104.23400116
01SC,35.032100677490234,-81.25279998779297
87NE,40.809200286865234,-97.58779907226562
73PA,39.929500579833984,-76.77079772949219
24AZ,34.15810012817383,-110.93499755859376
5II9,39.35279846191406,-87.37339782714844
63NY,43.2593,-78.9656
33LA,30.069599151611328,-91.98619842529295
ND55,46.788111,-98.536965
CA73,39.095699310302734,-121.71600341796876
AZ34,34.693173,-114.096351
6CA5,34.33720016479492,-116.58000183105467
2CA8,34.42060089111328,-116.61100006103516
L20,65.3113021850586,-143.13499450683594
83FL,30.618799209594727,-81.53369903564453
8CO8,40.108022,-102.724035
KLGF,32.86000061,-114.3970032
LA15,30.623949,-91.032427
LS00,30.675500869750977,-91.1143035888672
LS54,30.694865,-91.1928
9OI3,39.89860153198242,-82.11029815673828
51NC,35.862262,-78.348262
9GA0,33.057098388671875,-84.34239959716797
GA10,33.080396,-84.359121
3GA9,33.13349914550781,-84.37740325927734
6MI3,42.76309967041016,-85.98280334472656
6MI7,42.80609893798828,-85.93419647216797
85MI,42.93230056762695,-86.01380157470703
2PN7,40.855848,-80.068772
FL97,28.760299682617188,-81.60590362548828
45CL,40.141878,-123.399124
74PA,40.29180145263672,-75.46630096435547
IL02,42.472198486328125,-87.90840148925781
08NR,35.217541,-82.426
FL00,27.41889953613281,-81.83260345458984
67FL,27.455601,-82.105003
MT08,47.91669845581055,-108.48300170898438
KXNI,35.060675,-108.9376
IA30,42.29999923706055,-90.7500991821289
5LS9,31.53160095214844,-93.70770263671876
18LS,29.89189910888672,-92.16829681396484
LA95,29.974361,-92.108433
SC83,34.160301208496094,-82.38330078125
8MD1,39.454036,-76.209286
TA38,32.470605,-99.734428
PN03,40.11869812011719,-75.12069702148438
25II,40.96620178222656,-85.29080200195312
CL59,34.438147,-118.287697
37OK,34.777329,-96.633577
7MN7,47.298301696777344,-96.5302963256836
OR18,45.774087,-118.559845
3PA5,40.31029891967773,-79.65499877929688
CA12,34.54846,-117.436321
MA67,42.03450012207031,-72.63200378417969
ID46,46.51210021972656,-116.29299926757812
SC30,33.2836,-81.726402
14MN,46.52920150756836,-93.69920349121094
85OI,41.079093,-81.526859
88OI,41.080736,-81.500164
OH05,41.077032,-81.531308
4OH6,41.009499,-81.357903
AL39,33.252201080322266,-86.81220245361328
NM34,32.97529983520508,-105.98200225830078
45KY,36.697903,-85.145764
2GE6,31.59530067443848,-84.42279815673828
NK64,42.653692,-73.775366
5OH5,39.05559921264648,-82.24150085449219
7OH4,39.125099182128906,-82.283203125
NK33,42.6166992188,-73.7828979492
9NC1,35.364665,-80.193071
NM00,35.088842,-106.636362
NM11,35.087979,-106.618491
NM50,35.206811,-106.676181
12IS,41.206084,-90.759419
MY91,45.87360000610352,-95.3772964477539
95LA,31.31667,-92.468365
LA20,31.28324,-92.46289
LA82,31.353165,-92.436937
LS27,31.3158,-92.44987
9VA2,38.822362,-77.104278
VA82,38.740275,-77.07625
0FL4,30.70499992370605,-85.37830352783203
76TS,29.38500022888184,-95.16130065917967
9CA9,34.081494,-118.149842
CA08,34.083494,-118.144148
0XS4,33.09170150756836,-96.68609619140624
PS33,40.63309860229492,-75.45860290527344
3PN5,40.56510162353516,-75.55799865722656
98PN,40.56561,-75.523356
PA26,40.637024,-75.481667
PA27,40.60430145263672,-75.56210327148438
NE32,42.11439895629883,-102.87100219726562
2NY8,41.80339813232422,-74.18289947509766
KH63,40.043098,-99.2509
17TS,30.384700775146484,-103.66899871826172
IS81,41.674912,-87.750444
3CL4,34.183561,-118.171134
01FD,28.666639,-81.3697
3FD9,28.6567,-81.353401
FD60,30.58690071105957,-85.10379791259766
03IS,38.904999,-90.173401
1IL3,38.90219879150391,-90.1613998413086
3NH9,43.54759979248047,-71.22699737548828
74PN,40.52230072021485,-78.39700317382812
1TA3,29.45359992980957,-95.23629760742188
TA74,29.230688,-95.189356
OH30,38.99309921264648,-84.17030334472656
LA64,29.683500289916992,-91.10009765625
LA66,29.642200469970703,-91.10199737548828
NY46,41.849028,-73.599786
UT56,40.379671,-111.768604
6MA0,42.86149978637695,-70.94339752197266
MA35,42.83509826660156,-70.93109893798828
MS56,33.977585,-88.475078
NK50,42.954200744628906,-74.21540069580078
WA02,48.50260162353516,-122.61499786376952
CL45,33.795054,-117.881025
CN43,33.85969924926758,-117.8499984741211
AK38,61.189125,-149.821855
AK82,61.1561012268,-149.792007446
AK91,61.235372,-149.749282
01IN,40.13090133666992,-85.69580078125
NJ41,40.9879,-74.725197
01MA,42.625099182128906,-71.18009948730469
16CL,38.08466,-120.537945
3TS4,29.211258,-95.440072
KC67,41.757,-85.091904
K01E,41.700001,-85.039299
IG00,41.6338996887207,-84.99469757080078
MI14,42.28889846801758,-83.73049926757812
MI32,42.2859001159668,-83.72799682617188
4IS0,37.46390151977539,-89.24590301513672
3MN0,45.29219818115234,-94.0947036743164
52NJ,40.636833,-74.869111
01MD,38.999199,-76.456001
AL42,33.656068,-85.8244
04AL,33.62639999,-85.96720123
5KS7,37.15560150146485,-98.01730346679688
WI45,45.142556,-89.138839
79CA,34.543209,-117.264528
ME24,44.28329849243164,-69.23919677734375
38VA,37.36040115356445,-78.868896484375
TE00,27.913313,-97.159352
0MD8,39.24589920043945,-76.67610168457031
FD85,27.227924,-81.849732
FA57,29.53420066833496,-82.52439880371094
OK09,34.189595,-97.141888
TA48,33.12739944458008,-97.15390014648438
01TA,32.69419860839844,-97.11579895019533
9TN6,35.28860092163086,-89.67420196533203
TE80,32.69219970703125,-97.11109924316406
TX08,32.7510986328125,-97.08509826660156
XS54,32.757801,-97.0811
62WA,48.153326,-122.234003
6WA9,48.188315,-122.116964
7IL4,42.067723,-87.993396
0NK7,41.10279,-73.725087
NM45,32.839298248291016,-104.4020004272461
NM46,32.84040069580078,-104.4010009765625
NC95,35.575298,-82.548501
K5K3,41.06823,-96.338804
4KY9,38.47079849243164,-82.63500213623047
ME3,46.39580154418945,-69.00499725341797
5OH1,40.85639953613281,-82.31069946289062
5OH2,40.87670135498047,-82.29540252685547
PA32,40.78340148925781,-76.33300018310547
65OR,42.20539855957031,-122.63400268554688
WS63,46.56779861450195,-90.8904037475586
0AL2,33.275001525878906,-85.83329772949219
8OH0,41.880145,-80.793777
1IS8,41.86249923706055,-89.22119903564453
CO50,39.190006808300005,-106.839004755
78CO,39.17720031738281,-106.8560028076172
3NY2,40.78620147705078,-73.91210174560547
OG03,46.1882686679,-123.819742799
OG56,46.15190124511719,-123.79399871826172
NJ04,39.74589920043945,-74.92040252685547
OH23,39.326698303222656,-82.11430358886719
57NY,42.287326,-73.844937
TX17,32.168825,-95.846192
XA87,32.078399658203125,-95.85030364990234
01XS,32.020198822021484,-95.74549865722656
2TN5,35.43560028076172,-84.59989929199219
7GA0,33.948464,-83.407071
NH50,42.84180068969727,-71.15950012207031
60GA,33.794112,-84.319468
73GA,33.88249969482422,-84.43579864501953
7GA1,33.799465,-84.386445
7GA8,33.791954,-84.322823
GA11,33.907207,-84.354127
GA52,33.908356,-84.351043
GA54,33.900901794433594,-84.46920013427734
GA55,33.909843,-84.355688
GA64,33.768688,-84.386855
GA66,33.809669,-84.39515
GA85,33.747445,-84.388266
GA96,33.712718,-84.430804
1GE8,33.752476,-84.382115
2GE2,33.762669,-84.373932
31GA,33.787341,-84.401055
52GA,33.53810119628906,-84.47440338134766
IA67,41.401100158691406,-94.9918975830078
0NJ0,39.3589702498,-74.4346717
58NJ,39.38619995117188,-74.4260025024414
28NJ,39.356426,-74.418232
NJ48,39.379908,-74.426806
1FD3,26.597891,-80.09222
57OK,34.371787,-96.140778
CL91,37.06489944458008,-119.48400115966795
8CA2,38.934085,-121.053779
77NE,40.39139938354492,-95.85279846191406
9II7,41.369694,-85.035186
0NY6,42.928843,-76.615734
NY12,42.941052,-76.564331
60WA,47.31399917602539,-122.25800323486328
WA06,47.30229949951172,-122.1510009765625
WA28,47.332883,-122.256089
WA85,47.296295,-122.299075
WA86,47.293108,-122.245785
1MI2,42.699798583984375,-83.24739837646484
1FL0,28.1036,-81.805901
0IA2,41.71549987792969,-94.9385986328125
8GA2,33.4300994873,-82.12120056150002
GA26,33.420399,-82.139603
M00,44.2676010131836,-69.78170013427734
AR76,35.288700103759766,-91.3584976196289
2MT6,47.59999847412109,-112.6719970703125
4GA2,33.471304,-81.987963
1CO0,39.68830108642578,-104.83200073242188
CO05,39.72639846801758,-104.8270034790039
7IS8,41.728482,-88.27193
IL21,41.785811,-88.324533
NE84,40.86830139160156,-98.0145034790039
OR68,45.250599,-122.765999
34GA,33.857208,-84.606677
MN34,43.675201416015625,-92.9770965576172
TS23,30.336329,-97.906401
XA24,30.30058,-98.002161
XS41,30.306,-97.741402
XS65,30.147563,-97.765161
4TS9,30.32323,-97.867203
7TX2,30.411221,-97.877669
5IN1,39.76219940185547,-86.39559936523438
1MA1,42.57649993896485,-71.5739974975586
MU36,38.185001373291016,-92.6959991455078
4GA3,30.903200149536133,-84.5519027709961
93OR,44.7943000793457,-117.84600067138672
OG47,44.49440002441406,-117.74700164794922
CL60,35.39132,-119.006314
CL61,35.382484,-118.969656
28CN,35.383222,-119.020638
7CA5,36.90629959106445,-119.12899780273438
06MD,39.291401,-76.546303
12MD,39.270546,-76.673863
24MD,39.283199,-76.601997
3MD7,39.4025993347168,-76.50499725341797
5MD6,39.35060119628906,-76.47640228271484
8MD2,39.33610153198242,-76.58670043945312
MD10,39.290327,-76.607675
MD71,39.288069,-76.625717
ME02,44.808275,-68.752233
NC07,36.06669998168945,-81.86669921875
2D6,40.10699844360352,-80.97540283203125
WI30,43.48139953613281,-89.72959899902344
PN05,40.65140151977539,-78.82720184326172
3MA3,41.61149978637695,-70.41529846191406
24MA,42.4359016418457,-72.0967025756836
76LL,42.0691410594,-88.1424321234
IL08,42.195899963378906,-88.17289733886719
WI34,45.397107,-91.839922
5CA2,34.6753762358,-116.815349758
9CA1,34.87516,-116.995978
CL17,34.894051,-117.018276
58OK,36.7333984375,-95.91690063476562
IS12,41.999698638916016,-88.20539855957031
TN61,35.20180130004883,-89.86840057373047
TX06,33.07809829711914,-97.14080047607422
FD65,27.8799991607666,-81.84120178222656
1FL7,27.91899,-81.844835
9NJ3,40.71680068969727,-74.54959869384766
22NY,43.031349,-78.186543
36IL,39.033353,-90.666094
2MS6,34.29610061645508,-90.07219696044922
MS31,34.306527,-89.913341
AR24,35.76810073852539,-91.63459777832033
96LA,30.347384,-91.031395
LA00,30.395334,-91.094924
LA05,30.365631,-91.050058
LA28,30.448200225800004,-91.1060028076
LA69,30.471599578857425,-91.07959747314452
LA99,30.441905,-90.999402
04LS,30.44610023498535,-91.10530090332033
14LS,30.47330093383789,-91.04769897460938
1LS1,30.22249984741211,-91.0727996826172
27LA,30.44879913330078,-91.1531982421875
27LS,30.458949,-91.178944
29LA,30.404305,-91.106018
49LA,30.44659996032715,-91.09300231933594
9MI1,42.33169937133789,-85.29669952392578
GA78,31.768800735473636,-82.34850311279297
03MI,43.550899505615234,-83.86219787597656
TS12,28.982500076293945,-96.02880096435548
2NJ9,40.66469955444336,-74.09110260009766
44TT,29.76923,-94.978341
TA98,29.82159996032715,-94.9229965209961
21TS,29.747396,-94.947011
26TA,29.803300857543945,-95.00379943847656
0NJ1,39.90729904174805,-74.23490142822266
SC02,32.416900634765625,-80.68730163574219
TS09,30.070083,-94.118795
TS10,30.101299285888672,-94.13099670410156
75PN,40.68560028076172,-80.31009674072266
76PN,40.711355,-80.321908
4CO9,39.63123,-106.52436
WS70,43.449788,-88.825203
53OR,45.510905,-122.774102
86OR,45.530399322509766,-122.88300323486328
WV03,37.78340148925781,-81.11650085449219
WV04,37.799476,-81.167706
WV26,37.72460174560547,-81.09700012207031
VA03,37.35240173339844,-79.5167007446289
TS28,32.8390007019043,-97.14749908447266
TX30,32.833499908447266,-97.12529754638672
NH26,42.96730041503906,-71.57279968261719
NH44,42.91669845581055,-71.51210021972656
NH65,42.92229843139648,-71.5083999633789
57IN,38.858149,-86.512656
NK85,41.24449920654297,-73.68009948730469
3NJ0,40.707801818847656,-74.68389892578125
5NJ0,40.6401,-74.72196
8NJ6,40.653506,-74.696668
JY06,40.673044,-74.693467
03MD,39.518427,-76.346022
MA54,42.30009841918945,-72.42620086669922
1ME1,44.41059875488281,-69.00920104980469
15NJ,40.42509841918945,-74.09960174560547
1MT1,45.774200439453125,-111.2030029296875
NC89,35.54290008544922,-76.61720275878906
LA39,30.01070022583008,-93.05130004882812
TS77,29.725000381469727,-95.46109771728516
06LA,29.84606,-90.03216
0FL5,28.45859909057617,-81.34970092773438
35JY,40.434427,-74.634626
5OH3,40.37730026245117,-83.75409698486328
19FL,28.980600357055664,-81.9906005859375
7FL0,29.01409912109375,-81.9844970703125
FD79,29.01409912109375,-81.97810363769531
60LL,38.550679,-90.021887
6KS0,39.81779861450195,-97.63729858398438
4OH9,41.288719,-82.882361
64WA,47.5833015442,-122.167999268
WN71,47.630401611328125,-122.1760025024414
WN73,48.774562,-122.473971
K0W7,48.728199,-122.335999
PS44,40.61149978637695,-78.32559967041016
WI38,42.548301696777344,-89.00759887695312
MU61,38.816645,-94.503593
MY63,47.498265,-94.947405
MN05,47.597198486328125,-94.8469009399414
54OR,44.067101,-121.268997
OR15,44.14680099487305,-121.37100219726562
VT04,42.8745002746582,-73.20760345458984
K00A,40.070985,-74.933689
18KY,36.86259841918945,-88.35279846191406
53IS,38.0093994140625,-88.9186019897461
IS50,38.08200073242188,-88.91699981689453
04AR,34.574319,-92.586047
27AR,36.33890151977539,-94.19000244140624
27MA,41.82059860229492,-71.11470031738281
01CT,41.62730026245117,-72.72750091552734
JY34,40.672529,-74.635887
AR41,36.359253,-93.550912
AR51,36.2239990234375,-93.57820129394533
CD25,39.76940155029297,-105.85099792480467
LA74,29.704634,-91.22276
02PN,40.06959915161133,-75.4552001953125
AL19,33.37155,-86.991
PS31,40.46039962768555,-76.34719848632812
5MD9,38.997485,-77.109918
6PN8,40.64590072631836,-75.33300018310547
8PA2,40.68429946899414,-75.33409881591797
8PS1,40.61259841918945,-75.3468017578125
6JY8,40.7593994140625,-73.49690246582031
8NY9,40.74589920043945,-73.49120330810547
35MA,42.55799865722656,-70.8125991821289
MA20,42.566200256347656,-70.87750244140625
CN45,34.246700286865234,-116.88800048828124
CN28,37.20089,-119.25289
54U,45.13320159912109,-115.31800079345705
L95,61.5547981262207,-149.93899536132812
68AK,61.5166015625,-149.93099975585938
6A7,61.4818000793,-149.772994995
AK87,61.5149002075,-149.929000854
0MN9,45.31330108642578,-93.71759796142578
WY03,42.55636,-110.11149
19MI,43.69490051269531,-85.47380065917969
0MT2,48.1796989440918,-110.10900115966795
VA51,36.8557014465332,-82.75959777832031
VG50,36.87710189819336,-82.75379943847656
1MN3,47.74720001220703,-93.64630126953124
MT25,45.78329849243164,-108.5019989013672
MT55,45.789533,-108.512828
MS60,30.454599380493164,-88.9375
MS67,30.390857,-88.998821
84PA,40.30929946899414,-75.82630157470703
0AL8,33.46390151977539,-86.77310180664062
AL21,33.51210021972656,-86.67749786376953
AL38,33.50590133666992,-86.80280303955078
AL49,33.5359001159668,-86.8114013671875
AL50,33.49760055541992,-86.84639739990234
AL65,33.596972,-86.667808
AL66,33.51959991455078,-86.8135986328125
AL91,33.50429916381836,-86.8052978515625
6AZ6,31.417691,-109.882507
4CL7,37.36579895019531,-118.36799621582033
ND11,46.83110046386719,-100.72000122070312
ND30,46.808252,-100.782562
ND46,46.807498931884766,-100.7770004272461
WA94,47.33399963378906,-122.02400207519533
23WI,44.30400085449219,-90.85459899902344
VG08,37.186500549316406,-80.40899658203125
0WN6,48.952522,-122.818136
NJ33,40.96979904174805,-74.9573974609375
1NJ5,40.954843,-74.925657
1GA3,34.886199951171875,-83.96240234375
UT81,37.63560104370117,-109.48400115966795
51PN,40.49919891357422,-79.86530303955078
WI15,45.102500915527344,-91.50140380859376
NJ12,40.838153,-74.178625
63IA,40.7593002319336,-92.41549682617188
CT72,41.81949996948242,-72.74819946289062
CT05,41.86199951171875,-72.69979858398438
IL14,40.47999954223633,-89.02169799804688
IL40,40.4822998047,-88.9564971924
07I,39.05870056152344,-86.44609832763672
PA50,41.009498596191406,-76.45240020751953
PS85,40.98619842529297,-76.4291000366211
22OH,39.260101318359375,-84.3644027709961
86OI,39.2578010559082,-84.38829803466797
MN14,43.63370132446289,-94.10009765625
MU01,36.49919891357422,-93.45850372314452
NY61,43.82979965209961,-74.49539947509766
1GE1,34.82809829711914,-84.35469818115234
MO28,39.027000427246094,-94.26360321044922
WV34,37.25460052490234,-81.23370361328125
WV69,37.25559997558594,-81.23609924316406
9VA5,39.06329,-77.890025
65IN,40.7338981628418,-85.19609832763672
80CL,33.604879,-114.602305
20CA,33.603665,-114.644587
1AL0,34.220412,-86.160439
5FD6,26.742300033569336,-82.25869750976562
3FD8,26.356321,-80.200236
58FL,26.415227,-80.183416
28LA,30.7833003998,-89.91670227050001
ID49,43.612701416,-116.192001343
ID58,43.59099960327149,-116.2770004272461
ID91,43.61429977416992,-116.26399993896484
45IS,41.68091,-88.086345
UT58,40.08219909667969,-109.29199981689452
99MO,37.90840148925781,-90.53350067138672
NC04,36.19929885864258,-81.65149688720703
02IA,42.05609893798828,-93.87799835205078
WS48,43.13330078125,-90.70790100097656
02LA,32.531491,-93.659939
0MA6,42.3651008605957,-71.13259887695312
4MA5,42.34930038452149,-71.043701171875
MA22,42.315128,-71.049264
CD00,40.0536003112793,-105.36000061035156
79CO,40.02780151367188,-105.28399658203124
9NJ1,40.56449890136719,-74.55490112304688
9NJ2,40.55649948120117,-74.5624008178711
MA29,41.671501,-70.564796
2NH3,43.11429977416992,-71.49819946289062
NH75,43.14509963989258,-71.47530364990234
2KY6,36.994456,-86.42863
7MA0,42.49869918823242,-71.47760009765625
7MA1,42.49340057373047,-71.543701171875
MA90,42.4812048652,-71.54731392859999
88FD,26.505224,-80.070478
0MY1,45.66999816894531,-111.0189971923828
FL45,27.49575,-82.562537
5FL2,27.482162,-82.622466
VT08,44.00149917602539,-72.12310028076172
59OK,35.67495,-95.201342
LS73,29.863042,-89.968066
6NJ2,41.15430068969727,-74.71320343017578
5FL3,27.932905,-82.288778
CD16,37.01919937133789,-103.88600158691406
5MO0,36.6504,-93.2226
MO38,36.6383,-93.2824
9CA2,32.958457,-115.553106
IN48,39.52780151367188,-87.11170196533203
CO75,39.47299957275391,-106.03299713134766
OI93,41.339713,-81.610356
8IS0,38.6263999939,-89.5236968994
PA87,40.545752,-75.661856
97NC,35.256755,-82.711
MA25,41.73210144042969,-70.06109619140625
0AL6,31.127199172973636,-87.07330322265625
JY35,40.03350067138672,-74.05789947509766
PA93,40.685001373291016,-79.45670318603516
0CT7,41.188408,-73.1667
CT12,41.201251,-73.201543
CT37,41.161016,-73.204916
10AL,34.91400146484375,-85.7708969116211
7CL4,38.354765,-119.520972
8NJ4,39.436558,-75.221162
JY26,39.41400146484375,-75.81629943847656
MO92,38.752169,-90.4324
3NJ8,40.62260055541992,-74.63269805908203
68NJ,40.581798,-74.602224
90NJ,40.58212,-74.610911
UT14,41.491953,-112.026418
MA26,42.120399,-72.256203
47PN,40.12229919433594,-74.89679718017578
CT03,41.675899505615234,-72.93620300292969
CT60,41.675201416015625,-72.89109802246094
02VG,36.63880157470703,-82.11669921875
5VA2,36.61199951171875,-82.1886978149414
7VA1,36.602298736572266,-82.21510314941406
7VA8,36.64590072631836,-82.11070251464844
TN04,36.58679962158203,-82.25740051269531
CT63,41.640899658203125,-72.91960144042969
OL06,35.83340072631836,-96.40029907226562
0IL1,41.86090087890625,-87.8364028930664
OI80,41.29059982299805,-81.68389892578125
0MA5,42.05590057373047,-71.05590057373047
MA27,42.1003990173,-71.0820007324
NY99,42.40729904174805,-79.44059753417969
4D5,41.230098724365234,-80.55729675292969
MU54,39.7750015259,-93.06739807130002
0SD4,44.307053,-96.765425
5MD1,39.41669845581055,-76.67780303955078
VT32,42.98899841308594,-72.62809753417969
MI66,42.070319,-84.241473
NK30,40.60530090332031,-73.90229797363281
PA04,41.15650177001953,-79.09310150146484
K12I,39.5103,-85.0
02LS,30.14830017089844,-91.91899871826172
30LS,30.15239906311035,-91.95069885253906
3LA7,30.076753,-91.948969
74WI,43.18109893798828,-87.9634017944336
TX63,33.187599182128906,-102.26799774169922
OR75,44.8466197854,-116.898694038
NJ19,39.978588,-74.584149
PS24,40.003700256347656,-79.87560272216797
99TN,35.60279846191406,-89.23750305175781
GE24,31.17530059814453,-81.48529815673828
ME42,43.905102,-69.891197
2CO8,40.25830078125,-103.64900207519533
4IL7,38.94580078125,-90.58719635009766
82TX,30.657100677490234,-96.34750366210938
3PS1,40.12590026855469,-75.07879638671875
29NJ,39.483979848,-74.8808383942
6NK5,42.926700592041016,-78.83280181884766
35GA,34.097900390625,-84.01239776611328
16LL,42.29999923706055,-88.38059997558594
22AZ,35.111356,-114.554304
LA18,30.952255,-92.175266
1FD8,29.468599319458008,-81.25309753417969
KLNQ,29.353982,-89.437355
LS12,29.31410026550293,-89.61419677734375
CA95,34.155314,-118.327759
MA21,42.481201171875,-71.20760345458984
MA93,42.481201171875,-71.20950317382812
23CT,41.7859001159668,-72.9312973022461
91NC,36.06230163574219,-79.50469970703125
VT36,44.4734,-73.18875
WN68,42.672512,-88.281503
WN69,42.64889907836914,-88.18679809570312
XA94,30.758539,-98.248864
34CL,40.893609,-121.651354
CA01,40.885121,-121.669368
2WY4,41.15810012817383,-104.4459991455078
MN09,44.722198,-93.266899
81MO,38.24829864501953,-94.34220123291016
PA41,40.86669921875,-79.88140106201172
1MT8,46.009027,-112.544371
1MS5,34.88132,-89.70694
16LA,30.084999084472656,-91.92389678955078
MU47,39.500301361083984,-92.51629638671876
CL62,34.151554,-118.697763
05CA,34.136516,-118.714685
ID80,43.654167,-116.986000061
33TS,30.521044,-96.716567
CD26,39.04249954223633,-104.36499786376952
99GA,34.45119857788086,-84.93440246582031
GE02,34.51035,-84.927729
48MO,38.62730026245117,-92.53990173339844
6WA1,45.64979934692383,-122.20099639892578
MD33,38.5718002319336,-76.06770324707031
79NE,40.280799865722656,-100.1790008544922
6TN8,36.0547981262207,-88.10669708251953
AR42,33.576499939,-92.8354034424
50NJ,39.95230102539063,-75.08409881591797
NJ17,39.940771,-75.116272
13LA,29.783599853515625,-93.20850372314452
24LS,29.799699783325195,-93.34940338134766
32LA,29.774388,-93.35024
75LA,29.75886,-93.64891
LA78,29.789400100708008,-93.32240295410156
LS75,29.819228,-93.338696
82MO,39.7304556,-94.2189417
KSYL,35.814999,-120.744003
KCSL,35.3263,-120.7431
01AZ,34.607406,-111.8609
2KY7,37.367612,-85.336491
91MN,44.70740127559999,-96.2789993286
N39,35.506099700927734,-82.73419952392578
ND28,48.49309921,-99.21150208
SN11,37.00650024414063,-95.93160247802734
CN27,34.221479,-118.627091
8CO3,38.45389938354492,-105.28600311279295
CO63,38.49639892578125,-105.31099700927734
PA59,40.24449920654297,-80.18170166015625
PA67,40.24720001220703,-80.19139862060547
52OI,40.812801361083984,-81.39620208740234
OI65,40.7957992554,-81.4039001465
8GE8,34.246700286865234,-84.49919891357422
97IL,40.55220032,-90.03669739
VA84,37.30989837646485,-76.01580047607422
FD66,26.638648,-81.94137
5FD8,26.670576,-82.134583
5FD9,26.511499404907227,-82.0884017944336
MO50,37.303445,-89.569853
MU10,37.31060028076172,-89.54060363769531
26NJ,39.087761,-74.816701
NJ08,39.1068000793457,-74.80789947509766
PACA,58.19910049439999,-136.639007568
PA09,41.57149887084961,-75.50740051269531
5IS1,37.7270011902,-89.2211990356
AZ51,33.81869888305664,-111.63300323486328
AZ52,33.98199844360352,-111.71700286865234
AZ91,33.80279922485352,-111.91799926757812
LS13,30.347900390625,-92.04119873046876
0MI7,42.042987,-83.35895
44LL,39.28120040893555,-89.86949920654297
N95,40.2036161336,-77.16305494310001
1NY6,42.75400161743164,-74.40070343017578
4CL5,38.669114,-121.314348
OL07,35.11669921875,-98.60030364990234
33CN,34.33110046386719,-119.60399627685548
49CA,34.286619,-119.589343
8CA7,34.333099365234375,-119.56099700927734
5CO5,40.673099517822266,-104.91999816894533
0IA1,42.05830001831055,-94.86830139160156
5IS2,39.295958,-90.414137
80TE,32.9557991027832,-96.91310119628906
TE79,32.99570083618164,-96.9292984008789
3GA2,33.570098876953125,-85.07489776611328
3KY5,38.680497,-85.168043
7L1,33.83420181274414,-118.26200103759766
NV15,39.20280075073242,-119.78399658203124
NV60,39.17129898071289,-119.77200317382812
IL50,40.4092108,-91.1334756
5MA4,41.92449951171875,-70.76969909667969
9MA8,41.8468017578125,-70.76090240478516
MA34,41.92539978027344,-70.80339813232422
03LA,30.19960021972656,-91.12789916992188
6IS1,42.2125015259,-88.2522964478
04NC,35.739200592,-78.7822036743
FL04,30.692100524902344,-85.75689697265625
ID55,44.518798828125,-116.0479965209961
WY47,42.854071,-106.336323
WY57,42.84769821166992,-106.30799865722656
36NJ,40.06340026855469,-74.44129943847656
CL63,34.5172004699707,-118.5989990234375
CD24,39.352500915527344,-105.00700378417967
39CA,33.786399841308594,-117.46600341796876
O64,36.230841,-95.73968
ND81,48.72124,-97.908152
D28,48.538898,-116.832001
UT12,37.6875,-113.08599853515624
UT36,37.31660079956055,-113.31700134277344
IA72,41.97859954833984,-91.65519714355467
IA73,41.98469924926758,-91.6615982055664
54NH,43.691881,-71.490959
92NH,43.67851,-71.51719
NH73,43.79290008544922,-71.17729949951172
MO19,38.61309814453125,-92.41210174560548
LS62,29.57159996032715,-91.53209686279295
TN22,35.78219985961914,-87.4636001586914
6IL8,38.55440139770508,-89.19640350341797
98IL,38.5317001343,-89.11940002440001
60NE,42.82339859008789,-103.00499725341795
0OH1,41.44390106201172,-81.32759857177734
99ID,44.511516,-114.224542
7PN5,40.0072222222,-77.6452777778
PA60,39.93949890136719,-77.64800262451172
4LL2,40.11309814453125,-88.23419952392578
AZ87,33.227317,-111.854424
63OK,35.717143,-96.890115
MY23,44.88050079345703,-93.6085968017578
IS31,41.44889831542969,-88.14399719238281
TA14,29.83573,-95.10889
19KS,37.619998931884766,-95.45860290527344
89KS,37.675021,-95.473876
65OI,41.54669952392578,-81.22589874267578
IA19,41.02750015258789,-93.30239868164062
4IA3,43.05080032348633,-92.68440246582033
SC71,32.78710174560547,-79.95259857177734
4PN2,38.29439926147461,-81.56559753417969
WV07,38.382598876953125,-81.75959777832031
WV56,38.3475990295,-81.62760162350001
RI30,41.3787,-71.641218
2NC5,35.23630142211914,-80.93309783935547
34NC,35.204368,-80.838466
NC24,35.21255,-80.72204
NC90,35.22661,-80.872496
8VA5,38.03279876708984,-78.49970245361328
VA21,37.94010162353516,-78.50859832763672
3MA4,41.71480178833008,-69.96610260009766
00LL,39.66529846191406,-89.70559692382812
25IS,39.70370101928711,-89.7490005493164
CL26,34.238652,-118.565936
31FD,30.706300735473636,-84.84239959716797
TN03,35.0442008972168,-85.25830078125
TN90,35.16939926147461,-85.26499938964844
0TN8,35.049198150634766,-85.29049682617188
LS19,29.2504997253418,-90.66230010986328
WA13,48.20830154418945,-120.59200286865234
MI20,42.25260162353516,-84.00740051269531
7VA0,37.273611,-75.971944
KCN,53.402899,-167.520272
IA13,42.0853004456,-95.5699996948
11VA,36.741798400878906,-76.24410247802734
47VA,36.79600143432617,-76.23799896240234
VG03,36.77069854736328,-76.30159759521484
04MD,39.51810073852539,-75.82140350341797
5Q2,40.28850173949999,-121.242996216
2G6,37.3205986023,-77.3458023071
SC85,34.68348,-81.184094
PS65,39.856201171875,-75.36710357666016
4IS2,37.92369842529297,-88.80619812011719
MO12,38.650277,-90.503192
23MD,39.25559997558594,-76.20690155029297
MD51,39.317901611328125,-76.06379699707031
1ME,46.0609016418457,-69.4094009399414
39B,46.21670150756836,-69.24949645996094
ME18,45.883399963378906,-69.23280334472656
1MD4,38.930301666259766,-76.9207992553711
6WA0,48.29159927368164,-117.70899963378906
WY50,41.15719985961914,-104.81199645996094
OL08,35.609798431396484,-99.67120361328124
LL35,41.724402,-87.526394
40IS,41.92559814453125,-87.64640045166016
4IS3,41.78839874267578,-87.60420227050781
64LL,41.8125,-87.66310119628906
6IS7,41.902802,-87.6828
IL69,41.79999923706055,-87.62779998779297
IL70,41.94829940795898,-87.69329833984375
IL75,41.87480163574219,-87.67340087890625
IL79,41.986354,-87.814996
IL77,41.723174,-87.73276
4H1,42.047784,-88.052663
CL37,39.741952,-121.850191
4MA2,42.162899017333984,-72.55039978027344
MA47,42.18259811401367,-72.5615005493164
TA91,34.44440078735352,-100.21800231933594
OH47,39.32419967651367,-82.9520034790039
OI21,39.3666992188,-82.99990081790001
80FL,30.765957,-85.543769
WS47,44.94969940185547,-91.36100006103516
08MN,47.66939926147461,-93.0543975830078
57LA,30.395147,-92.210568
CD29,38.45000076293945,-107.6510009765625
CD30,38.38330078125,-107.41699981689452
81OI,39.080694,-84.601915
8OA3,39.20649,-84.380767
8OH9,39.137298583984375,-84.50270080566406
92OI,39.139226,-84.520708
OH49,39.121015,-84.512592
OI94,39.08340072631836,-84.51239776611328
4OI3,39.12260055541992,-84.40989685058594
2JY5,40.01580047607422,-74.97579956054688
2CL0,33.987549,-118.161483
40CA,34.024539,-117.95929
7L5,34.00419998168945,-117.93699645996094
9CA3,34.020472,-117.927396
CL87,34.027424,-117.966734
96AK,60.28779983520508,-151.3459930419922
7WI1,46.158599853515625,-90.8843002319336
5OK1,36.323322,-95.605125
4IA5,42.721132,-93.734436
2WV2,39.10240173339844,-80.36209869384766
WV16,39.27310180664063,-80.37889862060547
MS94,34.17839813232422,-90.5518035888672
WT89,46.402096,-117.055574
1I6,38.28340148925781,-85.75579833984375
AR02,35.461216,-93.445383
AR71,35.46760177612305,-93.41909790039062
ME04,46.609500885009766,-69.53060150146484
4IN3,41.73500061035156,-84.82279968261719
57P,41.735599517822,-84.837196350098
IN66,41.73329925537109,-84.85890197753906
CL53,38.93457,-122.61933
06FL,27.953527,-82.806222
SC53,34.68339920043945,-82.81790161132812
40TX,30.321521,-95.16291
MS01,33.74807,-90.70806
8OK3,36.31669998168945,-96.50029754638672
53OI,41.460678,-81.698715
6OI8,41.500619,-81.622308
77OI,41.506054,-81.605271
7OH9,41.54999923706055,-81.56649780273438
OI50,41.44810104370117,-81.77899932861328
OI51,41.4720001221,-81.6195983887
47NJ,40.887298583984375,-74.16380310058594
NJ26,40.83480072021485,-74.15260314941406
5OK5,35.5250015259,-98.9919967651
31AR,35.57590103149414,-92.45349884033205
2II8,39.65240097045898,-87.39790344238281
II41,40.17169952392578,-88.8375015258789
7IA5,41.860886,-90.190349
NC85,35.00849914550781,-78.31919860839844
0C9,40.63819885253906,-74.97570037841797
30MA,42.42789840698242,-71.69280242919922
3MD1,38.748009,-76.876858
90MO,38.389456,-93.766847
WI39,44.6244010925293,-88.75789642333984
7CL2,36.82379913330078,-119.66799926757812
OI48,41.28419876098633,-82.97029876708984
5NY2,42.0547981262207,-79.69450378417969
PS07,40.820937,-75.914712
00PA,39.94889831542969,-75.74690246582031
PN52,39.8671989440918,-75.93360137939453
3FL4,28.24850082397461,-80.66200256347656
1FL8,28.361099243164062,-80.62220001220703
LA86,29.235548,-90.670103
WY62,44.527112,-109.073575
5VA7,36.95980072021485,-82.47019958496094
0WN8,47.2510986328125,-116.85199737548828
ID02,47.67210006713867,-116.78399658203124
ID03,47.69599914550781,-116.79499816894533
ID71,47.69309997558594,-116.78399658203124
ID98,42.56740188598633,-117.49500274658205
S76,47.6721,-116.786003
2MS5,33.90689849853516,-89.7842025756836
9KS0,37.04169845581055,-95.63909912109376
PAKC,56.012586,-132.835093
4MA6,42.26258,-70.81278
NK10,42.49169921875,-77.50779724121094
VT57,44.56060028076172,-73.24040222167969
MI85,41.9375,-84.98799896240234
54OI,40.48030090332031,-83.63849639892578
70WA,46.869483,-117.375969
WN43,46.66130065917969,-117.43800354003906
4NY2,40.783401,-73.866203
03PA,40.162899017333984,-75.4656982421875
0PN3,40.15869903564453,-75.4634017944336
OK45,36.35430145263672,-95.84030151367188
51NJ,39.5010439498,-74.60845470430002
74IS,41.49420166015625,-90.31279754638672
7VA2,37.30569839477539,-77.39440155029297
19CO,38.840375,-104.799385
CO24,38.86599,-104.822182
4CL9,34.075377,-117.349327
59NJ,40.30459976196289,-74.10790252685547
NJ28,40.25429916381836,-74.16899871826172
MU37,38.937767,-92.327978
6Q0,38.03459930419922,-120.41200256347656
SC77,34.01459884643555,-81.01200103759766
1TN5,35.55619812011719,-87.05390167236328
2SC2,34.0703010559082,-80.91110229492188
2SC6,34.06610107421875,-81.1156005859375
SC22,34.02790069580078,-81.03340148925781
2MD2,39.23649978637695,-76.82610321044922
MD25,39.214599609375,-76.88639831542969
LA23,32.07809829711914,-92.09420013427734
91MO,38.948902,-92.315343
25MS,33.52450180053711,-88.4281005859375
2MS4,33.44919967651367,-88.36170196533203
9NC5,35.2400016784668,-82.21109771728516
01GA,32.47930145263672,-84.9791030883789
1GA1,32.5432014465332,-84.83190155029297
2IN7,39.217263,-85.893445
WI41,43.32268,-89.03441
TA15,29.695243,-96.543805
5OH8,39.9552993774,-82.99710083010001
6OI9,40.05009841918945,-83.1270980834961
9OI9,40.03120040893555,-83.03489685058594
OA08,40.084999084472656,-83.06829833984375
OH52,39.9833984375,-83.02349853515625
OH53,39.962600708,-82.9993972778
OH54,39.99509811401367,-83.02100372314453
OI47,39.97150039672852,-83.027099609375
OI61,39.95759963989258,-83.02210235595703
OI95,39.95370101928711,-82.9813003540039
OI96,39.93510055541992,-82.83180236816406
28OI,39.98059844970703,-82.84159851074219
2A7,39.95980072021485,-83.04409790039062
2OI6,39.97029876708984,-82.96240234375
2OI7,40.11199951171875,-82.98159790039062
35OI,40.01060104370117,-83.018798828125
OI75,40.9281005859375,-84.05770111083984
77WA,48.54079819,-117.8889999
3XS9,31.896299362182617,-98.60540008544922
53MI,42.59389877319336,-83.49919891357422
60TS,33.229938,-95.895913
E61,35.384201,-104.216003
NC41,35.357536,-80.705826
NC60,35.435101,-80.601382
NH13,43.19729995727539,-71.56060028076172
NH52,43.2051010131836,-71.48419952392578
60CA,38.044898986816406,-122.00700378417967
33II,39.658561,-85.143489
55TA,30.285218,-95.46762
TE41,30.3351993561,-95.4530029297
4AR3,35.0853996277,-92.457901001
3GE5,33.680058,-84.002785
01MN,47.899600982666016,-92.55740356445312
1MN6,47.85300064086914,-92.6791000366211
TN31,36.17010116577149,-85.50830078125
MN07,45.182888,-93.370004
63PN,40.508399963378906,-75.39409637451172
3NK2,42.68949890136719,-74.92150115966797
OR49,43.382939,-124.232106
64OK,35.30226,-98.98859
CL16,32.6784498367,-117.155585289
0TE1,27.780069,-97.414811
1XA3,27.684799194335938,-97.377197265625
TE42,27.74860000610352,-97.38469696044922
TS97,27.835061,-97.540573
TX10,27.71838,-97.55239
3TX0,27.7411,-97.434998
CD33,37.25,-108.5009994506836
1CO9,37.36299896240234,-108.5749969482422
OR55,44.6044933803,-123.251892328
IA46,40.7578010559082,-93.31849670410156
52OH,40.271131,-81.84852
42CL,33.66310119628906,-117.90399932861328
83CA,33.688469,-117.877966
1CA7,33.69390106201172,-117.91699981689452
AL13,32.172375,-85.028819
AZ22,34.7333984375,-112.02999877929688
6MA6,41.617045,-70.44327
94PA,41.77009963989258,-78.01080322265625
PN09,41.77170181274414,-77.97969818115234
WN52,46.049477,-122.303046
6LL9,38.19229888916016,-89.59539794921875
7TN7,35.04499816894531,-88.26439666748047
6IA2,41.26919937133789,-95.83529663085938
01WN,48.2134017944336,-122.68499755859376
LA19,32.02128,-93.34435
2NK2,40.88370132446289,-73.49120330810547
RI16,41.71991,-71.631603
WA75,47.36920166015625,-122.06900024414062
2II9,40.15280151367188,-87.30809783935547
71GA,33.601809,-83.848699
79LA,30.411897,-90.079914
98LA,30.402311,-90.087655
LA24,30.467275,-90.11305
3KY8,39.02790069580078,-84.52439880371094
54CO,40.519239,-107.579708
CO21,40.524200439453125,-107.55599975585938
1AK0,55.47520065307617,-133.14599609375
5C5,55.95859909057617,-133.2530059814453
CGA,55.478802,-133.147995
PA56,40.68373,-80.097134
NJ29,40.301447,-74.53233
7II2,40.065822,-86.904552
25LS,29.78529930114746,-93.2144012451172
LA62,29.843799,-93.004932
FD56,29.45439910888672,-81.51920318603516
OR33,43.5267982483,-121.947998047
70OI,40.79230117797852,-82.7396011352539
4IA0,41.07220077514648,-94.39440155029295
11FD,30.734808,-86.562293
MD52,37.96670150756836,-75.86630249023438
0IA7,41.03889846801758,-94.46690368652344
1MN7,46.482200622558594,-93.943603515625
95TE,33.21780014038086,-96.9832992553711
AR07,33.14179992675781,-91.93350219726562
07XS,32.542198181152344,-97.3917007446289
LS42,30.226565,-92.363985
2IN8,41.393527,-87.365448
PS01,40.081298828125,-74.89420318603516
6VA8,38.04069900512695,-78.756103515625
IS79,42.236698150634766,-88.35230255126953
6FD1,28.959439,-82.692903
37NY,42.2209014893,-78.26640319820001
2TE9,29.112904,-97.284359
3AL9,34.20059967041016,-86.80470275878906
AL44,34.172298431396484,-86.84359741210938
VA29,38.454606,-78.01435
ME28,43.82369995117188,-70.3301010131836
11GE,34.26029968261719,-84.06639862060547
6GA7,34.20610046386719,-84.29530334472656
GA84,34.203613,-84.051783
4OK9,35.92399978637695,-96.7842025756836
OK65,35.97816,-96.757479
0SD5,43.806400299072266,-103.63700103759766
0SD9,43.82500076293945,-103.63600158691406
02MA,41.419601,-70.927002
6MA9,41.423199,-70.927298
44OH,41.16619873046875,-81.49340057373047
7OH6,41.14580154418945,-81.51860046386719
89FD,28.40139961242676,-82.24259948730469
06CA,34.868942,-116.832024
XS97,32.645999908447266,-96.89420318603516
9TA4,32.78179931640625,-96.79810333251952
9TA5,32.643699645996094,-96.87750244140624
9TS8,32.84870147705078,-96.87889862060548
9TS9,32.907901763916016,-96.8906021118164
TE22,32.801013,-96.815795
TE43,32.80979919433594,-96.8395004272461
TS06,32.911864,-96.775337
TX18,32.734058,-96.97246
TX53,32.68330001831055,-96.85810089111328
TX55,32.77370071411133,-96.79830169677734
TX60,32.91429901123047,-96.752197265625
XA62,32.7605018616,-96.8246994019
GA70,34.78900146484375,-84.97270202636719
0CT8,41.405297,-73.445165
CT83,41.38899993896485,-73.53099822998047
49PN,40.972900390625,-76.6041030883789
79PN,40.972900390625,-76.6041030883789
3VA9,36.58570098876953,-79.4092025756836
74II,39.76279830932617,-86.50170135498047
7IS4,40.13169860839844,-87.53610229492188
93IS,40.138908,-87.645336
IL00,40.099700927734375,-87.57440185546875
50AR,35.054633,-93.382989
4IN6,39.745601654052734,-86.64440155029297
AR32,35.22090148925781,-93.15270233154295
AR38,35.21950149536133,-93.17990112304688
72WA,48.26430130004883,-121.59200286865234
WA40,48.253459,-121.608471
3MA6,41.58369827270508,-71.04060363769531
2FL9,28.18145,-81.64277
2IA0,41.54169845581055,-90.55650329589844
IA81,41.54280090332031,-90.59239959716795
FL69,26.07979965209961,-80.25479888916016
ND33,46.87670135498047,-99.7522964477539
K5D7,39.757562,-84.188324
OI37,39.80009841918945,-84.12079620361328
00OI,39.745091,-84.187278
2OH5,39.77336,-84.16976
TN02,35.60091,-84.796171
FL44,29.23080062866211,-81.0280990600586
FL71,30.374399185180664,-86.17939758300781
27SD,44.295501708984375,-97.55259704589844
AR59,34.278808,-91.338628
MI07,42.29729843139648,-83.22709655761719
MI40,42.320899963378906,-83.21939849853516
56MI,42.28992,-83.215767
1AL1,34.59207,-86.972149
XA57,33.216458,-97.593487
49LL,39.846698761,-89.02700042720001
8IS6,39.8671989440918,-88.9614028930664
9IS3,39.8273010254,-88.93090057370001
9LL8,39.86669921875,-88.88529968261719
GA58,33.776806,-84.241548
56II,40.815551,-84.913743
IA04,43.29410172,-91.77449799
37NJ,39.697601318359375,-75.49490356445312
NJ32,39.68339920043945,-75.51629638671875
TE28,29.71508,-95.14404
0IL6,41.960636,-88.721781
1CD5,37.67499923706055,-106.36299896240234
2FD9,29.044626,-81.317844
OH25,40.30609893798828,-83.09030151367188
59LA,29.950199127197266,-91.98259735107422
4TE5,31.933399200439453,-105.20099639892578
50PN,40.39120101928711,-79.57119750976562
48FD,26.438016,-80.127703
0CD0,38.745155,-108.047973
CD34,38.79999923706055,-108.16699981689452
72AK,64.027099609375,-145.67999267578125
AK35,64.0389022827,-145.738998413
AL14,32.505696,-87.83635
61LA,30.565422,-90.940761
68JY,43.93170166015625,-70.75669860839844
15OH,40.40230178833008,-81.33709716796875
TS58,33.1780014038,-97.0925979614
TX50,33.218495,-97.167045
9CO0,39.737098,-104.992333
CO01,39.792621,-104.899104
CO30,39.698001861572266,-104.98699951171876
CO31,39.732734,-104.932901
CO34,39.74720001220703,-104.9810028076172
CO35,39.728223,-104.990523
CO37,39.746181,-104.970543
CO40,39.742801666259766,-104.99400329589844
CO88,39.721099853515625,-104.98300170898438
0CD4,40.1463012695,-104.887001038
2CO4,39.747752,-104.967866
69CO,39.67079925537109,-104.97599792480467
01AR,34.047456,-94.354023
NH55,42.84700012207031,-71.21890258789062
NH63,42.8667984009,-71.2180023193
3IA3,41.594200134277344,-93.60079956054688
6IA4,41.61669921875,-93.6406021118164
IA64,41.58940124511719,-93.6331024169922
IA82,41.59999847412109,-93.62100219726562
IA98,41.60219955444336,-93.6104965209961
6IS5,42.054945,-87.891348
29CA,33.25590133666992,-116.4540023803711
91CA,33.939936,-116.574172
0MI9,42.36750030517578,-83.08439636230469
17MI,42.41780090332031,-83.18299865722656
5MI0,42.35699844360352,-83.05770111083984
84G,42.32590103149414,-83.0479965209961
MI74,42.32979965209961,-83.05349731445312
DE13,38.68619918823242,-75.08709716796875
68MO,36.80738,-89.967405
29XS,31.1830997467041,-94.78060150146484
7TN6,36.07500076293945,-87.375
CD18,39.83330154418945,-106.06700134277344
31OK,36.48649978637695,-94.99079895019533
65OK,36.46670150756836,-94.90019989013672
49IS,41.84450149536133,-89.47930145263672
78IL,41.872501373291016,-89.48390197753906
1IL7,41.86479949951172,-89.50289916992188
WI44,42.951876,-90.128529
94LA,30.087808,-91.002397
0IS6,37.3656005859375,-89.1635971069336
1IA2,43.43889999389648,-91.56739807128906
48MI,42.72740173339844,-85.7155990600586
AL20,31.21809959411621,-85.36720275878906
AL59,31.237699508666992,-85.456298828125
3GE6,33.73889923095703,-84.73280334472656
CD35,37.59999847412109,-108.63400268554688
K0N5,39.148231,-75.503451
DE02,39.20009994506836,-75.53299713134766
DE03,39.18339920043945,-75.52459716796875
DE24,39.11149978637695,-75.50550079345703
13OI,40.515549,-81.456901
NH56,43.21289825439453,-70.87339782714844
ME85,45.183399,-69.235603
13MI,41.983699798583984,-86.11579895019531
0IL4,41.818743,-88.007677
9PS6,39.97090148925781,-75.65599822998047
9PS3,40.30709838867188,-75.14659881591797
PN28,40.2864990234375,-75.14520263671875
UT05,40.51739883422852,-111.88899993896484
1MI0,46.06859970092773,-83.72419738769531
PA10,41.114438,-78.773983
14IS,38.025239,-89.237025
48GA,32.532901763916016,-82.95099639892578
93OI,40.09650039672852,-83.13520050048828
2IA1,42.49580001831055,-90.68489837646484
IA10,42.49165,-90.675864
5VA8,36.71120071411133,-82.80069732666016
LA92,29.37299919128418,-90.72059631347656
MN33,46.79380035400391,-92.0978012084961
MN35,46.899898529052734,-92.16210174560548
MN48,46.797401428222656,-92.08599853515624
02NH,44.65710067749024,-71.21910095214844
NH83,43.109500885009766,-71.63839721679688
38OK,34.52135,-97.976862
9PS7,40.44720077514648,-78.42890167236328
FA04,28.01420021057129,-82.78199768066406
6FD4,28.019699096679688,-82.78980255126953
22NK,42.4827995300293,-79.3292007446289
NC96,35.313201904296875,-78.63580322265625
9IL1,42.43059921264648,-89.32859802246094
WI57,44.621029,-91.962706
58CO,37.627201080322266,-107.8040008544922
CD11,37.24169921875,-107.8759994506836
CO46,37.2832984924,-107.874000549
OL11,34.006691,-96.392818
83NC,35.922298431396484,-78.98809814453125
NC92,36.006500244140625,-78.9385986328125
02NY,43.132598876953125,-75.65550231933594
1TN4,36.049329,-89.380215
MD27,38.55649948,-76.69270325
TA39,29.58690071105957,-96.34549713134766
0XA2,28.713889,-100.454728
8OR8,42.35929870605469,-122.51100158691406
D72,61.352500915527344,-149.54600524902344
WN66,45.85129928588867,-89.45120239257812
6CL2,41.33050155639648,-120.09700012207033
04SC,34.842188,-82.60714
0PS5,40.87929916381836,-75.19270324707031
0OI0,40.73590087890625,-81.2468032836914
8OI8,41.52529907,-81.58370209
GE22,32.528900146484375,-82.82170104980469
5MA2,41.553199768066406,-70.5509033203125
CT50,41.942901611328125,-72.7061996459961
CT86,41.43399810791016,-72.39399719238281
4NY5,40.98759841918945,-72.17340087890625
WV41,40.62919998168945,-80.5248031616211
NJ36,40.782901763916016,-74.21820068359375
NJ37,40.75339889526367,-74.21710205078125
NJ38,40.77399826049805,-74.20929718017578
GA71,33.67959976196289,-84.4271011352539
0PS6,39.949501037597656,-76.55329895019531
ME01,43.95700073242188,-70.46260070800781
IS11,38.62369918823242,-90.15679931640624
0WA4,47.436238,-120.279515
03M,44.3209,-69.889503
MD29,38.77220153808594,-76.0718994140625
9PS4,40.7495002746582,-75.21019744873047
9FD8,28.612499237060547,-81.3855972290039
WS38,44.813764,-91.512069
25WI,44.794315,-91.509467
LS28,29.37859916687012,-89.85449981689453
PS40,40.98619842529297,-75.83439636230469
8N0,36.49399948120117,-79.73979949951172
36PN,39.96680068969727,-75.45240020751953
MD81,38.91469955444336,-76.50469970703125
32KY,39.013546,-84.56019
MN27,44.887001037597656,-93.32659912109376
84NJ,40.52320098876953,-74.39179992675781
JY38,40.5172004699707,-74.34559631347656
NJ43,40.526798248291016,-74.3821029663086
NJ76,40.52450180053711,-74.42569732666016
0WA6,47.8036994934082,-122.33399963378906
77IL,39.0800018311,-88.5441970825
11IS,39.125,-88.55059814453125
53NJ,39.49039840698242,-74.60679626464844
CD36,37.88330078125,-108.83399963378906
76CN,32.779887,-115.568652
AR47,33.2135009765625,-92.66790008544922
AR48,33.214599609375,-92.66790008544922
CL27,34.07021,-118.071873
TA41,31.771626,-106.435463
TS59,31.850823,-106.431963
TX44,31.777342,-106.481077
27TE,31.791186,-106.263621
32CN,33.93048,-118.38239
4CA6,33.914454,-118.427215
CL02,33.929875,-118.384799
CL03,33.916916,-118.395211
CN33,33.9303016663,-118.397003174
66CO,39.09080123901367,-104.54399871826172
VG51,36.7733001709,-76.58219909670001
PAEL,58.1952018738,-136.347000122
2IL8,42.019938,-88.281253
IS20,42.036543,-88.326448
NJ44,40.67509841918945,-74.24539947509766
55CO,39.36249923706055,-104.5999984741211
71CO,39.550899505615234,-104.50599670410156
NC98,36.324462,-76.216881
NC94,34.619598388671875,-78.62529754638672
1KY1,37.71060180664063,-85.87689971923828
23IL,42.004744,-88.017907
2IA2,42.860102,-91.4151417
0WI3,42.661291,-88.497861
NE10,41.25690078735352,-96.24359893798828
1C4,39.56919860839844,-75.8478012084961
82WA,46.9876555,-120.5378194
5MO4,37.16730117797852,-91.83519744873048
02CT,41.91960144042969,-72.44450378417969
6PS0,40.8672981262207,-80.27619934082031
42NJ,39.589204,-75.181541
7IS6,41.9126042083,-87.9378452897
3NK9,42.100595,-76.826406
4NY9,40.714500427246094,-73.71040344238281
0MN7,47.89910125732422,-91.8730010986328
OI23,41.3650016784668,-82.09760284423828
8PN5,40.83340072631836,-76.54969787597656
IA79,43.101898193359375,-94.70469665527344
98ID,43.8805999756,-116.48500061
7MD2,39.6850013733,-77.3182983398
CD37,39.79389953613281,-105.76399993896484
CO51,39.7682991027832,-105.8479995727539
73VA,36.7020988464,-77.5400009155
CT23,41.94010162353516,-72.60590362548828
CT27,42.00400161743164,-72.54010009765625
CT87,41.9984016418457,-72.60590362548828
CT90,41.98149871826172,-72.58509826660156
CD06,39.59439849853516,-104.822998046875
15CO,39.65470123291016,-104.97100067138672
OK26,36.392799377441406,-97.9477996826172
VT50,44.91389846801758,-72.80509948730469
0WN7,47.209449,-121.987726
WA27,47.197912,-121.989194
WN56,47.314300537109375,-119.5479965209961
0PS8,42.132598876953125,-80.08619689941406
29PN,42.11169815,-80.08010101
83KY,38.98109817504883,-84.5447006225586
PA79,40.52930068969727,-75.09960174560547
NY83,44.30009841918945,-73.34960174560547
CT16,41.375099182128906,-72.37449645996094
CT97,41.32899856567383,-72.4281005859375
VT51,44.4817008972168,-73.09649658203125
10PA,39.86259841918945,-75.31050109863281
9N2,39.859001159668,-75.299598693848
3CO8,40.371371,-105.515024
9OK6,35.3109016418457,-95.5907974243164
OG32,44.12649917602539,-123.2229995727539
OR69,44.04710006713867,-123.07599639892578
31OR,44.06209945678711,-123.1449966430664
92MO,38.44390106201172,-90.60710144042967
0AR9,36.40010070800781,-93.74349975585938
6TA1,32.36109924316406,-95.87560272216795
GE00,33.60969924926758,-82.13580322265625
WY52,41.243657,-110.98997
16IN,37.984119,-87.572095
1II6,37.96500015258789,-87.50420379638672
9Y5,47.459598541259766,-92.47660064697266
0WA9,47.986460601,-122.224295139
1WA3,47.97949981689453,-122.18599700927734
1WA5,47.999568,-122.205965
WA82,47.931827,-122.263308
0AL3,31.430599212646484,-86.94029998779297
42CO,39.6875,-105.39600372314452
70CO,39.64080047607422,-105.39600372314452
MN02,44.880501,-93.6091
NH32,42.98149871826172,-70.918701171875
NH57,42.98199844360352,-70.93620300292969
42PA,40.022598,-75.585999
04PN,40.0306619,-75.63021
2Z5,64.83290100097656,-147.84800720214844
7OI4,39.86259841918945,-84.0416030883789
17NE,40.15719986,-97.17639923
29IS,40.75749969482422,-88.51339721679688
68OK,36.56669998168945,-96.71700286865234
13VA,38.823853,-77.283073
26VA,38.85319900512695,-77.37300109863281
74VA,38.8843002319,-77.37920379639999
OA03,39.34339904785156,-84.5365982055664
CT41,41.216757,-73.255618
7IA6,41.00310134887695,-91.9521026611328
9IL8,38.380465,-88.375233
JY00,40.86289978027344,-74.31739807128906
5AL,30.450000762939453,-87.80780029296875
0PS9,40.182734,-74.868028
WV50,38.81230163574219,-81.69619750976562
CD38,39.216400146484375,-106.08699798583984
98TX,27.25670051574707,-98.09420013427734
MA31,41.709775,-71.14683
72VA,38.857133,-77.227806
MA37,41.56510162353516,-70.62449645996094
64ME,43.739200592041016,-70.31289672851562
2Z6,57.5321998596,-135.212997437
15NY,40.59180068969727,-73.78009796142578
PAFK,62.5425,-153.623001
ND45,46.831501,-96.829201
ND48,46.88359832763672,-96.7855987548828
MN59,44.289345,-93.257854
MY96,44.416698,-93.330804
32NJ,40.20840072631836,-74.17459869384766
63NJ,40.17179870605469,-74.17849731445312
74NJ,40.186798095703125,-74.15070343017578
NM62,36.72420120239258,-108.21800231933594
60MO,37.78118,-90.437166
CT71,41.708928,-72.8021
CT75,41.733284,-72.793125
MI81,42.51390075683594,-83.35780334472656
PS41,41.21060180664063,-80.46920013427734
TE82,32.9385986328125,-96.36750030517578
3AL0,33.70920181274414,-87.82360076904297
4AR8,36.10810089111328,-94.15859985351562
AR49,36.079200744628906,-94.15910339355467
5NC9,35.05270004272461,-78.89089965820312
73NC,35.06769943237305,-78.93419647216797
NC83,35.032606,-78.932068
16TN,35.150308,-86.555578
VT40,44.777000427246094,-71.75150299072266
FD91,30.65369987487793,-81.44819641113281
2MT4,48.082801818847656,-113.99600219726562
K12T,32.529866,-96.731122
58MO,38.196278,-90.392397
6CL3,34.38029861450195,-118.86900329589844
NJ91,40.554298400878906,-74.57879638671875
89OH,41.017799377441406,-83.65139770507812
CO57,40.112701416015625,-104.9520034790039
NE05,40.56529998779297,-96.6613998413086
08TA,29.97842,-98.258418
09VG,38.09080123901367,-78.98500061035156
MA38,42.57979965209961,-71.82869720458984
9GA7,31.696807,-83.260167
2AK3,57.269843,-133.630371
3AZ0,35.208297,-111.643164
SD67,44.0516014099,-96.5920028687
JY01,40.53070068359375,-74.86070251464844
01MI,43.04949951171875,-83.67970275878906
30IL,38.67940139770508,-88.47250366210938
33SC,34.161399841308594,-79.75389862060547
AL46,34.9025993347168,-87.58719635009766
1O0,43.90420150756836,-124.11499786376952
NJ51,40.7918,-74.382894
3GE1,30.737499237060547,-82.12670135498047
94CA,34.072585,-117.432514
CA29,34.101716,-117.433729
NJ53,40.5373001099,-74.2982025146
7AR5,33.8111991882,-92.4256973267
0OH3,39.27920150756836,-84.564697265625
NK65,42.4833984375,-79.07749938964844
5NJ8,39.81589889526367,-74.20390319824219
66NJ,39.83980178833008,-74.17759704589844
AR72,35.039778,-90.776972
90GA,33.06010055541992,-83.96379852294922
GA24,33.030902,-83.945049
WS34,42.931400299072266,-88.82820129394531
91I,39.883399963378906,-86.0166015625
CN01,39.431876,-123.799621
CD07,40.571393,-105.054376
CD46,40.59109878540039,-105.0479965209961
0CO4,40.5899009705,-105.04599762
0CO7,40.5854988098,-105.040000916
2CO0,40.583585,-106.985331
MD32,39.436257,-77.420683
IA74,42.4925003052,-94.1919021606
SC11,34.03350067138672,-80.8998031616211
2FD4,26.096200942993164,-80.11370086669922
30FD,26.124000549316406,-80.14420318603516
6FD8,26.103359,-80.140462
DT1,26.120500564575195,-80.14209747314453
VA35,37.2417984009,-77.3430023193
VA39,37.25019836,-77.33300018
NJ54,40.85010147094727,-73.96620178222656
NJ55,40.31679916381836,-74.03289794921875
NJ56,40.29570007324219,-74.08319854736328
VG35,37.016700744628906,-76.30000305175781
0CD1,40.2610917,-103.7963389
FD67,26.628744,-81.874731
29FA,26.63500022888184,-81.875
41FL,26.63419914245605,-81.83399963378906
67FD,26.543699,-81.848824
KFHK,31.319633,-85.673806
0AL4,34.442141,-85.755793
75FD,27.35063,-80.244784
FD19,27.432888,-80.346037
KLOR,31.35580063,-85.75119781
20AL,31.33880043029785,-86.0916976928711
25AL,31.269899368286133,-86.04090118408203
15AL,31.093599319458008,-85.78790283203125
18AL,31.816699981689453,-85.65180206298828
06AL,31.388399124145508,-85.97239685058594
22AL,31.36079978942871,-86.01370239257812
21AL,31.28770065307617,-86.13009643554688
13AL,31.358999252319336,-85.62049865722656
23AL,31.46500015258789,-85.84629821777344
07AL,31.125200271606445,-85.9791030883789
T22,29.46689987182617,-98.41699981689452
AR21,35.35375,-94.352024
AR40,35.37699890136719,-94.42019653320312
46KY,39.07780075073242,-84.4646987915039
FD45,30.455208,-86.632621
WY10,42.98661,-108.87004
8PN8,40.14179992675781,-75.1884994506836
64II,41.040000915527344,-85.24800109863281
9IN5,41.17440032958984,-85.10780334472656
13II,41.07870101928711,-85.14969635009766
1II7,41.09640121459961,-85.11019897460938
5II7,41.06439971923828,-85.16000366210938
TE30,32.73680114746094,-97.33809661865234
TS56,32.76139831542969,-97.24420166015624
TX65,33.023101806640625,-97.28829956054688
TX83,32.749000549316406,-97.34500122070312
XA18,32.73109817504883,-97.3467025756836
XA36,32.738138,-97.341534
XA37,32.734742,-97.34421
51TA,32.65686,-97.421715
9F5,32.663700103759766,-97.2863998413086
00TE,32.847599029541016,-97.1894989013672
99OI,41.16279983520508,-83.42379760742188
PA80,40.6083984375,-75.4031982421875
93CA,33.71500015258789,-117.93599700927734
LA11,29.098800659179688,-90.2104034423828
E66,42.71709824,-84.06189728
64IS,42.38970184326172,-88.18150329589844
IL44,42.40340042114258,-88.1875991821289
PN19,41.14590072631836,-79.68730163574219
02KY,38.190282,-84.906442
68II,40.26860046386719,-86.50969696044922
55II,39.47999954223633,-86.07779693603516
9VA9,36.69929885864258,-76.93830108642578
VG11,36.71072,-76.82299
NJ85,40.53680038452149,-74.52239990234375
0NE4,40.097198486328125,-98.95040130615234
NH58,43.41790008544922,-71.6447982788086
NH81,43.44839859008789,-71.64620208740234
IS25,41.94139862060547,-87.8594970703125
79NJ,40.53810119628906,-74.52690124511719
CD40,39.42940139770508,-104.65899658203124
15MI,42.543411,-82.93342
7MD3,39.422519,-77.414963
MD86,39.40840148925781,-77.38610076904297
MU15,37.55559921264648,-90.3040008544922
33NJ,40.237098693847656,-74.31099700927734
JY14,40.22079849243164,-74.3917007446289
18NJ,40.279598236083984,-74.32929992675781
64NJ,40.23816,-74.318539
50IS,42.29449844360352,-89.63790130615234
PN24,40.68339920043945,-79.66639709472656
0PN1,40.69940185546875,-79.618896484375
39NY,40.65330123901367,-73.57360076904297
58NY,40.65060043334961,-73.56790161132812
0XA3,28.969255,-95.285207
97TE,28.94969940185547,-95.3572006225586
9TA6,28.976900100708008,-95.31739807128906
CL64,37.557473,-121.978139
OI79,41.339729,-83.134822
6MN5,45.20769882202149,-94.1624984741211
06I,38.43339920043945,-86.69110107421875
JY42,40.468299865722656,-75.0238037109375
9CL6,36.883262,-119.80159
CN51,36.743698,-119.785004
XA38,29.485300064086918,-95.2082977294922
91CO,39.58140182495117,-106.09200286865234
SC68,32.3218994140625,-80.49120330810547
FD46,27.755300521850582,-81.51399993896484
38FD,27.73699951171875,-81.53199768066406
4ME4,44.00680160522461,-70.93360137939453
0AL7,34.00830078125,-85.96530151367188
GA40,34.25419998168945,-83.96849822998047
53FL,29.643381,-82.353599
63FL,29.635504,-82.350589
14GA,34.33649826049805,-83.94349670410156
38GA,34.319698333740234,-83.79669952392578
8FL7,29.68549919128418,-82.47589874267578
FA12,29.638929,-82.342816
FA56,29.661500930786133,-82.41210174560547
6IL1,37.8384017944,-88.5828018188
40ND,46.38470077514648,-96.82260131835938
24IS,42.42110061649999,-90.4383010864
5IL3,40.95560073852539,-90.38249969482422
IL89,40.9866981506,-90.3613967896
01OI,40.730267,-82.802022
22TN,36.38719940185547,-86.56330108642578
2LS0,29.414441,-90.29769
4OH7,38.84619903564453,-82.2385025024414
2JY2,39.48500061035156,-74.46720123291016
XA74,29.325119,-94.784559
84TS,29.2460994720459,-94.8646011352539
56KS,37.97719955444336,-100.84500122070312
D12,44.064300537109375,-115.9260025024414
NK38,41.65449905395508,-74.1404037475586
MA40,42.543399810791016,-71.96839904785156
03OI,41.420312,-81.599552
90TA,32.866798400878906,-96.54049682617188
TS60,32.87820053100586,-96.65859985351562
IN78,41.59109878540039,-87.33619689941406
IN79,41.59980010986328,-87.3488998413086
6NC6,35.28518,-81.24341
LS55,30.231202,-91.051603
3LL2,41.46110153198242,-90.15689849853516
9IS7,41.45560073852539,-90.16819763183594
24IL,41.477500915527344,-90.15779876708984
76IL,41.887263,-88.344737
0FL2,28.78779983520508,-81.16419982910156
8AL9,31.04960060119629,-85.8916015625
36TS,30.71691,-97.77673
TN69,35.08919906616211,-89.80719757080078
PS56,39.77930068969727,-77.25140380859375
PS90,39.76679992675781,-77.27050018310547
PA11,39.82469940185547,-77.23560333251953
PA14,39.7848014831543,-77.25669860839844
LS01,29.62859,-90.93357
LS64,29.688499450683597,-90.98729705810548
9IS8,40.479655,-88.369475
6WA8,47.33689880371094,-122.5790023803711
WA50,47.35220337,-122.6251373
3AZ1,33.37229919433594,-111.83699798583984
IS92,42.099434,-88.369212
3NK7,42.424800872802734,-74.45099639892578
WY21,44.28779983520508,-105.51399993896484
5CL2,37.0358009338,-121.571998596
JY25,40.72320175170898,-74.68789672851562
CT02,41.642608,-72.562777
CT38,41.71229934692383,-72.58789825439453
0MD0,39.1375999451,-76.623298645
MD36,39.14509963989258,-76.50140380859375
ME27,44.9009017944336,-68.80229949951172
2CL7,34.155692,-118.258515
5CA0,34.15829849243164,-118.28600311279295
95CL,34.204136,-118.217289
CL06,34.151708,-118.230561
CL19,34.155373,-118.257008
0CL4,34.157179,-118.254637
CO62,39.70550155639648,-104.93900299072266
IS09,41.914434,-88.055665
5NJ9,39.86289978027344,-74.96019744873047
14CL,34.133487,-117.870677
LS95,30.979400634765625,-92.58709716796876
3ID4,42.9541015625,-115.30500030517578
0IS2,42.09310150146485,-87.85260009765625
CD41,39.43330001831055,-107.38400268554688
CD42,39.53329849243164,-107.28399658203124
RI28,41.875301,-71.590302
3MA8,42.62229919433594,-70.65229797363281
MA13,42.62789916992188,-70.63780212402344
MA14,42.6393013,-70.68029785
MA15,42.62839889526367,-70.64340209960938
MA42,42.6101,-70.660004
VA70,37.42179870605469,-76.54299926757812
9OA6,39.53030014038086,-82.0333023071289
20CO,39.73465,-105.205024
3Z8,59.7470016479,-158.875
09LA,29.126972,-90.206659
AZ53,33.590599,-111.344002
AZ54,33.563401,-111.535956
AZ55,33.5825,-111.357002
AZ56,33.55339813232422,-111.44499969482422
0NC0,35.398799896240234,-77.94969940185547
5NC0,35.40169906616211,-77.9480972290039
9TN8,36.31330108642578,-86.69860076904297
76AZ,33.46080017089844,-112.35199737548828
NE16,40.939753,-100.154251
NH24,43.5452995300293,-71.99610137939453
8IS3,38.973400116,-90.4611968994
22WV,39.34360122680664,-80.0291976928711
8WA1,47.05985,-122.293689
2WA5,47.941898,-119.00713
NE76,40.92499924,-98.37259674
LS56,29.336599349975582,-89.98419952392578
0LA5,29.258868,-89.964541
0LA7,29.254738,-89.96732
28CO,39.117801666259766,-108.53900146484376
29CO,39.089815,-108.562855
6CO7,39.096900939941406,-108.5999984741211
82CO,39.09749984741211,-108.58399963378906
5MN6,47.15639877319336,-93.5239028930664
TA88,32.70009994506836,-97.05030059814452
0TX2,32.76259994506836,-97.05860137939452
0TX4,32.711700439453125,-97.0271987915039
56TA,32.73210144042969,-97.04889678955078
9MN2,47.41859817504883,-93.518798828125
2MI1,42.953767,-85.622509
MI63,42.95928,-85.663797
MI97,42.969132,-85.665127
XA01,32.680003,-95.723288
3IS9,37.6328010559082,-89.5062026977539
CD43,39.08610153198242,-106.26799774169922
38LL,38.70830154418945,-90.1438980102539
OR88,42.440102,-123.279999
WI59,45.77439880371094,-92.68659973144533
IL61,37.39759826660156,-88.77420043945312
48CL,39.200334,-121.061343
CA15,39.227474,-121.04763
0AR4,36.40929,-94.46005
ME80,43.93389892578125,-70.35639953613281
50LA,29.679007,-90.781547
MT27,47.488051,-111.296879
MT70,47.49184,-111.25983
JY27,40.928199768066406,-74.84400177001953
98CO,40.414832,-104.710844
33WI,44.53219985961914,-88.06590270996094
4WN7,44.471432,-87.994818
7WI3,44.50139999389648,-88.0114974975586
W26,44.4989013671875,-88.02230072021484
52PN,39.750099182128906,-77.69969940185547
8IN4,39.814701,-85.782204
75IA,41.30400085449219,-94.45099639892578
NK48,41.10969924926758,-72.36000061035156
28NC,35.9557991027832,-79.81890106201172
PA28,40.300825,-79.5559
LS22,30.831807,-90.666556
ME30,45.46680068969727,-69.59950256347656
50MI,43.15729904174805,-85.29419708251953
NC91,35.608751,-77.40717
MS05,33.411566,-91.034068
59IS,38.903334,-89.406725
30CA,40.141201,-120.937226
PA46,41.41170120239258,-80.372802734375
SC59,34.763999938964844,-82.39430236816406
DE05,39.80009841918945,-75.61630249023438
DE06,39.792598724365234,-75.6135025024414
21M,45.462501525878906,-69.61949920654297
2WA0,47.144798278808594,-121.63600158691406
MS16,33.51959991455078,-90.20089721679688
CO44,39.57500076293945,-104.8759994506836
56OR,45.515936687,-122.406449318
VA48,37.03820037841797,-79.59609985351562
IA09,41.72579956054688,-92.70349884033205
06OK,36.54169845581055,-94.83360290527344
8OK5,36.581092,-94.759776
FD78,28.603099822998047,-81.84950256347656
2OI9,39.839500427246094,-82.90769958496094
85CA,38.770806,-123.529453
AL75,30.2632999420166,-87.63690185546875
AL96,30.29829978942871,-87.74079895019531
0MS4,30.375999450683597,-89.08619689941406
MS17,30.367872,-89.116879
8TX1,32.33489990234375,-96.11329650878906
TS72,32.332028,-96.115811
CD12,38.551700592041016,-106.9250030517578
NM43,31.994401,-108.370317
0LA0,30.003515,-93.401005
98NJ,40.875016,-74.035649
NJ22,40.883673,-74.056542
JY22,40.861676,-74.81462
94NJ,40.86399841308594,-74.91909790039062
HI53,22.17451,-159.655375
7MD4,39.599211,-77.764363
FA73,28.1289005279541,-81.68789672851562
NH91,44.043833,-71.166733
MA6,42.00979995727539,-70.84310150146484
4MN3,45.31110000610352,-93.15039825439452
2IA5,40.622501373291016,-95.64969635009766
NK58,42.52840042114258,-78.90730285644531
O01,42.788795471191406,-78.84899139404297
CT40,41.36980056762695,-72.91729736328125
CT84,41.37369918823242,-72.90869903564453
0MT3,46.25080108642578,-114.06700134277344
M62,46.206699,-114.153
47MA,42.6234016418457,-70.86620330810547
92MA,42.63150024,-70.86509705
1JY4,40.201379,-74.648838
48TA,32.88570022583008,-100.13500213623048
LA02,30.518400192260746,-90.56649780273438
LS02,30.465981,-90.462588
7IN4,41.614205,-87.524093
4II5,41.594200134277344,-87.49140167236328
2JY3,39.63140106201172,-74.77279663085938
49NJ,39.63570022583008,-74.7490005493164
10NH,42.87409973144531,-71.17970275878906
NH35,42.950389,-70.85659
NH45,42.937599182128906,-70.84259796142578
NJ70,40.7209014893,-74.9723968506
71VA,37.01100158691406,-76.36859893798828
4CL8,36.329739,-119.659609
0MU3,39.7111,-91.451934
34MO,39.83250045776367,-91.44020080566406
MA45,42.125143,-70.843835
24OR,45.414025,-122.558448
LS66,29.970199584960938,-90.20339965820312
08LA,29.952999114990234,-90.18260192871094
36LL,39.15890121459961,-90.62220001220705
47KY,37.766700744628906,-86.44110107421875
IA55,41.649200439453125,-95.32420349121094
49TX,26.175135,-97.669632
78TS,26.168486,-97.666579
TS68,26.176695,-97.670898
TN19,35.96289825439453,-84.55079650878906
8TE9,29.8911991119,-95.7326965332
PN81,40.36640167236328,-76.73259735107422
PS51,40.28060150146485,-76.81639862060547
4IS4,37.73059844970703,-88.52369689941406
5PN9,40.257701,-76.881015
PA95,40.215115,-76.790217
05PN,40.30009841918945,-76.85800170898438
AR80,36.236487,-93.10934
8NJ5,40.74729919433594,-74.15760040283203
5VA6,38.48429870605469,-78.8677978515625
VA47,38.405312,-78.854038
1KY6,37.75590133666992,-84.84970092773438
ME11,44.34230041503906,-70.28780364990234
CT73,41.72320175170898,-72.86009979248047
0CT5,41.77450180053711,-72.6989974975586
0CT9,41.75450134277344,-72.67870330810547
CT06,41.78900146484375,-72.66059875488281
CT17,41.76570129394531,-72.67340087890625
CT18,41.76480102539063,-72.68199920654297
5IA9,43.18360137939453,-95.4897003173828
WV24,39.31930160522461,-79.17169952392578
4AL4,34.42720031738281,-86.91500091552734
3SC3,34.34939956665039,-80.10330200195312
8IL4,42.42657,-88.605908
IL92,41.605726,-87.659967
IS17,41.61220169067383,-87.66999816894531
ND27,47.76689910888672,-99.931396484375
21JY,39.70000076293945,-74.15280151367188
04CT,41.75510025024414,-73.05239868164062
NE90,40.591400146484375,-98.3874969482422
5PN4,40.15439987182617,-75.07530212402344
MS81,31.31920051574707,-89.3302993774414
31IS,40.30780029,-90.05460358
5NY8,41.205536,-73.963974
KH43,41.210983,-73.969792
MD08,39.5345993,-76.10630035
HWI,58.127399,-134.755997
WS24,46.00690078735352,-91.3104019165039
8IL8,41.567695,-87.697161
ND50,47.298301696777344,-101.61299896240234
PS22,40.94940185546875,-75.9636001586914
2UT4,40.49020004272461,-111.40599822998048
83OI,39.954498291015625,-82.52739715576172
AR77,34.5098,-90.626198
MT35,46.5817,-111.99608
0NK4,40.726482,-73.552773
1KY2,37.855899810791016,-87.58390045166016
1NV2,36.12480163574219,-114.90899658203124
NV25,36.038126,-114.984623
0NC9,36.3307,-78.449699
90NC,35.31999969482422,-82.46690368652344
59MO,38.69279861450195,-91.45130157470705
OG09,45.8478109634,-119.30832088
3M1,37.94720077514648,-93.33360290527344
5IL0,37.80189895629883,-89.0261001586914
64PN,40.265113,-76.675166
8PS5,40.261909,-76.684728
21NC,36.18669891357422,-76.27940368652344
01CA,34.368241,-117.370059
CD44,37.34999847412109,-108.1510009765625
84FL,25.92539978027344,-80.29979705810547
1FA5,25.8865940245,-80.32660312950001
5MN3,47.4099006652832,-92.92880249023438
9MN0,47.41830062866211,-92.82769775390624
NC38,35.628299713134766,-81.375
NC68,35.78030014038086,-81.33280181884766
4T7,32.01380157470703,-97.9813995361328
0MU6,39.07329940795898,-93.73590087890624
15TE,29.625454,-94.198422
05VT,45.013301849365234,-73.08670043945312
K13D,42.62912,-83.683065
3MI6,42.65700149536133,-83.65019989013672
03KS,39.86470031738281,-95.26409912109376
87KY,39.04560089111328,-84.46379852294922
9IL5,42.198314,-87.827027
54NJ,40.41680145263672,-73.99960327148438
2NJ8,40.26179885864258,-74.51959991455078
WI63,43.64860153198242,-90.345703125
OG46,45.52790069580078,-122.9800033569336
8OR0,45.53340148925781,-122.95500183105467
OH69,39.22119903564453,-83.61080169677734
8IS4,39.15169906616211,-89.48139953613281
MI49,41.91120147705078,-84.63359832763672
HI04,19.718464,-155.114422
2SC3,32.139198303222656,-80.86810302734375
2SC4,32.2338981628418,-80.75420379638672
69GA,31.845800399780277,-81.59149932861328
00GE,33.887982,-84.736983
00IN,41.51139831542969,-87.2605972290039
IL03,42.05279922485352,-88.14009857177734
0MU5,38.71969985961914,-93.99440002441406
49OK,35.088781,-96.379341
2AR9,36.45500183105469,-93.71939849853516
12MA,42.20709991455078,-71.44270324707031
25MA,42.20560073852539,-71.44139862060547
77FD,26.0187106514,-80.1813152432
NJ71,40.10010147094727,-74.31759643554688
NJ73,40.3942985534668,-74.1792984008789
29MA,42.20149993896485,-72.59809875488281
FA47,25.56618,-80.35818
FD17,25.448601,-80.410004
FD34,25.453985,-80.407115
OR91,45.12490081787109,-116.74700164794922
26PA,40.403596,-77.556602
02HI,21.35839,-157.94789
HI24,21.3908,-157.964996
HI38,21.308197,-157.853645
HI40,21.32111,-157.85669
HI55,21.3641,-157.899002
OR43,45.7028999329,-121.529998779
61NH,43.055999755859375,-71.44670104980469
01IL,40.45859909057617,-87.65950012207031
1AR7,33.648448,-93.585337
30NJ,40.39229965209961,-74.77909851074219
7VA3,37.28739929199219,-77.27110290527344
7VA4,37.29570007324219,-77.27110290527344
NK56,41.5434,-73.819
3NK3,41.533948,-73.833359
4KY6,36.860784,-87.497675
MA41,42.22439956665039,-71.55970001220703
1ID2,43.914398193359375,-116.1969985961914
N48,40.20209884643555,-75.1781997680664
0AR6,34.48149871826172,-93.03099822998048
11AR,34.468846,-93.065766
20LA,29.569178,-90.687503
92LA,29.59678,-90.71384
80AK,61.60200119018555,-149.78399658203125
MU44,37.3170013428,-91.9615020752
21TA,29.928028,-95.588944
24TE,29.64859962463379,-95.27410125732422
26TE,29.86829948425293,-95.40850067138672
29TS,29.728542,-95.594489
31TE,29.722999572753903,-95.47109985351562
36TE,29.857422,-95.539819
38TE,29.714123,-95.395047
38TS,29.92564,-95.58973
39TS,29.87969970703125,-95.63079833984376
3TE2,29.7588005065918,-95.36380004882812
3TS8,29.789400100708008,-95.27739715576172
43TE,29.765467,-95.371537
45TA,29.659099578857425,-95.42880249023438
4TS0,29.75379943847656,-95.3655014038086
4TS2,29.857200622558597,-95.5063018798828
4TS4,29.97520065307617,-95.3687973022461
63TS,29.760799407958984,-95.39769744873048
64TS,29.707673,-95.39943
66TS,29.760499954223636,-95.38739776611328
67TS,29.92823,-95.35495
6TA6,29.721900939941406,-95.52220153808594
72TX,29.562397,-95.091146
TA45,29.831323,-95.654937
TE11,29.569700241088867,-95.4376983642578
TS17,29.734174,-95.500342
TS26,29.746885,-95.417966
TS33,29.78219985961914,-95.41739654541016
TS34,29.789479,-95.609603
TS37,29.833327,-95.655931
TS82,29.75550079345703,-95.36160278320312
TS83,29.693026,-95.407582
TS93,29.762834,-95.32775
TX86,29.710335,-95.398533
XA13,29.752522,-95.456614
XA19,29.764372,-95.367433
XA20,29.784743,-95.454934
XA67,29.747806,-95.367672
XA76,29.72769927978516,-95.44719696044922
XS26,29.726900100708008,-95.4832992553711
04TE,29.699687,-95.39069
0TA5,29.61470031738281,-95.35489654541016
0TS6,29.716100692749023,-95.47689819335938
10TA,29.792200088500977,-95.63490295410156
1TA9,29.725500106811523,-95.42970275878906
7TX6,29.546899795532227,-95.01689910888672
7XS8,29.638095,-95.456963
7XS9,29.65019989013672,-95.46050262451172
80TA,29.791304,-95.444345
81XS,29.72909927368164,-95.4646987915039
83XS,29.674699783325195,-95.61830139160156
87TS,29.783606,-95.442603
8TS4,29.780707,-95.545169
97TA,29.92609977722168,-95.52359771728516
9TA9,29.85219955444336,-95.40850067138672
9TX0,29.657868,-95.319099
9XS8,30.0,-95.42579650878906
13M,42.604198,-83.858597
2MA2,42.32649993896485,-71.40950012207031
94OI,41.242804,-81.414902
FL32,28.362416,-82.688025
21WI,44.962399,-92.717795
CO78,39.138832,-103.474474
6XS1,29.994706,-95.276936
IA90,42.733022,-94.231147
NE55,40.162200927734375,-95.94190216064452
31NC,35.406792,-80.859071
II47,38.31729888916016,-86.95780181884766
4TN7,36.000099182128906,-88.4175033569336
64PA,40.494264,-78.009149
1NK9,40.88399887084961,-73.42289733886719
26II,40.86869812011719,-85.49530029296875
3WV2,38.37779998779297,-82.5167007446289
WV02,38.43119812011719,-82.40039825439453
WV27,38.410301208496094,-82.42829895019531
75CA,33.67779922485352,-118.0
9CA8,33.74720001220703,-118.03399658203124
9CL8,33.66170120239258,-118.06199645996094
CL38,33.563899993896484,-118.11799621582033
CL65,33.69499969482422,-118.0009994506836
02CA,33.58250045776367,-118.12899780273438
21CA,33.683833,-118.031778
2CA5,33.66230010986328,-118.04499816894533
1PA7,40.124298095703125,-75.03410339355469
AL36,34.72090148925781,-86.58059692382812
0AL0,34.68840026855469,-86.58889770507812
TE03,30.698218,-95.55797
MU49,39.55390167236328,-92.56739807128906
2NY3,41.99039840698242,-74.08760070800781
2OA3,41.409698486328125,-82.5967025756836
6TA8,32.79899978637695,-97.15059661865234
0TE2,32.80009841918945,-97.16699981689452
17TA,32.80099868774414,-97.17949676513672
18VA,37.10380172729492,-79.30110168457031
ID47,43.59709930419922,-116.78199768066406
KL87,33.004472,-93.892906
IA37,42.33890151977539,-95.45999908447266
1OK4,33.883319,-94.810602
ID18,43.47100067138672,-111.99199676513672
CD19,39.690799713134766,-105.50499725341795
7WA9,46.3026008605957,-124.04299926757812
IL67,38.12979888916016,-88.90480041503906
2MO3,39.09439849853516,-94.4352035522461
95OI,39.202598571777344,-84.30740356445312
OH70,39.18889999389648,-84.32990264892578
9CO4,39.63669967651367,-105.26699829101562
6NK6,43.76810073852539,-74.26329803466797
53PN,40.63010025024414,-79.11360168457031
PN32,40.6083984375,-79.1355972290039
PN42,40.625099182128906,-79.1498031616211
6II5,39.66809844970703,-86.09500122070312
81II,39.789369,-86.162489
8A4,39.765899658203,-86.148902893066
8II6,39.733377,-86.20471
8II7,39.7411994934082,-86.20970153808594
9IN1,39.647393,-86.080041
IG01,39.78369903564453,-87.18360137939453
IN06,39.788828,-86.161741
23IN,39.77690124511719,-86.18060302734375
27II,39.8650016784668,-85.997802734375
27IN,39.90800094604492,-86.19349670410156
48IN,39.8588981628418,-85.99829864501953
54IN,39.789364,-86.162171
IA71,41.35969924926758,-93.55909729003906
42CA,33.705854,-116.236761
10TX,27.8447,-97.2239
NK15,43.742801666259766,-74.76190185546875
1LS2,30.876566,-91.678408
LS31,29.60149955749512,-92.26010131835938
SD69,43.78332,-101.896261
MN83,48.59550094604492,-93.43180084228516
09I,48.60580062866211,-93.37079620361328
7LS4,29.794064,-92.146121
LA09,29.783667,-92.163133
1LA8,29.60110092163086,-92.26010131835938
26LS,29.797199249267575,-92.14330291748048
2LA1,29.68160057067871,-92.26399993896484
2LA3,29.824899673461918,-92.13289642333984
09Y,44.81660079956055,-93.0155029296875
WI64,44.506786,-89.134886
31LA,30.329583,-92.497022
1IA7,41.65999984741211,-91.54769897460938
IA92,41.66749954223633,-91.6001968383789
TS38,29.476600646972656,-95.4021987915039
4IA1,42.52470016479492,-93.24240112304688
05MA,42.691200256347656,-70.91230010986328
2MA3,42.66429901123047,-70.83979797363281
MA33,42.64189910888672,-70.82679748535156
10MN,46.4375,-93.9561004638672
31CA,33.69390106201172,-117.83200073242188
3CA2,33.67779922485352,-117.83699798583984
78CA,33.6598014831543,-117.76699829101562
CA85,33.683601,-117.852997
CL92,33.655253,-117.705844
0CL5,33.6706008911,-117.858001709
TE31,32.8362007141,-97.0
XA21,32.902801513671875,-96.95670318603516
94TS,32.8375015259,-96.9708023071
FA05,24.93490028381348,-80.60089874267578
16NJ,39.93730163574219,-74.13569641113281
24NK,40.78549957275391,-73.17539978027344
5NK5,40.8122,-73.175631
2MS1,33.235599517822266,-90.57749938964844
92WA,47.56010055541992,-122.08000183105467
WA71,47.53730010986328,-122.06099700927734
16MS,34.80670166015625,-88.20999908447266
MS73,34.752899169921875,-88.21839904785156
KIB,55.8974990845,-159.488998413
60B,45.633399963378906,-70.26619720458984
06MI,42.251025,-84.391319
1MN9,43.624831,-95.003987
CL21,38.34999847412109,-120.76300048828124
05MS,32.32973,-90.16273
1MS4,32.287899017333984,-90.2562026977539
4MS6,32.328429,-90.174025
MS07,32.38570022583008,-90.1873016357422
MS46,32.333349,-90.163861
MS91,32.324729,-90.165911
2NJ4,40.14619827270508,-74.43460083007812
NH21,44.14810180664063,-71.16809844970703
NH51,44.15589904785156,-71.15689849853516
TN05,35.636897,-88.830818
4TN8,35.68230056762695,-88.8551025390625
97WY,43.29930114746094,-110.7770004272461
98WY,43.30149841308594,-110.7760009765625
WY20,43.60219955444336,-110.7509994506836
58CN,39.462398529052734,-120.56600189208984
MD40,39.54949951171875,-76.56269836425781
8FL8,30.325192,-81.651297
FA41,30.44109916687012,-81.47730255126953
FA61,30.349533,-81.665481
FA65,30.289331,-81.601429
FD11,30.32382,-81.66744
FD58,30.25492,-81.583078
FD87,30.325752,-81.650906
35FL,30.308245,-81.690613
7FD4,30.316221,-81.664562
84IS,39.747743,-90.260396
45FD,30.272339,-81.39764
6NY5,40.70539855957031,-73.80460357666016
JY21,40.31650161743164,-74.49009704589844
4NK0,42.0900993347168,-79.23059844970703
WI85,42.619998931884766,-89.02790069580078
WS01,42.73749923706055,-89.0708999633789
WS40,42.68830108642578,-89.03260040283203
FA15,30.52330017089844,-82.95649719238281
0GA5,34.45479965209961,-84.28910064697266
AL63,33.84339904785156,-87.23390197753906
77IN,38.39390182495117,-86.94080352783203
FA16,30.949899673461918,-87.15080261230469
72OK,36.42238,-94.80418
83PA,40.31119918823242,-79.61029815673828
LS96,29.96765,-90.14298
3IA2,42.016700744628906,-94.38770294189452
TN40,36.57389831542969,-84.12969970703125
0MN3,46.67779922485352,-94.2925033569336
SC63,34.296600341796875,-81.31330108642578
77NJ,40.69319915771485,-74.05370330810547
91NJ,40.724423,-74.029738
05NJ,40.713385,-74.03203
27IL,39.11000061035156,-90.34369659423828
39GA,31.601375,-81.898524
XS32,31.34499931335449,-96.16500091552734
GE28,34.067405,-84.177461
22AR,36.1349983215332,-94.185302734375
9NY1,42.113927,-75.957742
TN57,36.4324989319,-82.29360198970001
TN91,36.307349,-82.386011
PS91,40.304500579833984,-78.92060089111328
7CO7,40.33806,-104.90381
1WA8,47.10981,-122.55709
6IS9,41.529122,-88.137063
IL98,41.479772,-88.058388
KHGT,35.9935,-121.237
41GA,33.538056,-84.346486
0LA8,32.252942,-92.718795
0AR5,35.83620071411133,-90.70179748535156
AR60,35.807603,-90.666472
TE14,30.402597,-97.961327
9CA4,34.131312,-116.275822
CL28,34.134168,-116.273929
2FL4,26.85580062866211,-80.07469940185547
39XS,30.49818,-99.781076
18AK,58.33219909667969,-134.4969940185547
5Z1,58.29890060424805,-134.4080047607422
73AK,58.59170150756836,-134.89999389648438
WI68,43.39550018310547,-88.64089965820312
59FL,26.85953,-80.058042
60FL,26.922671,-80.097511
WN84,46.561926,-118.545602
HI58,21.703852,-157.995384
5MI5,42.30730056762695,-85.55809783935547
9MI9,42.2869987487793,-85.5813980102539
MT28,48.213307,-114.324009
PA91,41.671191,-78.817911
10IL,41.12360000610352,-87.88529968261719
11IL,41.120718,-87.873075
10KS,39.056277,-94.608892
6KS9,39.1268997192,-94.7876968384
MU58,39.06420135498047,-94.52549743652344
MU67,39.012001037597656,-94.510498046875
0MO4,39.08530044555664,-94.57379913330078
3MO1,39.0457992554,-94.4974975586
3MO3,39.00809860229492,-94.55819702148438
5MO5,39.05080032348633,-94.5894012451172
72MU,39.28060150146485,-94.67130279541016
75MO,39.08250045776367,-94.57689666748048
7MO0,38.97499847412109,-94.39469909667967
MO05,39.08420181274414,-94.57420349121094
MO21,38.93610000610352,-94.60440063476562
MO63,39.252201080322266,-94.64610290527344
MO69,39.00609970092773,-94.57720184326172
6LA8,29.556900024414062,-92.44180297851562
93LA,30.008219,-92.297977
2LA9,29.885499954223636,-92.27239990234376
AK5,60.25559997558594,-151.30299377441406
6XS0,29.83370018005371,-95.8188018798828
99HI,21.079367,-156.97007
6NY6,41.68429946899414,-74.83159637451172
78NJ,40.42649841308594,-74.1404037475586
76NE,40.70750045776367,-99.0814971923828
NJ78,40.73699951171875,-74.0968017578125
14NH,42.94889831542969,-72.28970336914062
5CA9,38.977699,-122.718002
CN20,39.00299835205078,-122.7969970703125
WY67,41.789398193359375,-110.54199981689452
03AK,60.72722244262695,-151.13278198242188
23NC,34.964698791503906,-77.96170043945312
8IN6,41.44720077514648,-85.2957992553711
57TS,32.64459991455078,-97.19139862060548
LA12,30.010814,-90.239242
MU53,36.23590087890625,-90.04090118408203
PS17,39.8577995300293,-75.69640350341797
87WA,46.199343,-119.120221
WI82,42.5786018371582,-87.81950378417969
3WN3,42.5702018737793,-88.04560089111328
WI01,42.57059860229492,-87.93609619140625
3NA7,47.38610076904297,-98.71700286865234
05NH,42.92390060424805,-70.95140075683594
3WA7,47.41450119018555,-122.2300033569336
OH75,40.64950180053711,-83.59300231933594
0MY0,44.33390045166016,-92.94329833984376
3IA8,40.40721,-91.387968
41TE,30.018286,-99.11432
8K9,55.38959884643555,-131.73800659179688
9C0,55.38470077514648,-131.73800659179688
OL14,36.552978,-94.97045
1ID5,43.648538,-114.350085
ID30,43.774039,-114.408612
96OI,39.695406,-84.192222
WI83,44.45000076293945,-87.51090240478516
7FA0,24.58151,-81.742117
83CO,39.60419845581055,-105.95899963378906
96TA,32.373199462890625,-94.86830139160156
92TS,31.113265,-97.802541
LS45,29.992084,-90.467768
49VA,37.70489883422852,-76.38379669189453
09CA,36.205514,-121.132541
8WA8,47.51470184326172,-121.8280029296875
6PS2,40.089298248291016,-75.40799713134766
15TN,36.55160140991211,-82.51519775390625
1TN7,36.54790115356445,-82.52239990234375
1TN8,36.56679916381836,-82.5165023803711
3TN5,36.553643,-82.552815
09NY,41.92890167236328,-74.04889678955078
6NY8,41.97347,-73.997017
6NY9,41.920898,-73.999603
55NC,35.28969955444336,-77.58419799804688
09PN,40.5620002746582,-75.1427001953125
CO36,39.34389877319336,-104.46499633789062
3WA8,47.71611023,-122.1801682
MU92,40.192068,-92.590595
1MO1,38.56809997558594,-90.43399810791016
12FD,28.298854,-81.409872
19FD,28.275101,-81.336502
85FD,28.315393,-81.405979
FA48,28.339500427246094,-81.59539794921875
FD12,28.25029945373535,-81.3915023803711
KKB,58.190899,-152.369995
PN77,40.81689834594727,-79.56559753417969
81PN,40.81119918823242,-79.54810333251953
8PA5,40.81449890136719,-79.5062026977539
9OR3,42.252761,-121.786208
II44,41.28730010986328,-86.62249755859375
0IA0,41.31689834594727,-93.09600067138672
09TN,35.94169998168945,-83.94400024414062
0TN3,35.917598724365234,-84.1001968383789
0TN4,35.991209,-83.927278
0TN7,35.92359924316406,-84.09110260009766
0TN9,35.956199645996094,-83.93820190429688
20TN,36.0886001587,-83.84420013430001
AK74,57.807899475097656,-152.35400390625
75IN,40.480899810791016,-86.15809631347656
II56,40.4472999573,-86.12550354
1MS3,33.066799,-89.598501
CO74,40.0027999878,-106.452003479
LS94,30.532936,-91.750232
8FD9,26.75309944152832,-81.38510131835938
1FL9,26.746400833129883,-81.42859649658203
24CA,34.2047,-118.170998
CL66,34.197201,-118.174004
68WI,43.804088,-91.239807
84WI,43.7929992676,-91.2473983765
2KY9,38.39418,-85.376865
18IL,41.79699,-87.887281
8CO6,37.96139907836914,-103.5500030517578
42TA,29.7012996673584,-95.07830047607422
7IN5,41.610488,-86.72563
4P5,45.88330078125,-90.00019836425781
3LA2,30.280799865722656,-89.9542007446289
42WI,45.45439910888672,-91.11009979248048
28LS,30.1692008972168,-92.0625
36LA,30.1658000946,-92.05870056150002
4LA5,30.19070053100586,-92.00900268554688
76LA,30.202297,-92.019866
89LA,30.174900054900004,-92.0792999268
LS23,30.153398,-92.04629
IG06,40.48809814453125,-86.85189819335938
15II,40.33890151977539,-86.94080352783203
3II4,40.4197998046875,-86.86669921875
0CD6,39.970843,-105.08741
7PN2,40.07509994506836,-75.28299713134766
4LA6,29.49690055847168,-90.11810302734376
08II,41.645085,-85.426386
2IN,41.570202,-85.405296
GA33,33.03120040893555,-85.05580139160156
CA68,33.608584,-117.709225
1CA3,33.561392,-117.715341
58TS,31.79789924621582,-97.37969970703124
HI50,20.912204,-156.691287
8PA9,40.32569885253906,-74.99130249023438
13CA,34.235211,-117.154799
47CA,34.265462,-117.16779
29LS,30.207801,-93.265298
47LA,30.215411,-93.227035
5LA8,30.227132,-93.162577
LA27,30.223596,-93.131044
LA55,30.205156,-93.197735
LS58,30.180329,-93.250987
LS74,30.226900100708008,-93.19989776611328
LS81,30.11440086364746,-93.21209716796876
LS82,30.13719940185547,-93.18289947509766
2IA6,42.27000045776367,-94.7335968017578
1FL2,30.184455,-82.688302
86FL,30.193300247192383,-82.63009643554688
45IL,42.25415,-87.863559
71AZ,34.5099983215332,-114.34400177001952
AZ80,34.48109817504883,-114.33899688720705
13S,62.282901763916016,-146.5189971923828
2OG3,45.430999755859375,-122.6500015258789
30FA,27.320499420166016,-81.37049865722656
0MO7,38.80329895019531,-90.77629852294922
WA31,48.038587,-122.061139
AR61,33.305301666259766,-91.28919982910156
9FD0,27.945600509643555,-81.40339660644531
FA45,27.91634,-81.548982
42FD,26.610700607299805,-80.08760070800781
IS90,42.19860076904297,-88.11900329589844
3TA3,29.588451,-98.946197
40FD,28.01059913635254,-81.87899780273438
7FD7,28.062226,-81.954315
8FA0,28.10860061645508,-81.95870208740234
CL69,39.105098724365234,-122.90699768066406
90OR,42.1811152999,-120.351123512
3PS7,41.85810089111328,-75.44889831542969
50CL,33.8507995605,-118.133003235
0CD8,38.0710983276,-102.60900116
CL40,34.647984,-118.145229
21CL,34.70000076293945,-118.05899810791016
NH22,44.503700256347656,-71.56929779052734
SC31,34.7169,-80.789146
2PS4,40.0369987487793,-76.33769989013672
5PS1,40.047778,-76.30352
6PN2,40.06499862670898,-76.35060119628906
PA12,40.04230117797852,-76.38829803466797
08PN,40.0458984375,-76.28079986572266
9PS9,40.20220184326172,-74.92289733886719
PS71,40.20209884643555,-74.92289733886719
84VA,38.95289993286133,-77.15249633789062
2PS7,40.21680068969727,-75.16629791259766
95PN,40.250099182128906,-75.24960327148438
2PA9,40.20009994506836,-75.29959869384766
08MI,42.734474,-84.536046
09MI,42.708099365234375,-84.56079864501953
SN60,39.25,-94.90019989013672
LS57,30.072662,-90.513879
WY40,41.312425,-105.554606
60PN,40.3181870077,-79.934034586
FA06,27.89139938354492,-82.78929901123047
PS48,41.2645,-75.924897
NM77,32.291717,-106.735407
NV32,36.1875,-115.20400238
NV34,36.159752,-115.166088
NV38,36.130658,-115.161729
NV40,35.95000076293945,-115.16699981689452
NV53,36.162806,-115.168089
PA24,40.3203010559082,-79.39360046386719
NV75,35.151003,-114.592458
2NC9,34.75320053100586,-79.46839904785156
16MA,42.70980072021485,-71.15059661865234
IN94,39.111698150634766,-84.88410186767578
1LL1,38.728099823,-87.69470214840001
55GA,33.963522,-84.018293
4NJ4,40.28760147094727,-74.67539978027344
18OK,34.608303,-98.442081
UT44,41.09183,-111.99592
1MD5,39.19210052490234,-77.10659790039062
MY26,44.45330047607422,-93.91570281982422
3SD5,44.22740173339844,-103.77899932861328
01CO,39.24530029296875,-106.24600219726562
T95,29.488300323486328,-95.1073989868164
SN01,39.28279876708984,-94.88800048828124
OH80,39.43059921264648,-84.2833023071289
8OR1,44.551403,-122.908228
NH82,43.67670059,-72.270401
PS92,40.31539916992188,-76.40299987792969
04VA,36.898246,-82.078477
MU08,38.92219924926758,-94.40380096435548
MU90,38.95700073242188,-94.37660217285156
JY32,39.2412693832,-74.9513375759
34VA,39.07720184326172,-77.47640228271484
3FD2,28.8083,-81.866997
LA49,29.105607,-90.191312
4LA1,29.107475,-90.194387
4LA4,29.221099853515625,-90.21790313720705
PA99,40.83263,-75.727088
PN60,40.83769989013672,-75.69719696044922
56KY,37.471900939941406,-86.28780364990234
6IS2,41.672156,-88.006368
55TN,35.82609939575195,-84.27079772949219
0MA2,42.54090118408203,-71.76280212402344
17MA,42.50479888916016,-71.77839660644531
6IA0,40.7505989074707,-93.73580169677734
7MD5,38.30009841918945,-76.63719940185547
MD02,38.30149841308594,-76.63680267333984
DE08,38.78150177001953,-75.1052017211914
5PS7,40.97930145263672,-76.88580322265625
WV31,37.83369827270508,-80.43669891357422
ME95,44.103232,-70.215096
ID37,46.41320037841797,-117.01699829101562
5PN6,40.617801666259766,-77.56749725341797
MT31,47.05799865722656,-109.44000244140624
XA59,33.044145,-97.005358
12PS,39.72380065917969,-75.88140106201172
KHMY,35.02640151977539,-97.23159790039062
1KY4,38.017631,-84.511948
37KY,38.030586,-84.508214
49KY,37.96369934082031,-84.37020111083984
88KY,38.032901763916016,-84.52519989013672
8VA7,37.779356,-79.441172
8MO2,39.266700744628906,-94.43360137939452
02IS,42.274600982666016,-87.9572982788086
94OH,40.73949813842773,-84.12159729003906
OH83,40.73619842529297,-84.08740234375
OH84,40.77119827270508,-84.1061019897461
6NE5,40.83330154418945,-96.56829833984376
NE60,40.80780029,-96.63079834
20NE,40.79610061645508,-96.6521987915039
47NE,40.789648,-96.698291
1MA8,42.419656,-71.309323
OR93,44.986276,-123.994141
NJ82,40.63619995117188,-74.23429870605469
NJ83,40.60010147094727,-74.19960021972656
5TN8,35.59510040283203,-87.8561019897461
8IS8,42.4130480418,-88.0567127466
23OK,34.838891,-97.626911
6MN4,45.39720153808594,-92.83159637451172
PN51,41.66669845581055,-80.41649627685547
2MD7,39.21120071411133,-76.6718978881836
IN17,39.04029846191406,-87.12999725341797
98NC,36.118099,-81.860603
14WV,38.4006004333,-79.99579620360001
PS72,40.06480026245117,-75.61129760742188
4IL0,39.160542,-89.665877
73IL,39.181366,-89.640291
2NH2,42.85490036010742,-71.47370147705078
MN65,45.119802,-94.529851
6GA3,33.778099060058594,-84.61139678955078
4PA2,40.15230178833008,-76.30580139160156
NK14,42.04090118408203,-74.83679962158203
2N7,40.850101,-74.032898
03SC,33.8650016784668,-78.66190338134766
WN57,46.924800872802734,-123.01000213623048
5AR5,34.744495,-92.38053
5AR6,34.65679931640625,-92.40460205078124
6AR3,34.748107,-92.320215
6AR7,34.739540100097656,-92.39276123046876
AR29,34.749942,-92.320148
AR45,34.750433,-92.340699
AR62,34.742698669433594,-92.293701171875
AR90,34.73649978637695,-92.50879669189452
2MA4,42.54930114746094,-71.47260284423828
NH92,44.31740189,-71.82649994
72NC,36.51100158691406,-77.8915023803711
0CD9,39.603099823,-105.091003418
2CO6,39.58689880371094,-105.16899871826172
9CO1,39.55609893798828,-105.16200256347656
CO16,39.57640075683594,-104.98699951171876
9FL9,30.29129981994629,-83.00399780273438
ME12,44.38779830932617,-70.25450134277344
08NJ,40.76259994506836,-74.30400085449219
2MI2,42.42779922485352,-83.40409851074219
45TS,30.583499908447266,-98.80870056152344
1LL9,39.6776008605957,-89.80509948730469
4PA4,41.132176,-77.470891
3OK3,36.105098724365234,-95.23519897460938
21OH,41.0359001159668,-82.01429748535156
8CL7,38.122408,-121.28675
11WN,43.35419845581055,-89.57119750976562
IN96,40.76359939575195,-86.36109924316406
CA00,34.455299377441406,-120.64700317382812
CL67,34.494998931884766,-120.7030029296875
CL68,34.469200134277344,-120.68199920654295
OA09,39.893268,-83.452507
17NH,42.82389831542969,-71.36499786376953
76CA,38.139856,-120.094662
30CL,33.808741,-118.186728
3CL3,33.777801513671875,-118.1999969482422
42L,33.76470184326172,-118.1999969482422
50CA,33.780949,-118.186094
CA99,33.807162,-118.144573
35M,30.388599395751957,-89.16529846191406
46LL,42.16109848022461,-87.98609924316406
6MI9,44.41529846191406,-83.92919921875
08PA,41.055358,-75.512039
NJ27,40.84650039672852,-74.8041000366211
0CO0,40.181606,-105.124774
1CD0,40.142799377441406,-105.00299835205078
4WA3,46.130362,-122.940205
3XS6,32.500151,-94.731034
MY83,46.98659896850586,-94.12439727783205
13Z,55.601299,-131.636993
5SC5,34.05889892578125,-78.89830017089844
35CA,34.057766,-118.208096
3CA6,34.061962,-118.352146
3CL1,34.054704,-118.23636
3CL5,34.037200927734375,-118.25800323486328
3CL7,34.036324,-118.443555
43L,34.18330001831055,-118.447998046875
44CN,34.059059,-118.443818
46CL,34.039611,-118.261704
4CA0,34.044014,-118.247303
4CA1,34.047704,-118.254116
4CA9,33.970101,-118.277622
55CN,34.07780075073242,-118.26000213623048
58CA,34.054500579833984,-118.22899627685548
5CL6,34.052882,-118.23923
62CA,34.053668,-118.253183
6CA0,34.050686,-118.242663
6CA9,34.0649986267,-118.443000793
70CA,34.062597,-118.432328
84CA,34.073808,-118.377595
84CL,34.060798645,-118.417999268
87CL,34.051544,-118.256949
8CL5,34.23360061645508,-118.58699798583984
98CA,34.046872,-118.445127
9CA5,34.04029846191406,-118.25599670410156
CL00,34.061623,-118.201585
CL08,34.049326,-118.253676
CL12,34.063769,-118.272503
CL31,34.05149841308594,-118.24299621582033
CL32,34.050972,-118.265542
CL49,34.046641,-118.261814
CL50,34.04785,-118.444923
CL54,34.033279,-118.451849
CN25,34.052762,-118.255854
CN39,34.06217,-118.288073
0CA2,34.049778,-118.456257
0CL7,34.054901,-118.264967
22CN,34.103466,-118.279366
23CL,34.06144,-118.228068
29CL,34.097338,-118.291039
2CA6,34.049393,-118.259336
0O0,37.05830001831055,-121.1259994506836
TN32,35.77080154418945,-84.31310272216797
76NH,43.3583984375,-71.44120025634766
NH59,43.365097,-71.459469
NH74,43.34090042114258,-71.47090148925781
91KY,38.21060180664063,-82.60600280761719
8MO6,39.440719,-91.065612
11KY,38.11589813232422,-85.83609771728516
22KY,38.20280075073242,-85.76969909667969
26KY,38.24760055541992,-85.74330139160156
41KY,38.250187,-85.750839
43KY,38.26309967041016,-85.71019744873047
97KY,38.243900299072266,-85.48889923095703
CO45,39.952439,-105.151289
5CO2,40.41227,-105.05118
9OH3,39.28340148925781,-84.29769897460938
5VA3,37.75680160522461,-78.8958969116211
5VA1,37.79180145263672,-79.88259887695312
1MA4,42.60929870605469,-71.32170104980469
FA19,26.680599212646484,-80.8405990600586
0XA6,33.45000076293945,-101.93900299072266
74TS,33.573871,-101.899118
TA79,33.63949966430664,-101.88999938964844
TS66,33.57687,-101.890233
XA25,33.603854,-101.916402
XA63,33.0890007019043,-96.59210205078124
00MI,43.94940185546875,-86.41670227050781
4MA7,42.19150161743164,-72.45010375976562
XA14,31.336456,-94.744095
27SC,34.229400634765625,-80.68219757080078
LS97,29.92959976196289,-90.35399627685548
CD27,38.66249847412109,-78.4677963256836
1MD0,38.39179992675781,-76.40799713134766
FD06,28.18090057373047,-82.45559692382812
MN90,43.672815,-96.209938
CT78,41.35150146484375,-72.3551025390625
50VA,37.41740036010742,-79.17250061035156
29NH,42.88840103149414,-71.73780059814453
4CA4,33.930301666259766,-118.2030029296875
0WA0,47.982898712158,-122.03800201416
46IL,40.4500007629,-90.6668014526
29OI,41.81700134277344,-81.06900024414062
21II,38.739200592041016,-85.38159942626953
WI93,43.06560134887695,-89.40180206298828
WI94,43.125932,-89.33966
WS27,43.075801849365234,-89.43289947509766
WS52,43.059129,-89.402404
NE62,41.84360122680664,-97.41699981689452
60KY,37.34280014038086,-87.48750305175781
OG35,44.6386317938,-121.1202389
09AR,33.27320098876953,-93.23989868164062
PA37,40.820899963378906,-76.16210174560547
MN25,47.3119010925293,-95.9738998413086
JY12,41.10430145263672,-74.16400146484375
CA50,34.045201,-118.695034
CL10,34.04169845581055,-118.85299682617188
CL72,34.0620002746582,-118.64700317382812
1CA9,34.083302,-118.867996
03AR,34.357601165771484,-92.78849792480467
1LA7,30.64249992370605,-92.41780090332033
38NJ,39.69929885864258,-74.23429870605469
NJ89,39.72087,-74.28312
27VA,38.76580047607422,-77.48780059814453
2VG6,38.76079940795898,-77.62969970703125
52VA,38.75979995727539,-77.50640106201172
66VA,38.753700256347656,-77.49749755859375
4KY2,37.16249847412109,-83.76190185546875
33MA,42.55979919433594,-70.77230072021484
34MA,42.57630157470703,-70.73889923095703
91FD,26.761499404907227,-80.07060241699219
6NK3,40.76940155029297,-73.7052993774414
7NY3,40.77790069580078,-73.7051010131836
3KS6,39.20180130004883,-96.60079956054688
62CN,33.89699935913086,-118.38300323486328
WI96,44.09489822387695,-87.67510223388672
3MN6,44.163951,-93.983215
63VA,37.2509994506836,-77.82140350341797
SC09,33.68709945678711,-80.21119689941406
TX58,32.58679962158203,-97.18329620361328
0XA9,32.567223,-97.095596
1OI0,40.8047981262207,-82.51129913330078
30OH,40.75699996948242,-82.55020141601562
31OH,40.77310180664063,-82.56269836425781
41OI,40.75260162353516,-82.5281982421875
48OI,40.773399353027344,-82.60179901123047
LS98,31.560699462890625,-93.47209930419922
10FL,24.710399627685547,-81.09449768066406
2FD5,24.73430061340332,-81.0186996459961
75MU,39.72919845581055,-92.94439697265624
6NK9,43.17720031738281,-75.22779846191406
28FD,30.787313,-85.240914
FL53,30.734600067138672,-85.18489837646484
16GA,33.885101318359375,-84.46269989013672
42GA,33.980899810791016,-84.56330108642578
56GA,33.96760177612305,-84.5510025024414
OH85,39.43170166015625,-81.46430206298828
OH89,39.44039916992188,-81.44259643554688
CA79,33.984297,-118.450175
20MI,42.71206,-82.588502
59MI,42.690411,-82.561502
4WN6,45.07279968261719,-87.61820220947266
6OI4,40.57120132446289,-83.12909698486328
20OI,40.569801330566406,-83.12020111083984
58IS,37.72370147705078,-88.95700073242188
5IL6,37.742645,-88.992469
NC33,35.662439,-82.029419
LS67,31.14379,-92.062029
58MA,42.361698150634766,-71.50890350341797
MA50,42.32619857788086,-71.57620239257812
3MA1,42.356201171875,-71.55509948730469
4LA7,29.8929,-90.094968
9MO2,39.11249923706055,-93.18910217285156
1VA4,38.93709945678711,-77.81919860839844
6IA8,42.04859924316406,-92.9072036743164
WS98,44.67720031738281,-90.17970275878906
3MA9,41.64039993286133,-70.40779876708984
PA15,40.775001525878906,-75.14140319824219
54PA,40.23619842529297,-78.3052978515625
WV05,39.415035,-77.913129
WV48,39.475645,-77.979519
40VA,36.699846,-79.866259
WA43,48.04199981689453,-122.22599792480467
3OA9,40.229400634765625,-83.3677978515625
8OH2,40.28089904785156,-83.50409698486328
SN30,39.847801208496094,-96.63500213623048
8IS9,38.73699951171875,-89.9468002319336
MO70,40.326974,-94.876878
14CT,41.484699,-71.9729
WV35,39.02230072021485,-82.02349853515625
4PN3,39.86650085449219,-79.95059967041016
NK75,44.93669891357422,-74.90969848632812
35OH,40.81869888305664,-81.52369689941406
OA06,40.80580139160156,-81.5156021118164
OH10,40.778099060058594,-81.53459930419922
02TA,28.722177,-95.875813
CD49,39.17689895629883,-103.87999725341795
IL43,39.492801666259766,-88.41220092773438
21IL,39.48889923095703,-88.27330017089844
3OI8,41.5561,-83.682099
WN02,43.78229904174805,-90.07579803466795
OI83,41.51839828,-81.43479919
2MA5,42.42789840698242,-71.45760345458984
MA91,42.418399810791016,-71.44730377197266
IA88,41.704200744628906,-90.46820068359376
4WA7,47.05899810791016,-123.26000213623048
AR63,33.6184005737,-91.3923034668
MN61,46.7169,-93.210197
8IL7,42.37110137939453,-88.24700164794922
5TN1,36.137186,-88.488534
TE66,33.2140007019043,-96.63269805908205
0IL0,38.086700439453125,-88.53890228271484
13OK,34.936199,-95.748901
MS47,31.250873,-90.474547
16Z,62.9580001831,-155.593002319
MN75,46.7582016,-93.28230286
5IS8,42.317015,-88.280017
AL95,31.273182,-88.012408
OG38,45.198914,-123.166381
45CO,40.20550155639648,-104.97599792480467
45PA,41.64120101928711,-80.1458969116211
6PN3,41.5973014831543,-80.1709976196289
4PN6,40.15010070800781,-77.03299713134766
OR99,42.317975,-122.831751
0OR0,42.338804,-122.86282
7NJ0,39.80149841308594,-74.75959777832031
JY15,39.891499,-74.811302
12WI,45.13589859008789,-90.3563003540039
6PS4,39.912899017333984,-75.43160247802734
NY90,43.22309875488281,-78.39810180664062
9NA2,46.89360046386719,-99.29229736328124
FD00,25.8273399639,-80.3424784541
4CO5,40.04140090942383,-107.91100311279295
CD50,40.150001525878906,-107.86699676513672
92FD,28.218299865722656,-80.68419647216797
3FD3,28.087799072265625,-80.61370086669922
13LL,41.9088890358,-87.87408247590001
14LL,41.91138164349999,-87.843619287
7L9,30.694299697875977,-91.74639892578124
14TN,35.126399993896484,-90.07140350341797
27TN,35.2494010925293,-90.01580047607422
28TN,35.12670135498047,-89.86190032958984
2TN0,35.14179992675781,-90.02680206298828
3TN1,35.23400115966797,-89.89289855957031
8TN0,35.000099182128906,-90.03369903564453
TN25,35.13679885864258,-90.01840209960938
TN28,35.17539978027344,-90.04450225830078
TN29,35.137298583984375,-90.0542984008789
NJ93,40.54729843139648,-74.34130096435547
WS21,43.16389846801758,-88.1395034790039
WN25,44.883805,-91.900894
2IG5,41.171556,-86.042816
WI08,43.25650024414063,-87.92569732666016
PN27,41.27479934692383,-80.27729797363281
NJ94,39.95009994506836,-75.04959869384766
16NH,43.60419845581055,-71.51249694824219
NH77,43.62536,-71.56541
CT95,41.53340148925781,-72.80979919433594
MS32,32.36819839477539,-88.69889831542969
0OR2,42.13320159912109,-123.45099639892578
9KS2,38.99580001831055,-94.69110107421876
43II,41.45230102539063,-87.31890106201172
II57,41.4634017944336,-87.32360076904297
NH41,42.81700134277344,-71.50530242919922
NH53,42.83089828491211,-71.51090240478516
08AZ,33.417669,-111.838835
63AZ,33.495937,-111.639826
AZ81,33.47309875488281,-111.72699737548828
AZ92,33.411399841308594,-111.68699645996094
2NV3,36.837922,-114.050432
7TX3,32.79180145263672,-96.5635986328125
2TA2,32.77939987182617,-96.6010971069336
TA94,32.71120071411133,-96.55750274658205
TS64,32.708499908447266,-96.560302734375
LS85,30.012774,-90.181945
6WA7,48.91849899291992,-117.41600036621094
18MA,42.72779846191406,-71.16829681396484
PAMM,55.131001,-131.578003
0OR4,44.61650085449219,-121.26799774169922
GA32,32.407555,-82.065178
MO47,39.17276,-91.878973
84K,55.739601,-132.255005
8OK8,36.87198,-94.88113
0FA0,25.81734,-80.340416
0FD2,25.960055,-80.240248
25FA,25.7929,-80.204803
2FA0,25.69569969177246,-80.38140106201172
64FL,25.7818835202,-80.37752352650001
71FL,25.807396283800003,-80.341912508
9FA8,25.66699981689453,-80.33309936523438
FA76,25.7409301,-80.294641
FL94,25.7682331637,-80.34499235450001
FL98,25.826578,-80.333485
FL93,25.81450080871582,-80.14119720458984
23FA,25.824588,-80.12246
OH31,39.50419998168945,-84.24739837646484
1FD6,29.546348,-82.287279
IN24,41.705897,-86.9011
81TA,29.55660057067871,-98.92949676513672
MA60,41.89400100708008,-70.91500091552734
71FD,30.07390022277832,-81.81580352783203
37OH,41.371141,-81.831367
CT25,41.556934,-73.124328
CT45,41.55339813232422,-73.09819793701172
58OI,41.461700439453125,-81.08540344238281
59OI,41.45019912719727,-81.05079650878906
65KY,36.605721,-83.739415
6MA4,42.5973014831543,-70.97029876708984
5TN2,35.03340148925781,-88.89309692382812
0IA9,40.83340072631836,-91.30010223388672
3IL4,40.13140106201172,-89.59320068359375
PS14,40.14400100708008,-76.72329711914062
2NY6,41.37200164794922,-74.50769805908203
0CT6,41.5968017578125,-72.70449829101562
CT98,41.554841,-72.64614
MI28,43.59230041503906,-84.22440338134766
12AL,31.416064,-85.463591
32XS,32.46149826049805,-97.00869750976562
OL15,35.47090148925781,-97.3927993774414
53PA,40.92060089111328,-76.99140167236328
6TN6,35.91279983520508,-88.75360107421875
ME58,44.53900146484375,-67.88420104980469
1MT5,46.39459991455078,-105.8290023803711
03NH,42.81539916992188,-71.12439727783203
34NH,42.814701080322266,-71.66110229492188
NH94,42.80780029296875,-71.68579864501953
JY37,40.57500076293945,-75.07499694824219
CT46,41.234500885009766,-73.03179931640625
CT47,41.230098724365234,-73.03790283203125
MA46,42.13069915771485,-71.48419952392578
22CA,37.878893,-122.512697
KJMC,37.87852,-122.51297
4NK7,41.831326,-73.659353
7NY5,41.782816,-73.752704
4MA3,42.19179916381836,-71.76950073242188
6GA6,33.02320098876953,-83.20099639892578
70B,45.728381,-68.844486
5MA5,42.19010162353516,-71.356201171875
MA71,42.15510177612305,-71.38619995117188
2P5,39.36899948120117,-75.07350158691406
4NC1,36.529598236083984,-79.30169677734375
8NY2,41.68479919433594,-73.99349975585938
94FD,30.633689,-87.066178
WS03,43.06169891357422,-87.87920379638672
0WI0,42.98889923095703,-87.95149993896484
NK37,40.741798400878906,-73.64399719238281
VA74,38.04570007324219,-77.78140258789062
XA26,32.798819,-98.146192
88TS,32.83855,-98.062463
9MN4,44.967184,-93.23745
MN10,44.954521,-93.260202
MY65,44.97123,-93.23055
44IL,41.53919982910156,-88.32489776611328
52IS,41.387088,-88.265889
2ND4,48.23199844360352,-101.29199981689452
3FL7,30.379072,-86.305332
3CA8,34.280109,-118.461186
CA55,33.560797,-117.666192
2MT3,46.86989974975586,-113.99099731445312
MT23,46.872100830078125,-114.0009994506836
MT44,46.855499267578125,-114.05899810791016
TS86,29.562700271606445,-95.56410217285156
SD92,43.69829940795898,-98.02149963378906
UT04,38.600197,-109.573679
UT38,38.542062,-109.519831
UT72,38.584352,-109.566789
MU50,39.41249847412109,-92.46209716796876
AL52,30.707988,-88.098475
5OR1,45.14120101928711,-122.62100219726562
I04,41.459999084472656,-90.4928970336914
IS97,41.46810150146485,-90.53079986572266
IL96,41.385101318359375,-87.72029876708984
LL01,40.921607,-90.659007
5PA5,40.18230056762695,-79.91000366210938
GA38,33.78319931,-83.71790314
2NC2,34.96770095825195,-80.52369689941406
LS30,32.44918,-92.107537
07LS,32.51825,-91.989093
54PN,40.42729949951172,-79.74749755859375
02PA,40.438301,-79.769997
1AL6,31.497800827026367,-87.32109832763672
73NJ,41.3116666667,-74.764
2MN3,44.955137,-95.711496
IS74,41.71699905395508,-88.35919952392578
WV36,38.13869857788086,-81.27760314941406
1AL7,32.377498626708984,-86.29830169677734
AL11,32.32749938964844,-86.27660369873047
AR85,33.62009811401367,-91.82599639892578
30KY,36.81949996948242,-84.86740112304688
07NY,42.66640090942383,-74.76499938964844
3NK1,41.708723,-74.736359
NY30,41.67002,-74.75852
16ID,42.316554,-111.299479
CD47,38.480098724365234,-107.86900329589844
6CO8,38.4660987854,-107.873001099
61CO,39.08580017089844,-104.90299987792967
IN22,39.60369873046875,-86.44170379638672
5II4,39.589500427246094,-86.3905029296875
82CA,34.281799,-118.904542
3MN2,46.44070053100586,-92.77549743652344
80PA,41.36899948120117,-75.67739868164062
MN43,45.8744010925293,-93.28990173339844
NC80,34.716800689697266,-76.69969940185547
1OI4,41.44089889526367,-81.44319915771484
CA28,33.913023,-117.196526
42LA,29.708624,-91.200909
5LA2,29.69056,-91.20095
5LA3,29.687757,-91.193933
5LA5,29.7005,-91.194298
9LA4,29.686899185180664,-91.17179870605467
LS47,29.66270065307617,-91.12840270996094
92NC,35.72740173339844,-81.65370178222656
04WV,39.6536111111,-79.9561111111
WV51,39.65010070800781,-79.95809936523438
AR65,35.167598724399994,-92.7220993042
LL04,41.370119,-88.42731
0NJ4,40.94070053100586,-74.46150207519531
JY13,40.81399917602539,-74.47319793701172
1CO1,39.6692008972168,-105.22000122070312
5LL9,41.80937,-89.957368
7NJ5,40.789369,-74.465786
0NJ2,40.75289916992188,-74.43990325927734
72TN,36.21599960327149,-83.30079650878906
VT18,44.55419921875,-72.52729797363281
OH58,39.33369827270508,-84.13880157470703
IS42,40.6239013671875,-89.37310028076172
WA51,47.12860107421875,-119.26399993896484
AL86,34.484081,-87.284882
MN80,44.914398193359375,-93.6884994506836
WV44,39.92919921875,-80.76509857177734
67IS,38.4213981628418,-87.76950073242188
0NJ3,39.96680068969727,-74.79959869384766
56NJ,40.00680160522461,-74.8635025024414
NJ97,39.956094,-74.919714
JY02,40.89680099487305,-74.71910095214844
AL24,33.6776,-86.8703
2IA3,40.96200180053711,-91.55989837646484
P99,40.1083984375,-79.54810333251953
PA29,40.145301818847656,-79.55059814453125
2TS1,33.175463,-94.97081
6PN4,41.08919906616211,-75.31559753417969
CD52,38.74530029296875,-106.1999969482422
WV25,39.23149871826172,-79.21869659423828
0WA5,48.37929916381836,-122.28800201416016
6IS4,38.32229995727539,-88.91059875488281
75IL,38.312198638916016,-88.93609619140625
8TE5,33.176086,-95.235412
93TA,33.0601005554,-95.157699585
75B,44.49169921875,-69.99120330810547
WS82,45.12670135498047,-88.44329833984375
42AR,36.33325,-92.3874
5AR9,36.34173,-92.39892
18ID,43.13890075683594,-115.69400024414062
2AR3,35.856201171875,-92.08290100097656
9FL6,27.86639976501465,-81.96939849853516
7PS5,41.21060180664063,-76.77330017089844
IN28,41.549607,-87.50664
AR66,34.049800872802734,-93.68409729003906
TN06,35.84669876098633,-86.37969970703125
5NC4,35.07310104370117,-83.96690368652344
NC53,35.07929992675781,-84.02490234375
IS38,37.765899658203125,-89.32510375976562
89PA,40.46620178222656,-79.62809753417969
8IA0,41.4336013794,-91.0541992188
AL53,34.74620056152344,-87.67639923095703
8MI6,43.238806,-86.203597
94OK,35.75183,-95.406365
OK33,35.782491,-95.355666
1PS3,40.36119842529297,-76.32469940185547
OG62,43.023314,-123.281311
NC88,35.98270034790039,-75.65129852294922
78Z,61.685001373291016,-149.97999572753906
5CT1,41.508399963378906,-73.03730010986328
19MA,41.285099029541016,-70.14969635009766
CN14,38.32386,-122.297165
5WA6,46.549800872802734,-122.85099792480467
LL11,41.76060104370117,-88.15029907226562
FD97,26.151028,-81.797769
3ME8,43.994998931884766,-70.64129638671875
5ME,43.9546012878418,-70.59110260009766
99TS,33.19820022583008,-94.6812973022461
LS48,29.9570999146,-91.0336990356
15NH,42.708333,-71.458333
NH42,42.73680114746094,-71.48149871826172
2LL8,38.338726,-89.392299
0AR8,33.94884,-93.88024
TN33,36.10169982910156,-86.75830078125
TN34,36.129253,-86.842928
TN35,36.14139938354492,-86.80280303955078
TN55,36.09310150146485,-86.65470123291016
TN60,36.14120101928711,-87.86199951171875
TN84,36.2084007263,-86.67919921880001
TN92,36.19169998168945,-86.80829620361328
2TN6,36.153953,-86.802022
7TN2,36.15359878540039,-86.80889892578125
9TN0,36.17779922485352,-86.6082992553711
NK28,42.48149871826172,-73.56289672851562
7LA8,31.752241,-93.077885
5MA7,42.30839920043945,-71.38169860839844
MA56,42.30500030517578,-71.37529754638672
MA57,42.28340148925781,-71.36620330810547
MA58,42.2865243967,-71.3606858253
7PS6,40.61899948120117,-79.73780059814453
PS26,40.63479995727539,-79.74420166015625
PN65,40.639198303222656,-79.693603515625
38CO,38.21860122680664,-108.2760009765625
52FD,30.40239906311035,-86.8666000366211
7TA1,30.39240074157715,-96.07749938964844
PS74,40.80289840698242,-75.33910369873047
6PS5,40.72679901123047,-75.31990051269531
13PS,40.739200592041016,-75.33390045166016
06NE,40.68000030517578,-95.86170196533205
20MA,42.304154,-71.227058
WS35,44.186168,-88.454443
2VG4,37.88769912719727,-78.86190032958984
10MU,36.865843,-94.369848
40NJ,40.48619842529297,-74.73570251464844
1IA5,42.017493,-93.453026
35MO,37.81669998168945,-94.30020141601562
MO20,37.831887,-94.360564
2MS0,34.538299560546875,-89.01329803466797
41IN,38.30030059814453,-85.83580017089844
61MI,42.679643,-82.750381
4MA4,41.621485,-71.014225
5MA6,41.626568,-70.93863
99NC,35.21440124511719,-77.11810302734375
NC57,35.11539840698242,-77.06379699707031
19NH,42.978194,-71.693806
28NH,42.9369010925293,-71.66950225830078
NH46,42.97980117797852,-71.69560241699219
TE60,29.716011,-98.124186
MY33,45.07690048217773,-93.20439910888672
0CT3,41.661598205566406,-72.78790283203125
CT49,41.667598724365234,-72.8322982788086
00NJ,40.52090072631836,-74.47460174560547
0NJ9,40.477298736572266,-74.40789794921875
1NJ0,40.47679901123047,-74.40879821777344
1NJ1,40.47930145263672,-74.43460083007812
1NJ2,40.4739990234375,-74.48400115966797
1NJ4,40.51679992675781,-74.46630096435547
9NJ4,40.495813,-74.449972
1MD6,38.94620132446289,-76.86830139160156
19II,39.94309997558594,-85.36470031738281
3PN4,41.012685,-80.35172
41PN,40.9901008605957,-80.33869934082031
NH68,43.47999954223633,-71.17019653320312
1CT2,41.30379867553711,-72.93579864501953
WV72,38.96379852294922,-81.92400360107422
NK0,42.81029891967773,-76.31079864501953
LA43,30.04520034790039,-91.88150024414062
LA72,30.007400512695312,-91.79399871826172
15LS,29.944700241088867,-91.83709716796876
2LA2,29.98969,-91.784559
31LS,30.03420066833496,-91.8643035888672
37LS,30.03019905090332,-91.87210083007812
5LA7,30.054285,-91.883738
72PN,40.22790145874024,-77.0886001586914
LL12,41.500301361083984,-87.34140014648438
NJ62,39.890098571777344,-74.58209991455078
WV20,39.681186,-80.848705
WV37,39.63589859008789,-80.87039947509766
K6Y2,41.567632,-73.460259
6LA0,29.953501,-90.009499
6LA3,30.028439,-89.975604
LA80,29.968299865722656,-90.18229675292967
LA93,29.916927,-90.127931
LS24,29.926818,-90.093226
LS65,29.981599807739254,-90.28260040283205
FL30,28.235162,-82.722374
70MY,44.60329818725586,-93.52220153808594
46WI,45.1176986694336,-92.5561981201172
WI35,45.21580123901367,-92.57270050048828
LS06,30.68320083618164,-91.46119689941406
MY84,44.31269836425781,-94.47550201416016
5II6,38.59479904174805,-85.44519805908203
3NV3,39.25910186767578,-119.75499725341795
6N6,40.84590148925781,-73.81620025634766
NK39,40.712239,-74.001703
NY22,40.5905,-73.8805
42OI,40.0994987487793,-82.46540069580078
74OI,40.0609016418457,-82.44319915771484
01NJ,40.739956,-74.136128
0NJ7,40.737818,-74.118655
0NJ8,40.70230102539063,-74.15070343017578
1JY1,40.733508,-74.159124
1JY3,40.73640060424805,-74.17720031738281
NJ35,40.70199966430664,-74.13240051269531
NJ87,40.7408471,-74.1908417
NJ92,40.73590087890625,-74.1771011352539
DE26,39.687564,-75.667069
1OR1,45.35540008544922,-122.9459991455078
OG55,45.30820083618164,-122.93699645996094
6OH8,41.50170135498047,-81.2593002319336
SC73,34.29090118408203,-81.60669708251953
IN59,37.94499969482422,-87.42449951171875
96CL,34.157704,-118.917802
MA98,42.81449890136719,-70.89089965820312
1NJ6,41.054483,-74.431959
WA34,48.671895,-121.252213
CT22,41.66070175170898,-72.72840118408203
0WA7,47.77690124511719,-117.08399963378906
21GA,33.3926010132,-84.817199707
VT19,44.949501037597656,-72.19950103759766
VT70,44.95640182495117,-72.19950103759766
WN32,48.18190002441406,-117.04900360107422
AR92,35.609766,-91.26446
7TN8,35.977500915527344,-83.22640228271484
7TN9,35.957801818847656,-83.29609680175781
2RI7,41.504909,-71.310511
75RI,41.480371,-71.297117
RI21,41.48820114135742,-71.3279037475586
RI24,41.45589828491211,-71.30509948730469
8OR9,44.627876,-124.059329
3CA1,33.626399993896484,-117.8769989013672
14CA,33.625182,-117.930799
8VA8,37.1431999206543,-76.51219940185547
VG04,37.2140007019043,-76.45359802246094
54VA,37.06539916992188,-76.48380279541016
86VA,36.99990081787109,-76.42469787597656
5IA0,41.704200744628906,-93.05159759521484
6LL7,38.98949813842773,-88.17639923095703
7NJ3,41.057212,-74.770181
JY36,41.03670120239258,-74.84719848632812
31PA,39.99789810180664,-75.41519927978516
PS19,39.9922981262207,-75.41020202636719
NK57,43.11949920654297,-78.93589782714844
NK77,43.09389877319336,-79.05120086669922
NK80,43.08890151977539,-79.06230163574219
6FL5,30.534214,-86.496778
27PA,40.65140151977539,-78.82720184326172
1AK5,60.738876,-151.311613
0MN4,46.47719955444336,-94.3031005859375
85CO,40.11249923706055,-105.16200256347656
35XS,33.778492,-97.73256
IS27,38.30139923095703,-89.2936019897461
5GA8,33.912899017333984,-84.20939636230469
78B,45.65420150756836,-68.94950103759766
NCL,36.92509841918945,-76.30439758300781
NE68,42.03409957885742,-97.45269775390624
IL25,40.49639892578125,-88.99079895019531
7OK6,35.22919845581055,-97.439697265625
0PA1,40.11819839477539,-75.40129852294922
7PN3,40.15010070800781,-75.34960174560547
32MA,42.708035,-73.110328
2MA7,41.95840072631836,-71.32640075683594
07NJ,40.793666,-73.994863
ME57,43.35900116,-70.73529816
CT54,41.33570098876953,-72.79070281982422
7NJ4,40.4422988892,-74.50460052490001
85NJ,40.4468002319336,-74.4937973022461
08NH,44.0612983704,-71.1358032227
NH70,44.0431,-71.157222
NH85,44.033401,-71.1462
MA51,41.63819885253906,-71.03890228271484
CT55,41.3672981262207,-72.88009643554688
83MO,39.14939880371094,-94.55130004882812
NV61,36.218791,-115.133528
OI76,40.985502,-80.693522
77ME,44.43339920043945,-70.21620178222656
UT22,41.774732,-111.821594
05FD,25.960899353027344,-80.13919830322266
FL87,25.91699981689453,-80.1498031616211
OI43,41.40340042114258,-81.908203125
4NE3,41.10499954223633,-100.74400329589844
84FD,27.04610061645508,-82.23629760742188
24TS,32.826401,-97.212797
TE65,32.85919952392578,-97.2300033569336
UT39,40.859211,-111.935141
NK40,41.112805,-73.862833
07II,39.01060104370117,-85.64080047607422
26PN,40.21680068969727,-75.27880096435547
PN44,40.21609878540039,-75.27999877929688
ME59,44.20309829711914,-69.60749816894531
2NJ2,38.989628,-74.800276
49NC,36.15919876098633,-81.15779876708984
99NJ,39.37570190429688,-74.53569793701172
26NY,40.92509841918945,-73.30619812011719
CA86,34.220016,-118.532554
59VA,36.94200134277344,-82.643798828125
75VA,36.933588,-82.642708
83L,33.91360092163086,-118.072998046875
CT79,41.144471,-73.42854
5CT4,41.112105,-73.422541
CT93,41.54209899902344,-72.09230041503906
CD54,38.29999923706055,-108.18399810791016
CD55,38.09999847412109,-106.28399658203124
6OH2,41.44729995727539,-81.27570343017578
6MI4,42.45000076293945,-83.46990203857422
7MI0,42.51390075683594,-83.4894027709961
9MI7,42.4900016784668,-83.46520233154297
75OR,43.8801994324,-117.008003235
70IS,41.841400146484375,-87.9927978515625
77IS,41.8480987549,-87.9443969727
CD80,40.23329925537109,-106.9010009765625
3WA5,48.25830078125,-122.66699981689452
OH72,38.89590072631836,-82.57710266113281
16PN,40.3966825974,-80.15811681750002
1NJ8,41.03340148925781,-74.23290252685547
3MD2,39.41320037841797,-79.40119934082031
7CL1,37.836169,-122.266741
1FL6,29.27389907836914,-82.15029907226562
3FL3,29.193300247192383,-82.17510223388672
FL49,29.169700622558597,-82.14949798583984
FL68,29.10580062866211,-82.09089660644531
3MD3,38.311500549316406,-75.12049865722656
36CL,33.185298919677734,-117.29100036621094
FL21,30.46299934387207,-81.61509704589844
76FL,28.550512,-81.52729
30W,44.95190048217773,-87.80840301513672
22WI,44.8650016784668,-88.12840270996094
9WA2,47.331446,-118.682299
9FL4,28.193424,-82.620376
IA57,42.67390060424805,-91.90180206298828
NE14,41.1505012512207,-101.72000122070312
UT16,41.182899,-111.955002
PS10,39.885398864746094,-79.50749969482422
6CL5,34.40755,-119.16907
26FL,27.259106,-80.829104
3OK4,35.478368,-97.52245
41OK,35.563145,-97.488636
42OK,35.547298431396484,-97.49559783935548
50OK,35.423432,-97.533192
77OK,35.503044,-97.468178
8OK9,35.45059967041016,-97.53500366210938
99OK,35.4648017883,-97.6042022705
9OK0,35.49201,-97.49724
9OK1,35.481196,-97.502711
OK19,35.53101,-97.578024
OL16,35.60471,-97.60095
37CO,38.56719970703125,-107.99600219726562
CT57,41.3047981262207,-72.37169647216797
CT99,41.29069900512695,-72.37899780273438
0FL3,29.60280036926269,-82.98169708251953
FD80,29.505800247192383,-82.98390197753906
5NK4,42.09170150756836,-78.42780303955078
KOY,57.161499,-154.229996
MD58,39.12720108,-77.02249908
8LL4,38.7374992371,-88.07730102539999
0WN4,46.9640007019043,-122.89199829101562
WN12,47.14929962158203,-122.87000274658205
WN58,47.043399810791016,-122.95099639892578
IS30,41.523636,-87.709705
40PA,41.45899963378906,-75.58100128173828
55NE,41.2406005859375,-96.02950286865234
58NE,41.25920104980469,-96.04080200195312
61NE,41.255001068115234,-95.97859954833984
NE28,41.35689926147461,-96.04889678955078
NE46,41.25419998168945,-96.06700134277344
NE71,41.32220077514648,-96.02110290527344
9WA5,48.397229,-119.547837
MN94,46.073001861572266,-93.6624984741211
2IA8,42.0264015198,-96.1063995361
5OR6,44.0256114696,-116.975815594
3AL2,32.639198303222656,-85.4021987915039
1CL4,33.788562,-117.890416
4CA5,33.781502,-117.865598
CL55,33.828505,-117.790578
5CT2,41.25260162353516,-72.99569702148438
3FL2,28.915082,-81.285213
SC64,33.538551,-80.830016
7MI1,42.572175,-83.395066
21MI,42.571982,-83.390558
OI44,41.63245,-83.482912
1OR8,45.33480072021485,-122.59700012207033
1OR9,45.357601,-122.585999
UT78,40.312933,-111.714455
81CL,37.92129898071289,-122.1959991455078
0FL7,28.610300064086918,-81.41940307617188
3FD5,28.523125,-81.380196
89FL,28.529199600219727,-81.48090362548828
91FL,28.47920036315918,-81.36759948730469
FD28,28.525176,-81.377165
FD36,28.541224,-81.279941
FD41,28.38149,-81.515508
ID66,46.48659896850586,-116.25
8MN0,44.20159912109375,-92.4834976196289
O06,39.56660079956055,-121.46800231933594
CN26,39.96206,-121.277534
8OH1,40.83259963989258,-81.76210021972656
AR67,35.699849,-89.976719
6IA9,41.026100158691406,-93.76799774169922
WS50,44.02370071411133,-88.52279663085938
IA34,41.30049896240234,-93.62989807128906
2II7,40.89250183105469,-85.20500183105469
NK78,41.187813,-73.86817
NK90,41.14725,-73.86931
MA23,41.62730026245117,-70.39969635009766
24WA,46.82609939575195,-119.16899871826172
LL25,41.358195,-88.824964
3IA6,41.028900146484375,-92.39070129394533
94CO,38.08470153808594,-107.70099639892578
SN35,38.91059875488281,-94.65019989013672
SN54,38.936905,-94.725906
98FD,28.71689987182617,-81.23310089111328
NK49,42.102442,-76.222945
9NY3,42.098944,-76.22401
9MO8,38.35559844970703,-91.50240325927734
OR83,44.81650161743164,-116.85900115966795
61OI,39.512567,-84.741944
9OA2,39.582801818847656,-84.76270294189453
5NJ1,40.80619812011719,-74.9905014038086
0MS3,34.347801208496094,-89.51899719238281
2CL6,34.216615,-119.15733
AL87,31.45159912109375,-85.63189697265625
KPAI,34.257917,-118.41109
01KY,37.051700592041016,-88.64689636230469
25KY,37.07509994506836,-88.62560272216797
3AZ3,36.917137,-111.463758
2NV8,36.191349,-115.986368
23OI,41.70669937133789,-81.2748031616211
44OI,41.7947998046875,-81.14510345458984
TS43,28.7164,-96.214273
23LL,42.16780090332031,-88.02649688720703
30FL,29.643512,-81.692906
1CO6,39.0848,-108.219509
7NY7,41.01911,-73.91819
2FL7,27.9242000579834,-80.61370086669922
1FD7,26.832799911499023,-80.14340209960938
87FD,26.828694,-80.085369
61FD,29.479293,-81.190502
26CN,34.486768,-118.115913
2D3,61.62770080566406,-149.23899841308594
92AK,61.56290054321289,-149.25900268554688
99Z,61.60649871826172,-149.2779998779297
9AK1,61.63090133666992,-149.23199462890625
33IN,38.44309997558594,-86.05780029296875
3IA7,42.101898193359375,-91.777099609375
15CA,37.435195,-122.174588
20IL,41.66913,-87.812392
66CN,33.76060104370117,-118.38800048828124
LL29,39.37889862060547,-89.08439636230469
27FD,30.270423,-85.524241
36FD,30.19379997253418,-85.66130065917969
4FD4,30.18490028381348,-85.7499008178711
4FD5,30.134899139404297,-85.73410034179688
70FD,30.23889923095703,-85.55780029296875
8FL4,30.157805,-85.649642
99FD,30.2113,-85.691597
FA20,30.20800018310547,-85.67579650878906
FA34,30.207999,-85.82924
0FD1,30.213844,-85.871916
65FD,30.198345,-85.828555
5PS2,40.04399871826172,-75.4999008178711
CD56,39.417486,-108.1001
AR95,36.050899505615234,-90.49819946289062
8LL5,39.607106,-87.675941
8LL6,39.60340118408203,-87.71219635009766
XA60,33.659698486328125,-95.54650115966795
TN46,36.2958984375,-88.30280303955078
TN76,36.30839920043945,-88.2958984375
71IL,42.038192,-87.84777
AZ47,34.137032,-114.284924
CD31,39.547547,-104.76993
5WV5,39.280119,-81.552082
WV38,39.26539993286133,-81.58599853515625
WV73,39.33810043334961,-81.44290161132812
43NJ,40.45289993286133,-74.31289672851562
62OI,41.382258,-81.731973
CD57,40.13330078125,-106.16699981689452
XS38,29.66101,-95.201908
3MS4,30.33839988708496,-88.57360076904297
MS02,30.348800659179688,-88.47810363769531
MS19,30.354900360107425,-88.49140167236328
MS72,30.376100540161133,-88.53109741210938
MS78,30.32939910888672,-88.50830078125
MS87,30.370500564575195,-88.55699920654297
18WA,46.375,-119.20600128173828
WN81,46.252705,-118.878503
0MS6,30.301300048828125,-89.2344970703125
8NJ3,40.90290069580078,-74.13289642333984
85B,46.10419845581055,-68.56199645996094
OL00,34.691574,-97.211024
78OK,36.673853,-96.325276
13NK,41.59749984741211,-73.53150177001953
5NK7,41.59450149536133,-73.55599975585938
5NK8,41.52690124511719,-73.58059692382812
9OK2,36.33340072631836,-96.80030059814452
UT35,40.044291,-111.715391
MA49,42.54119873046875,-70.92759704589844
AZ12,36.10829925537109,-113.21299743652344
55VA,37.322186,-80.723133
NY47,41.07749938964844,-74.02469635009766
66TA,29.590499877929688,-95.28299713134766
7TA2,29.56329917907715,-95.24970245361328
89XS,29.5851993560791,-95.30359649658205
TS45,29.57659912109375,-95.33300018310548
03TX,29.580929,-95.30508
TE98,28.8972,-99.117203
6LA7,29.53770065307617,-92.30290222167967
5IL1,42.346099853515625,-89.2864990234375
IS58,42.30720138549805,-89.36250305175781
2NK4,41.27748,-73.940418
36NH,42.700801849365234,-71.37110137939453
NH93,42.76290130615234,-71.31529998779297
PEC,57.9552,-136.235992
7IA9,41.41249847412109,-92.90989685058594
NH33,43.195899963378906,-71.47730255126953
FA21,26.014299392700195,-80.3114013671875
9PN9,40.84700012207031,-75.2437973022461
NE02,42.10609817504883,-96.71109771728516
46OR,45.6426010131836,-118.80899810791016
7B1,40.775299072265625,-89.6759033203125
IL04,40.70059967041016,-89.59480285644531
2IS1,40.75059890749999,-89.5944976807
LL36,40.76250076293945,-89.6167984008789
LL37,40.7016983032,-89.5932006836
2AZ2,33.568678,-112.228051
3OI9,41.47639846801758,-81.46600341796875
06MA,42.69060134887695,-71.60900115966797
8NJ7,40.94309997558594,-74.29070281982422
NM07,34.83060073852539,-106.677001953125
0PA9,40.33340072631836,-75.21630096435547
39CL,33.787899017333984,-117.2300033569336
OK38,36.288304,-97.300243
PYL,60.6852989197,-147.919006348
68OI,41.56480026245117,-83.60990142822266
6MO5,37.732219,-89.866024
22JY,40.54059982299805,-74.25689697265625
43I,40.70370101928711,-85.93250274658203
IS49,41.329200744628906,-89.12370300292969
97IN,38.49589920043945,-87.28250122070312
63A,56.811298,-132.960007
16WI,46.12160110473633,-89.12100219726562
PS16,40.11040115356445,-75.08290100097656
PS28,40.03570175170898,-75.01629638671875
PS55,39.9584007263,-75.19129943850001
PS75,39.91260147094727,-75.13990020751953
1MS1,32.756061,-89.106336
04PA,39.87929916379999,-75.2287979126
05PA,39.9548,-75.178201
10PN,39.93069839477539,-75.24410247802734
12PN,40.007112,-75.216197
1PA1,40.00960159301758,-75.21379852294922
1PA2,40.006884,-75.12522
1PS5,39.948211,-75.19389
1PS6,40.06959915161133,-74.98210144042969
1PS7,39.957616,-75.163833
2PN8,39.936798095703125,-75.15049743652344
2PS9,40.03680038452149,-75.14350128173828
36PA,39.9901008605957,-75.13050079345703
56PN,39.9197998046875,-75.19660186767578
9PA6,40.03340148925781,-75.24960327148438
9PA8,39.94896,-75.158688
9PA9,39.98789978027344,-75.26069641113281
P72,39.93730163574219,-75.14129638671875
PA03,39.949766,-75.193085
PA62,40.00556,-75.150379
MT67,46.32989883422852,-113.29499816894533
5NJ7,40.702598571777344,-75.1780014038086
93NJ,40.69649887084961,-75.1677017211914
JY16,40.7400016784668,-75.0905990600586
0AZ0,33.481187,-112.03976
0AZ6,33.482963,-112.079301
1AZ4,33.44258,-112.099222
3AZ4,33.665905,-112.115325
4AZ5,33.845123,-112.269823
5AZ2,33.40689849853516,-112.0719985961914
64AZ,33.448863,-112.081039
AZ02,33.454181,-111.983753
AZ07,33.442718,-112.149135
AZ20,33.591873,-111.978047
AZ24,33.52479934692383,-112.10199737548828
AZ29,33.47560119628906,-112.2239990234375
AZ30,33.48529815673828,-112.0749969482422
AZ33,33.425624,-112.029682
AZ41,33.4833984375,-112.06999969482422
AZ48,33.464972,-112.057782
AZ62,33.577801,-112.121003
AZ88,33.70309829711914,-112.06999969482422
AZ94,33.52140045166016,-112.0199966430664
AZ95,33.639277,-111.996522
AZ98,33.56950378417969,-112.07115936279295
AZ99,33.47919845581055,-112.04199981689452
P18,33.472,-111.963997
3TN7,35.724300384521484,-83.63929748535156
5TN3,35.738399505615234,-83.60659790039062
6TN0,35.790401458740234,-83.60679626464844
AR73,36.38980102539063,-90.2020034790039
62KY,37.470988,-82.522003
65NC,36.34830093383789,-80.4542007446289
3IL6,38.08330154418945,-89.31999969482422
13AR,34.187599182128906,-92.01789855957033
NK95,41.320899963378906,-74.50430297851562
4FD6,26.6067008972168,-82.11090087890625
0NC2,35.204973,-79.458234
95FL,27.875600814819336,-82.68930053710938
NC55,35.102798,-80.953887
18LA,31.37507,-92.391287
9LA5,31.32085,-92.4407
2NJ7,40.55009841918945,-74.48770141601562
02NJ,40.55730056762695,-74.46710205078125
27NJ,39.74819946289063,-75.12799835205078
XA27,33.03242,-94.960779
SN50,37.38029861450195,-94.6852035522461
42PN,40.45090103149414,-80.00060272216797
46PA,40.48949813842773,-79.89450073242188
5PS3,40.46649932861328,-79.95279693603516
6PN6,40.38330078125,-80.30000305175781
83PN,40.4632987976,-80.00460052490001
PA16,40.4551010131836,-79.94029998779297
PN23,40.43529891967773,-79.98509979248047
PN26,40.378425,-80.065362
PN78,40.44200134277344,-79.99530029296875
PN79,40.009498596191406,-80.0000991821289
PN80,40.46200180053711,-79.9448013305664
PS04,40.347801208496094,-80.05809783935547
PS78,40.4422988892,-79.9600982666
IS44,39.6072998046875,-90.81400299072266
21MA,42.45539855957031,-73.20230102539062
ME72,45.883399963378906,-69.98280334472656
12JY,40.604587,-74.921538
7CA7,33.86109924316406,-117.88200378417967
08CA,38.695211,-120.826086
CD59,38.016700744628906,-108.0510025024414
41FD,26.89579963684082,-82.24169921875
2II4,39.71120071411133,-86.3855972290039
93NH,43.525001525878906,-72.3582992553711
NH19,43.54309844970703,-72.35230255126953
NH29,43.58200073242188,-72.2031021118164
MT78,47.468299865722656,-114.88899993896484
JY09,40.33399963378906,-74.6167984008789
TX59,33.073299407958984,-96.14749908447266
35TA,33.0434989929,-96.83719635010002
49TS,33.0723,-96.808899
6TS5,33.073688,-96.814195
6TS9,33.022833,-96.766564
1TS4,33.068501,-96.801399
LA45,30.261346,-91.246122
SD87,43.3843994140625,-98.83560180664062
85NM,31.914499282836918,-108.53399658203124
9LL7,39.87730026245117,-89.92459869384766
WN97,42.563713,-87.923815
4CA3,37.70830154418945,-121.89299774169922
11NJ,40.64070129394531,-74.66419982910156
PN61,40.5260009765625,-79.8187026977539
2NH4,43.75749969482422,-71.69560241699219
NH87,43.7338981628418,-71.6791000366211
0NC3,35.87519836425781,-76.69969940185547
57WI,43.74440002441406,-87.9677963256836
52II,41.33890151977539,-86.26329803466797
07MA,41.91699981689453,-70.70950317382812
1MA0,41.940135,-70.6472
MA78,41.91790008544922,-70.62779998779297
MY20,45.06389999389648,-93.44860076904295
AR53,36.289249,-90.996319
6PN7,41.10029983520508,-75.58080291748047
AK37,61.247469,-150.032178
WV58,38.86899948120117,-82.1218032836914
67CN,38.76449,-120.54829
71CA,38.76020050048828,-120.53600311279295
K98L,34.051886,-117.791988
JY28,39.479614,-74.53925
28FA,26.278245,-80.122025
51MI,42.6161003112793,-83.35600280761719
LL42,40.87110137939453,-88.68060302734375
MU29,36.77399826049805,-90.43190002441406
PAAP,56.246799,-134.647995
26WA,48.115491,-123.41327
7WA1,48.0968017578125,-123.48300170898438
WN37,48.1106,-123.323996
XA80,27.846726,-97.063127
XS45,27.715900421142575,-97.1729965209961
8XS4,29.91904,-93.88634
5XS1,29.90896,-93.923545
90XS,29.38330078125,-94.77349853515624
0TA9,29.39109992980957,-94.76409912109376
FA01,26.993659,-82.095235
2OH1,41.50559997558594,-82.93270111083984
3MS0,32.013999938964844,-91.0521011352539
73MI,42.98680114746094,-82.42919921875
NK45,40.94649887084961,-73.06089782714844
NK67,40.94042,-73.05316
NY08,41.37699890136719,-74.6760025024414
7TS5,28.625657,-96.682745
XS87,28.44499969482422,-96.44830322265624
19P,56.3288,-133.610001
13JY,40.64440155029297,-74.24530029296875
PN70,40.53570175170898,-77.37960052490234
FL22,27.288434,-80.292856
4LA0,29.46269989013672,-89.70279693603516
7WA2,48.10979843139648,-122.79299926757812
PPWR,56.381001,-134.651001
8WI4,43.39640045166016,-87.87650299072266
7N3,40.83760070800781,-73.71620178222656
9NY8,40.84230041503906,-73.70120239257812
2II5,41.637001037597656,-87.15229797363281
8IN5,41.54669952392578,-87.18440246582031
01ME,46.778900146484375,-68.50029754638672
87B,46.76029968261719,-68.48079681396484
OG11,45.532808,-122.667229
2OR9,45.516277,-122.674849
34OR,45.528198,-122.612
3OR0,45.49599838256836,-122.64800262451172
3OR4,45.57979965209961,-122.65799713134766
7OR5,45.5430206012,-122.670512795
9OR5,45.513215,-122.558599
9OR6,45.4991281091,-122.685334682
9OR9,45.55820083618164,-122.53500366210938
5TN5,36.61809921264648,-86.55919647216797
4TA7,27.881375,-97.274043
CT92,41.62289810180664,-72.60060119628906
29RI,41.54219818115234,-71.23609924316406
ID20,47.733001708984375,-117.0
60PA,40.243514,-75.611233
6PS9,40.6786994934082,-76.23490142822266
91PN,40.69039917,-76.19219971
PS95,40.68619918823242,-76.21019744873047
NK96,41.71856,-73.928587
01NY,41.692415,-73.93683
9NY9,41.6572827552,-73.935649395
83Q,47.734001159668,-122.64700317383
1CL5,32.996067,-117.055539
WY04,44.76079940795898,-108.77899932861328
6OH5,40.16249847412109,-83.05419921875
18WI,44.0880012512207,-88.92539978027344
8LA8,30.306939,-90.904135
72AZ,34.70819854736328,-112.33399963378906
AZ70,34.627201080322266,-112.30899810791016
IA96,43.088299,-95.623901
0MD9,38.560846,-76.595979
IS67,41.367801666259766,-89.45680236816406
44TA,33.124968,-96.52221
07TX,33.20998,-96.46039
WV45,37.36259841918945,-81.11370086669922
13NJ,40.3651008605957,-74.58290100097656
3NJ2,40.34180068969727,-74.71630096435547
3NJ3,40.370399475097656,-74.58599853515625
3NJ4,40.33340072631836,-74.63289642333984
8NJ2,40.32210159301758,-74.64790344238281
2OR2,44.31230163574219,-120.83799743652344
77OR,44.2790217965,-120.902110934
MY34,44.73939895629883,-93.3957977294922
0CT4,41.50619888305664,-72.9397964477539
5PS8,40.19649887084961,-75.17680358886719
RI15,41.82540130615234,-71.41010284423828
RI25,41.810191,-71.409504
UT51,40.24800109863281,-111.66600036621094
90AK,70.490086,-148.698669
7OK3,36.308794,-95.304025
OK84,36.29650115966797,-95.30580139160156
CO71,38.280799865722656,-104.61399841308594
2CO7,38.23360061645508,-104.6230010986328
05NY,43.55199813842773,-76.09020233154297
1PS8,40.96120071411133,-79.00080108642578
OK75,35.02840042114258,-97.3656005859375
23WA,47.0825996399,-122.347000122
7WA8,47.17900085449219,-122.28900146484376
PS80,40.36930084228516,-75.39710235595703
17PA,40.44179916381836,-75.32460021972656
AZ38,33.258248,-111.518639
0MD7,38.9093017578125,-76.11969757080078
4MA8,42.28089904785156,-71.03730010986328
72CA,39.98320007324219,-120.95099639892578
CL94,39.9402530925,-120.962026119
29FD,30.568119,-84.548915
0IS8,39.936012,-91.398659
9WA1,47.230501,-119.867674
XA50,32.797133,-95.443831
7LA2,29.703216,-90.564659
LS71,29.72800064086914,-90.59429931640624
WS53,42.73059844970703,-87.82689666748047
1WI4,42.70840072631836,-87.79170227050781
28VA,37.18479919433594,-80.52559661865234
68VA,37.09109878540039,-80.51000213623047
26SD,44.02750015258789,-103.28700256347656
2PN9,40.04710006713867,-75.35769653320312
7NJ8,40.60940170288086,-74.26000213623047
3OR7,46.033199310302734,-123.11799621582033
1MS7,31.99959945678711,-89.51950073242188
0NC4,35.786800384521484,-78.58580017089844
2NC3,35.779598236083984,-78.67420196533203
3NC2,35.732111,-78.628722
7CA8,33.7641,-116.4049
4CL1,33.613399505615234,-117.59100341796876
MD60,39.3590011597,-76.7816009521
1WI5,43.51499938964844,-88.95259857177734
18CO,40.0807991027832,-108.8040008544922
CD62,39.58330154418945,-108.95099639892578
CD63,40.116427,-108.950633
3MI9,45.903900146484375,-86.97029876708984
OI86,41.176399231,-81.2492980957
WV39,38.95199966430664,-81.77320098876953
WY68,41.787357,-107.26075
57MN,48.40679931640625,-92.66680145263672
ME09,43.93009948730469,-70.4531021118164
45NH,42.985198974609375,-71.17829895019531
15PN,40.375099182128906,-75.9384994506836
1PN2,40.26390075683594,-75.92220306396484
96PN,40.3317985534668,-75.95659637451172
PN20,40.36759948730469,-75.93299865722656
PS60,40.30009841918945,-75.90380096435547
78IS,38.20970153808594,-89.99669647216797
MT99,45.17770004272461,-109.25399780273438
IA91,41.02719879150391,-95.2147979736328
97MN,44.559342,-92.572757
06GA,33.75339889526367,-84.16210174560547
H77,40.757598876953125,-122.322998046875
2CL4,40.522098541259766,-122.3040008544922
7CA3,40.572242,-122.396637
CN46,40.59820175170898,-122.33200073242188
SD45,44.87120056152344,-98.52120208740234
62OR,44.32170104980469,-121.19300079345705
1WA1,47.64699935913086,-122.08699798583984
81WA,47.68539810180664,-122.13600158691406
WA38,47.6841,-122.14139
WN91,47.67430114746094,-122.0739974975586
WS54,43.550063,-89.992173
79OR,43.694801330566406,-124.13800048828124
85VA,37.85359954833984,-76.24669647216797
1TS7,28.313600540161133,-97.04550170898438
0MA3,41.786224,-71.231437
25NY,40.80009841918945,-72.69950103759766
NV57,39.525248,-119.795741
NV58,39.53295,-119.818379
NV78,39.5009994506836,-119.7519989013672
10II,40.934997,-87.138159
8WA2,47.49589920043945,-122.20099639892578
8WA3,47.44150161743164,-122.21399688720705
WN82,48.6526985168457,-118.7300033569336
VA54,38.976200103759766,-77.32669830322266
8CA4,34.104739,-117.351691
MN36,45.68619918823242,-94.1999969482422
12GE,31.73080062866211,-81.35970306396484
II66,40.75139999389648,-85.9175033569336
15TS,32.98680114746094,-96.69750213623048
WA89,46.28169,-119.281236
WN77,46.464298248291016,-119.34100341796876
30VA,37.09460067749024,-81.82099914550781
0VA6,37.49599838259999,-77.46219635010002
37VA,37.570278,-77.502778
60VA,37.60490036010742,-77.54139709472656
6VA3,37.51461,-77.525963
8VA0,37.547937,-77.43038
9VA8,37.64879989624024,-77.58499908447266
VG02,37.654598236083984,-77.58219909667969
VG17,37.423749,-77.448411
TE69,29.576292,-95.771569
4TA9,29.627500534057617,-95.76940155029295
1KY0,37.676700592041016,-84.23300170898438
WV78,38.220001220703125,-80.53469848632812
8NJ8,39.74430084228516,-75.15879821777344
CD65,37.68330001831055,-108.01699829101562
CA77,35.640365,-117.672034
CL15,35.614653,-117.668257
NJ00,40.84590148925781,-74.02870178222656
PS13,39.85929870605469,-75.3196029663086
CO85,39.53390121459961,-107.77200317382812
CO87,39.52780151367188,-107.71900177001952
CD66,39.70000076293945,-107.95099639892578
14NJ,39.0092469445,-74.8879516125
2TN1,35.744112,-89.548606
WV54,37.77190017700195,-81.93280029296875
WN94,47.12149810791016,-118.37200164794922
8WI9,44.86529922485352,-92.60279846191406
49GA,33.579722,-84.388229
CA78,33.980641,-117.375628
CA81,33.982958,-117.375982
CA91,34.008073,-117.343801
WY24,43.034082,-108.420033
32FD,27.90439987182617,-82.38330078125
VA55,37.36489868164063,-79.90059661865234
VG47,37.25210189819336,-79.94979858398438
2AL2,33.15729904174805,-85.38880157470703
NC51,36.436798095703125,-77.64610290527344
3PA7,40.339663,-78.389907
MY77,45.014554,-93.320308
35LL,39.015899658203125,-87.75
IL41,41.92829895019531,-89.0635986328125
83NY,43.12369918823242,-77.64969635009766
99MN,44.019798278808594,-92.48310089111328
MN56,44.0182991027832,-92.45179748535156
MA65,41.77180099487305,-70.87310028076172
5MI9,42.6603012085,-83.1555023193
SC04,34.958,-81.05033
0IS0,41.48109817504883,-90.57140350341795
5IA8,43.4239006042,-96.1719970703
WY49,41.585978,-109.234572
8IA1,43.201215,-96.283547
1MU1,36.66669845581055,-93.154296875
MY86,45.15079879760742,-93.73999786376952
LL82,42.30220031738281,-89.08180236816406
LL83,42.29908,-89.099818
LL84,42.26950073242188,-89.00340270996094
09IS,42.26499938964844,-89.07430267333984
1IS7,42.29949951171875,-89.06929779052734
ME76,44.143133,-69.085411
34FA,28.25189971923828,-80.66889953613281
8FD4,28.334695,-80.723363
22MA,42.63619995117188,-70.61869812011719
1MD7,39.098367,-77.197608
CT26,41.64870071411133,-72.66339874267578
CT28,41.65840148925781,-72.64759826660156
VG46,36.993298,-79.889996
0NC5,35.91889953613281,-77.78919982910156
AR36,36.332989,-94.13202
6TN2,36.40039825439453,-83.018798828125
76IS,42.0584947372,-88.01926240319999
II92,41.74169921875,-86.58360290527344
MI57,42.79309844970703,-83.0261001586914
0CL9,33.741100311299995,-117.151000977
UT61,40.33610153198242,-110.33999633789062
W49,48.645699,-122.867996
8NY1,41.98754,-74.9331
1SD7,43.25749969482422,-100.8499984741211
6VA6,37.76319885253906,-78.97889709472656
LL95,41.9863448836,-88.1004622579
6CA2,34.050056,-118.081087
CL75,34.052168,-118.080602
23GA,33.989498138427734,-84.33209991455078
GA57,34.0292,-84.35783
04TS,30.553284,-97.605358
XA11,32.917273,-96.508468
60MA,42.73429870605469,-70.86740112304688
32MI,42.51503,-83.194095
4MI5,43.00699996948242,-82.60130310058594
NM19,33.35150146484375,-105.66300201416016
ID53,42.62099838259999,-113.685997009
9II5,39.622512,-85.443218
4AR0,35.2836990356,-93.1504974365
7CA9,38.46189880371094,-122.41500091552734
4NJ2,40.82929992675781,-74.12039947509766
39NC,35.324582,-81.946798
VT16,43.6598014831543,-72.9928970336914
VT61,43.59809875488281,-72.95500183105469
TS48,29.712726,-93.858892
6IA1,42.41939926147461,-94.9792022705078
3CL0,38.554831,-121.455491
CN11,38.55110168457031,-121.45099639892578
1CL6,38.547698974609375,-121.37999725341795
36FL,28.0428,-82.707377
FD07,27.98699951171875,-82.71869659423828
1AZ3,32.830014,-109.564335
7TS1,32.863061,-97.397822
10MI,43.425969,-83.939356
1MU9,38.93529891967773,-90.47650146484376
MO44,38.780809,-90.485443
MY87,45.574292,-94.169348
LA96,30.7609,-91.3386
0MU2,38.77692,-90.24151
2MU1,38.6349983215332,-90.26110076904295
2MU0,37.968692,-90.054243
MO40,37.659898,-91.570607
2KY2,37.262994,-88.227639
86IN,38.61330032348633,-86.10690307617188
5IL9,38.642323,-88.94889
48NJ,39.561500549316406,-75.4791030883789
4NJ3,39.61959838867188,-75.4384994506836
NH06,42.80339813232422,-71.18280029296875
13VG,37.307899475097656,-80.10009765625
1VA2,37.263231,-80.029439
64OI,40.9822998046875,-80.95790100097656
97OI,40.900551,-80.833427
OG37,44.93349838,-123.0350037
00OR,44.932899475097656,-123.12999725341795
3OR5,44.86009979248047,-123.03800201416016
51OR,44.99959945678711,-122.97699737548828
9OR2,44.86819839477539,-123.02300262451172
AR68,36.38309860229492,-91.8102035522461
6CO9,38.53279876708984,-105.98999786376952
5CL4,36.697493,-121.634556
NC46,35.683418,-80.490748
MD49,38.362299,-75.597324
67ID,45.173791,-113.891423
UT19,40.767515,-111.861894
UT21,40.772644,-111.83722
UT31,40.763403,-111.890702
UT33,40.724700927734375,-111.97599792480467
UT45,40.77688217163086,-111.8869171142578
UT55,40.778192,-111.879515
UT64,40.686152,-111.856205
UT98,40.72560119628906,-111.93399810791016
CA25,38.19071,-120.669215
03TS,31.4658,-100.43397
09XS,29.433000564575195,-98.49220275878906
2XA6,29.43470001220703,-98.41780090332033
36TA,29.553191,-98.492577
50TS,29.459849,-98.331971
TE23,29.51110076904297,-98.5886001586914
8XS7,29.35110092163086,-98.52359771728516
KMDA,29.4312992096,-98.3777999878
XS81,29.426847,-98.499151
XS83,29.507652,-98.571306
XS84,29.361299514770508,-98.44920349121094
XS85,29.508919,-98.58022
5CA1,35.956367,-120.869629
CL95,34.10329818725586,-117.27200317382812
CA87,33.379517,-117.559821
8CA9,32.720207,-117.097355
CA47,32.715302,-117.151001
CL57,32.90890121459961,-117.24299621582033
CL76,32.725019,-117.144291
CL97,32.751285,-117.160628
CN17,32.798675,-117.151868
1CL0,34.10449981689453,-117.8000030517578
16CA,37.71939849853516,-122.4990005493164
CA26,37.774898529052734,-122.40499877929688
CA27,37.825912,-122.421448
88CA,37.361464,-121.848503
CA33,37.313264,-121.934354
4CL6,33.142172,-117.14553
6CA3,33.7491989136,-118.275001526
5CA3,37.94660186767578,-122.48699951171876
PN63,40.23310089111328,-75.58319854736328
3II6,38.931798,-87.24285
58GA,32.997898101800004,-82.8046035767
ID54,48.47909927368164,-116.44499969482422
0MN2,46.13330078125,-93.00299835205078
15OI,41.43619918823242,-82.71099853515625
OI87,41.446894,-82.711172
0LL7,41.657994,-88.621297
UT63,40.57780075073242,-111.85399627685548
UT66,40.59989929199219,-111.8010025024414
NV21,35.7952995300293,-115.6269989013672
FL55,28.822799682617188,-81.26329803466797
ME87,43.448713,-70.768594
CA31,36.732200622558594,-119.55500030517578
4FD8,26.54170036315918,-82.19200134277344
4FD9,26.46260070800781,-82.15679931640625
6CL7,33.7475013733,-117.876998901
87CN,33.72710037231445,-117.83599853515624
CL58,33.73072,-117.847333
CA98,34.39070129394531,-120.12200164794922
CL86,37.385503,-121.972414
K80L,34.38486,-118.41451
27CN,34.439531,-118.57928
CA37,36.990655,-121.982508
NM57,35.70640182495117,-105.93000030517578
NM06,35.660103,-105.946555
2TE1,29.32859992980957,-95.06189727783205
1CL8,34.950507,-120.411583
CL51,38.44380187988281,-122.70099639892578
82OK,35.993146,-96.099575
NK11,44.30120086669922,-74.08070373535156
NY36,44.34439849853516,-74.14250183105469
FA22,27.33340072631836,-82.43009948730469
FA23,27.317800521850582,-82.52980041503906
FA33,27.272499084472656,-82.36609649658203
6FL6,27.3388996124,-82.4964981079
7NK2,43.08610153198242,-73.802001953125
0XS3,28.792291,-96.041895
NY43,42.156671,-73.999132
CL78,34.56610107421875,-118.47699737548828
GA37,32.02109909057617,-81.0802993774414
5TN6,35.22922,-88.23069
5TN7,35.15919876098633,-88.22239685058594
46GA,31.984899520874023,-81.15570068359375
86NJ,40.4519996643,-74.3339996338
PS81,41.981191,-76.520757
4NJ5,40.49259948730469,-74.52130126953125
17NJ,40.486198,-74.322098
NK61,42.82699966430664,-73.87460327148438
94D,42.84980010986328,-73.90480041503906
0NC6,36.13130187988281,-77.41889953613281
NE41,41.88759994506836,-103.66400146484376
03AL,34.662604,-86.046774
5AZ0,33.625332,-111.921611
AZ96,33.487916,-111.922381
8PS7,41.399074,-75.643126
0PA8,41.399909,-75.646682
NH09,42.89590072631836,-70.86119842529297
1TA0,29.611099243164062,-95.010498046875
9TS0,29.78610038757324,-96.04329681396484
NV37,35.795355,-115.007613
AR33,35.2333984375,-91.7873992919922
AR78,35.233443,-91.729728
29AR,35.252507,-91.697333
0WA8,47.66400146484375,-122.28099822998048
8WA9,47.617721,-122.350493
9WA0,47.536747,-122.313441
9WA6,47.60847,-122.33573
WA53,47.604000091552734,-122.322998046875
WA54,47.606091,-122.333837
WN16,47.619572,-122.348642
WN93,47.58449935913086,-122.32599639892578
0FD6,27.90749931335449,-80.48639678955078
9FD3,27.465446,-81.431882
9FL3,27.396900177001957,-81.42669677734375
FA52,27.538057,-81.509274
41NJ,40.79180145263672,-74.07240295410156
86MO,38.699694,-93.222378
5AZ8,34.85559844970703,-111.822998046875
M35,47.1744,-113.480003
XS98,29.567219,-97.946967
98WA,46.67559814453125,-120.50599670410156
AL90,32.42900085449219,-87.05670166015625
24OK,35.244862,-96.697758
PN76,41.3616981506,-79.700302124
03TN,35.92250061035156,-83.57939910888672
6TN3,35.89590072631836,-83.5781021118164
88FL,27.177813,-80.157706
64NE,40.909698486328125,-97.0905990600586
01AK,60.1058739754,-149.446249008
43IS,40.097801208496094,-88.42060089111328
2PS5,40.78680038452149,-76.58499908447266
3PS5,40.80540084838867,-76.56999969482422
PA94,41.23260116577149,-80.49649810791016
0CT0,41.881232,-73.480699
3OI7,39.2859001159668,-84.4301986694336
0OK7,36.25,-99.87539672851562
CL79,37.11723,-119.313374
CL93,37.163799,-119.292
WA33,48.58580017089844,-122.9209976196289
98WI,44.784698486328125,-88.6176986694336
WS18,43.772125,-87.710281
WS56,43.76139831542969,-87.7490005493164
II23,39.406136,-88.808855
3II7,39.579924,-85.81217
TN15,35.493099212646484,-86.47329711914062
WS79,45.74169921875,-91.9269027709961
9WA8,47.226578,-123.114027
CT89,41.27510070800781,-73.13289642333984
26TS,30.174536,-95.453192
23IA,40.75279998779297,-95.368896484375
4MA0,42.233011,-71.358601
6MA1,42.205992,-71.378855
51TS,33.637178,-96.624248
CL80,34.159927,-118.449457
MY21,45.03329849243164,-93.1251983642578
AZ75,34.203399658203125,-110.01799774169922
77LA,32.495433,-93.75078
LS07,32.48059844970703,-93.76219940185548
LS78,32.487004,-93.778321
LA85,32.423673,-93.715941
6MA7,42.27289962768555,-71.69259643554688
2PN2,39.78749847412109,-76.64720153808594
IA40,43.40999984741211,-95.74250030517578
1OH6,40.29759979248047,-84.16339874267578
5TE9,31.166498,-105.358994
AZ89,31.55139923095703,-110.2699966430664
83IA,41.3224983215332,-92.20549774169922
MU45,36.890828,-89.581616
NM85,32.798099517822266,-108.26100158691406
WS57,42.54249954223633,-88.17040252685547
9WA9,47.7036031255,-122.714806795
7CO9,37.85279846191406,-107.5749969482422
CD68,37.79999923706055,-107.66699981689452
2LL6,41.4944992065,-90.4181976318
53CA,34.28189849853516,-118.65499877929688
1CA0,34.237577,-118.696561
92B,47.1931,-68.2314
5IA2,42.497226,-96.401478
6IA3,42.51969909667969,-96.40609741210938
1SD9,43.5354995728,-96.7442016602
2SD1,43.5340995789,-96.71499633790002
2SD6,43.49079895019531,-96.77970123291016
5PS6,40.72579956054688,-75.57610321044922
LA38,30.26689910888672,-89.8052978515625
LS17,30.06599998474121,-89.618896484375
LS51,30.28689956665039,-89.7406005859375
96XS,29.52879905700684,-94.76599884033205
NK42,40.86949920654297,-73.2218017578125
40GA,33.859798431396484,-84.51380157470703
12GA,33.877261,-84.019827
24GA,33.78120040893555,-84.01460266113281
WV74,38.410400390625,-79.99530029296875
PS29,40.375099182128906,-74.99130249023438
CA56,36.468216,-121.380087
NY44,41.316952,-73.679854
CT53,42.0192985534668,-72.48370361328125
87NJ,39.314571,-74.593156
6PA2,40.007049,-79.077367
39KY,37.08539962769999,-84.6258010864
MA10,42.378163,-71.088552
35NJ,40.600399017333984,-75.71939849853516
4NJ1,40.56892,-74.59453
81NJ,40.57509994506836,-74.56539916992188
8NJ9,40.57619857788086,-74.57129669189453
09NJ,40.65370178222656,-74.6865005493164
3VA6,38.51959991455078,-77.57360076904297
TS49,30.176131,-94.503676
79IN,41.684200286865234,-86.25309753417969
01WA,46.66320037841797,-123.81199645996094
5VA0,36.71849822998047,-78.90859985351562
FA79,29.16550064086914,-81.02729797363281
IS23,42.0099983215332,-88.29109954833984
5CT3,41.64450073242188,-72.57230377197266
VT58,44.59590148925781,-73.34760284423828
35VA,36.751347,-78.104767
5TX3,29.642247,-95.211649
9LA8,29.958504,-90.274551
CA43,38.91130065917969,-119.99700164794922
MI46,42.487300872802734,-83.65190124511719
NJ80,40.7401008605957,-74.24849700927734
TX57,26.07189,-97.163386
1CA5,34.1239013671875,-118.1510009765625
7PS8,41.32780075073242,-77.73580169677734
UT84,40.68830108642578,-111.89199829101562
CT00,41.83200073242188,-72.60089874267578
5MI6,42.46060180664063,-83.21720123291016
CT64,41.57509994506836,-72.89679718017578
NY45,40.962799072265625,-72.45670318603516
27NC,33.95069885253906,-78.02439880371094
1MA6,42.067901611328125,-72.74449920654297
5MA8,42.00870132446289,-72.76260375976562
6MA3,42.06290054321289,-72.72450256347656
MA28,42.03340148925781,-72.75980377197266
NV69,39.54035,-119.69826
TN88,35.94940185546875,-85.47810363769531
22SC,34.96780014038086,-81.94110107421875
SC54,34.98680114746094,-81.95339965820312
IN52,39.78279876708984,-86.2332992553711
1IA3,43.1505012512207,-95.14219665527344
IA99,43.41749954223633,-95.1239013671875
05WA,47.64820098876953,-117.41400146484376
06WA,47.68629837036133,-117.197998046875
07WA,47.651637,-117.424477
09WA,47.71039962768555,-117.40699768066406
WA91,47.759735,-117.150162
WS58,45.825801849365234,-91.89569854736328
7TS6,30.03300094604492,-95.50129699707033
28MN,44.963600158691406,-93.62249755859376
3LL7,41.32500076293945,-89.19730377197266
0AR0,36.181509,-94.137252
MN70,44.24660110473633,-94.9717025756836
4MA9,42.09091567993164,-72.58370208740234
6MA5,42.1220016479,-72.6008987427
MA68,42.116209,-72.542545
56MU,37.144563,-93.280381
81MU,37.179464,-93.27601
82MU,37.1963996887207,-93.3231964111328
TN00,36.477500915527344,-86.88500213623047
MU39,37.22090148925781,-93.13849639892578
MU59,37.225275,-93.290931
54LL,39.8097991943,-89.65509796139999
74LL,39.7789001465,-89.77839660640001
97IS,39.80670166015625,-89.64440155029297
IL20,39.61140060424805,-89.60440063476562
IL47,39.72309875488281,-89.60430145263672
23OR,44.04679870605469,-122.9520034790039
41OR,44.053657,-123.003597
6OH0,39.95840072631836,-83.7916030883789
2NK6,42.508399963378906,-78.65809631347656
36H,55.233299,-160.552002
38FL,29.862199783325195,-81.31670379638672
7LA6,29.865126,-89.829304
FD52,28.24389,-81.303454
LA37,30.78470039367676,-91.36530303955078
06LS,30.70789909362793,-91.32019805908205
09LS,30.82439994812012,-91.38459777832033
35LS,30.8031005859375,-91.24490356445312
LA44,30.2307662964,-90.0640182495
LS60,30.251300811767575,-91.08650207519533
UT52,37.098174,-113.57579
WS64,45.88809967041016,-89.53289794921875
CL39,38.54850006103516,-122.51100158691406
9MN7,43.97999954223633,-94.6168975830078
63MO,39.76940155029297,-94.8501968383789
49MO,38.621700286865234,-90.38899993896484
73MO,38.633293,-90.311523
74MO,38.69369888305664,-90.26959991455078
84MO,38.69390106201172,-90.44869995117188
8MO9,38.643667,-90.448336
9MO0,38.59170150756836,-90.2083969116211
9MO1,38.63529968261719,-90.4459991455078
MO55,38.622886,-90.239229
KMO7,38.625142,-90.182912
MO91,38.633399963378906,-90.2500991821289
MU05,38.61840057373047,-90.21730041503906
MU51,38.62279891967773,-90.1865005493164
MU52,38.625099182128906,-90.24259948730467
ID14,47.3140983581543,-116.56700134277344
7PS9,41.42620086669922,-78.57859802246094
WV40,39.413700103759766,-81.19979858398438
O12,40.541,-84.4907
MY79,44.942564,-93.107746
0MN0,44.79690170288086,-92.98410034179688
8MO0,38.793399810791016,-90.57869720458984
FD64,27.8080997467041,-82.77449798583984
2FD3,27.763349,-82.642279
MU43,39.771771,-94.772373
ME51,43.73699951171875,-70.61060333251953
17WA,47.86819839477539,-121.75299835205078
PS57,40.81900024,-77.84329987
4NK9,40.6171989440918,-74.17579650878906
NY52,40.584206,-74.08326
GA28,32.40530014038086,-81.76830291748047
IS21,39.015253,-89.788787
5OR7,44.805803,-122.784455
CD70,40.45000076293945,-106.73400115966795
13CO,40.55559921264648,-106.84400177001952
7PS0,40.23133,-76.836578
WA92,47.196154,-122.661399
3CO3,40.61249923706055,-103.22000122070312
IS46,41.802856,-89.697154
8OI4,40.367000579833984,-80.65840148925781
3IL3,42.10559844970703,-89.18329620361328
04OK,36.1152992249,-97.079498291
OL17,35.80967,-94.6436
43GA,33.513643,-84.228162
S74,38.00410079956055,-121.45700073242188
2M5,37.650001525878906,-93.7584991455078
8CL4,38.047638,-121.370251
CL52,37.887832,-121.282716
3GE2,33.82080078125,-84.12809753417969
92GA,33.8130989074707,-84.14080047607422
1NK1,41.89059829711914,-74.152099609375
MA69,42.45149993896485,-71.08699798583984
13NY,40.909885,-73.11465
99C,42.95109939575195,-89.27100372314453
2MA8,42.43090057373047,-71.54170227050781
KJSD,41.249298095703125,-73.0968017578125
IS29,41.113372,-88.835163
OK86,35.748464,-96.683761
44FL,27.200612,-80.243496
65FL,27.208599,-80.291398
WS59,44.83219909667969,-87.35310363769531
2SD5,44.39780044555664,-103.50900268554688
32AR,34.517789,-91.559656
59TA,29.61520004272461,-95.60440063476562
68TA,29.642535,-95.607409
72LA,30.246000289916992,-93.40850067138672
LS37,30.229900360107425,-93.3687973022461
34LL,38.7282981873,-87.90809631350001
AR31,33.61389923095703,-112.27300262451172
AZ08,33.603867,-112.282536
3AZ6,33.659335,-112.373496
ID69,42.70550155639648,-114.3489990234375
H11,40.91310119628906,-76.73300170898438
CL81,34.289398193359375,-118.28800201416016
TA69,32.81679916381836,-96.58360290527344
2FL1,26.159400939941406,-80.32559967041016
AZ15,36.1916007996,-113.092002869
MT64,47.18439865112305,-114.87000274658205
4AZ1,33.753299713134766,-112.41600036621094
99CN,40.437491,-120.628728
1NJ9,41.29119873046875,-74.5510025024414
NJ88,41.24589920043945,-74.64679718017578
93GA,32.592899322509766,-82.34739685058594
PS83,40.07979965209961,-75.32849884033203
37TN,35.609402,-84.455299
IS76,41.996700286865234,-88.693603515625
8CA1,34.30500030517578,-118.46499633789062
CN47,34.334004,-118.397252
84GA,32.750999450683594,-81.6720962524414
K01D,41.403599,-85.7061
0NE3,40.676069,-96.181467
29WA,47.261713,-122.432714
31WA,47.259751,-122.452149
W37,47.14149856567383,-122.56099700927734
WN50,47.24456,-122.447594
6MD9,38.985733,-77.001624
A43,58.069099,-134.014999
PTFK,58.491645,-133.941575
OK35,34.756696,-95.0836
FD18,30.457577,-84.260405
AL83,32.53400039672852,-85.91130065917969
31IL,37.25279998779297,-89.28060150146484
32IL,37.23889923095703,-89.26580047607422
9FD6,27.94657,-82.420251
FL38,27.982466,-82.493799
FL70,27.94389915466309,-82.46170043945312
FL72,27.94750022888184,-82.39089965820312
FL92,27.9414005279541,-82.535400390625
54FL,27.94969940185547,-82.46009826660156
61FL,27.938100814819336,-82.45929718017578
NM65,36.3677,-105.5774
VG49,37.901100158691406,-76.87689971923828
5NC6,35.936500549316406,-77.55000305175781
OI63,39.55979919433594,-82.77519989013672
CD21,39.04940032958984,-105.51300048828124
1MA9,41.90589904785156,-71.09420013427734
MA99,41.86119842529297,-71.10780334472656
FD05,25.00693,-80.52233
8PS3,41.39450073242188,-75.73490142822266
5AK,62.0634,-146.449005
2T7,42.01919937133789,-83.84860229492188
CO72,37.939999,-107.848998
4CL2,33.50279998779297,-117.30500030517578
MI54,41.79352,-83.538129
59XS,31.076709,-97.364813
18CA,35.55500030517578,-120.71900177001952
60II,39.48609924316406,-87.4103012084961
6II3,39.48860168457031,-87.35919952392578
TA71,32.71,-96.2784
2MA9,42.63930130004883,-71.22450256347656
64XS,32.429298400878906,-94.03910064697266
AR37,33.427325,-94.042344
43XS,29.425800323486328,-94.9810028076172
8CO1,38.47779846191406,-105.52100372314452
3CO5,38.409400939941406,-105.58499908447266
09OR,45.587235,-121.163827
OG43,45.6062011719,-121.20400238
71WI,43.26639938354492,-87.96589660644531
5AL2,30.526599884,-88.09889984130001
AL67,30.431101,-88.179199
8LA0,29.74673,-90.824706
LA59,29.7863006592,-90.8140029907
N09,41.72370147705078,-73.1156997680664
AL48,31.9307003021,-87.7375030518
CT82,41.95840072631836,-71.81670379638672
81PA,41.863399505615234,-75.54070281982422
CD22,39.863318,-104.98651
6CA4,34.24694,-118.835612
CL82,34.206842,-118.88311
2CA0,36.49580001831055,-118.83399963378906
69NY,43.849329,-73.436408
OR37,45.445098876953125,-122.77400207519533
85OK,36.4833984375,-95.0001983642578
6OR3,45.457296,-123.85501
NJ40,40.21929931640625,-74.09400177001953
4OH0,39.98889923095703,-84.1874008178711
86PA,40.64450073242188,-78.30059814453125
46FL,28.631548,-80.824538
RI06,41.64820098876953,-71.15390014648438
17PN,41.19834,-75.43656
XA69,32.33610153198242,-97.96939849853516
6OI6,41.673261,-83.594624
74OH,41.619947,-83.618097
OI35,41.63980102539063,-83.59329986572266
OI53,41.667159,-83.541196
OI54,41.65950012207031,-83.55269622802734
1AZ1,33.515288,-112.255694
1AZ7,33.44791,-112.226603
58A,62.1134,-146.041
WS61,43.98469924926758,-90.5154037475586
TA96,30.095199584960938,-95.5448989868164
TE49,30.06100082397461,-95.55780029296876
TS52,30.086700439453125,-95.62139892578124
1XA9,29.94389915466309,-95.52940368652344
1KY3,36.69810104370117,-85.67639923095703
95NJ,40.000099182128906,-74.0801010131836
6AZ7,33.50279998779297,-112.78600311279295
UT34,40.5010986328125,-112.34400177001952
UT46,40.317444,-112.308559
UT71,40.524898529052734,-112.29399871826172
14SN,39.02640151977539,-95.72250366210938
21KS,39.056592,-95.695708
3KS0,39.0525016784668,-95.69550323486328
3CL8,33.856513,-118.31268
WY26,42.08359909057617,-104.19200134277344
05CT,41.7737007141,-73.1162033081
39NJ,40.899034,-74.229314
5IS6,41.10559844970703,-89.83899688720703
1NJ7,40.94729995727539,-74.35430145263672
5PN2,41.785301208496094,-76.44860076904297
7MN2,47.82849884033203,-92.09970092773438
MY38,47.843299865722656,-92.35070037841795
48PA,40.58729934692383,-76.54329681396484
01MO,38.641700744628906,-90.48429870605467
08MD,39.388411,-76.610815
MD13,39.39899826049805,-76.58830261230469
61AK,62.56760025024414,-150.23599243164062
22MI,44.76060104370117,-85.64399719238281
5NJ4,40.215238,-74.766153
5NJ5,39.74319839477539,-74.72540283203125
14GE,34.785499572753906,-85.45369720458984
5II3,39.288700103759766,-86.34719848632812
CD72,37.34999847412109,-107.76699829101562
CO64,37.1875,-104.48799896240234
XA30,30.95660019,-95.38059998
PN74,41.78200149536133,-76.8062973022461
MO41,38.982108,-90.963165
NC62,35.3578987121582,-79.8895034790039
1NK3,42.69060134887695,-73.70369720458984
64CA,39.324124,-120.200281
CT76,41.2422981262207,-73.15039825439453
NM58,33.140167,-107.247916
NM22,33.140661,-107.24096
6OR5,45.3780192213,-122.739767432
5AZ5,32.174019,-110.73575
65AZ,32.22829,-110.999385
70AZ,32.065593,-110.854411
AZ37,32.25170135498047,-110.87899780273438
54WA,47.439300537109375,-122.2480010986328
65CA,36.18299,-119.333578
0TN1,35.2223014831543,-86.22000122070312
OL22,36.0834007263,-95.8683013916
21OK,36.07429885864258,-95.88719940185548
4OK3,36.074892,-95.918696
52OK,36.14229965209961,-95.95860290527344
6OK4,36.14590072631836,-95.96690368652344
7OK9,36.1343002319336,-95.96640014648438
OK41,36.149537,-95.997219
OK76,36.115864,-96.026656
4MS8,34.8400993347168,-90.32839965820312
8PS9,41.578334,-75.970037
Z20,60.3414993286,-162.666000366
CA58,37.51259,-120.839244
3AL3,33.17409896850586,-87.55709838867188
AL26,33.20600128173828,-87.52780151367188
ID99,42.567626,-114.495456
WI06,44.127201080322266,-87.6156005859375
27TA,32.343101501464844,-95.19709777832033
5TX7,32.337792,-95.290453
TE18,32.509300231933594,-95.28990173339844
MA74,42.69150161743164,-71.41809844970703
5PN3,40.66809844970703,-78.25060272216797
IL19,37.2672004699707,-89.0322036743164
IS48,37.2714004517,-89.1647033691
59OR,45.926309,-119.294057
VT27,44.515899658203125,-72.95120239257812
42IL,42.20330047607422,-88.49749755859375
MI90,41.79029846191406,-85.83889770507812
NJ90,40.44029998779297,-74.15670013427734
2TN9,36.41400146484375,-89.04669952392578
3GA4,33.60089874267578,-84.54910278320312
7PS1,41.90620040893555,-79.8467025756836
9VA7,37.033501,-79.699799
NK92,40.71950149536133,-73.58290100097656
22PA,39.9009017944336,-79.74479675292969
5PA7,39.924800872802734,-75.69609832763672
1MU3,40.48270034790039,-93.00589752197266
VA60,39.051498,-77.777496
II64,39.61389923095703,-87.46199798583984
8NA1,48.62279891967773,-100.78299713134766
WV13,38.570899963378906,-82.0624008178711
76OH,40.839808,-83.28053
6VA5,38.9723014831543,-77.85800170898438
LS79,31.861299514770508,-92.2760009765625
99OH,40.10833,-83.729174
IS22,40.1110992432,-88.1845016479
IS96,40.11700058,-88.21499634
64MI,42.66469955444336,-83.01219940185547
9MI8,42.6609001159668,-82.99629974365234
71NY,43.08219909667969,-75.26570129394531
NK34,43.09619903564453,-75.27629852294922
2XS9,29.214099884033203,-99.7677993774414
CL96,38.3557014465332,-121.95099639892578
CD74,39.61669921875,-106.38400268554688
37NC,35.74810028076172,-81.52249908447266
L93,61.0871009827,-146.143997192
1AK7,61.136600494384766,-146.34500122070312
CL22,34.41573,-118.551377
7NK8,41.084891,-73.805332
AL07,32.829531,-85.168711
48NE,41.3111000061,-96.3475036621
CL47,33.233993,-116.968628
46II,41.553648,-87.047982
AR87,35.434625,-94.339947
21WA,45.62480163574219,-122.57599639892578
WN38,45.6682014465332,-122.6439971923828
WN67,45.62300109863281,-122.58000183105467
IL26,38.969200134277344,-89.09609985351562
4PS9,40.59870147705078,-79.5811996459961
SC62,32.8524017334,-81.0886993408
WN96,47.404572,-122.488236
0LS3,29.29669952392578,-89.37439727783203
11LA,29.2588005065918,-89.35299682617188
30LA,29.27109909057617,-89.35579681396484
5LA6,28.950199127197266,-89.38780212402344
7LA7,29.27630043029785,-89.24199676513672
8LA3,29.055371,-89.307302
8LA4,29.2593994140625,-89.3551025390625
8LA5,29.04015,-89.32848
8LA6,29.229096,-89.38881
LA47,29.28610038757324,-89.36389923095703
LA98,29.13190078735352,-89.38809967041016
LS52,29.287399291992188,-89.3677978515625
3CL9,34.286414,-119.170676
CA72,34.274682,-119.259236
VT28,44.1708984375,-73.2468032836914
OH76,41.389198303222656,-82.45020294189453
UT32,40.45833,-109.53243
TS30,34.1593017578125,-99.31620025634766
1CL9,34.001038,-118.212606
5NJ3,41.1912,-74.532402
3FD7,27.658395,-80.396137
8LA7,29.86409950256348,-89.8333969116211
SD96,43.1758,-97.084198
03MS,32.31880187988281,-90.8832015991211
17MS,32.37360000610352,-90.82360076904295
MS79,32.34600067138672,-90.8583984375
3CO9,38.712501525878906,-105.14199829101562
XA70,28.808361,-96.996751
3XS2,28.812016,-96.978173
9TS1,28.800767,-97.005969
69CA,34.52776,-117.292743
CA61,34.476549,-117.288432
87GA,33.73619842529297,-85.92410278320312
LS53,30.681900024414062,-92.26599884033205
24II,38.67250061035156,-87.54219818115234
JY18,39.92829895019531,-74.76219940185547
4NJ6,39.49509811401367,-75.03070068359375
86OK,36.653438,-95.156666
IA78,42.17359924,-92.01239777
2VA7,36.86629867553711,-76.02580261230469
2VG5,36.831298828125,-76.06600189208984
56VA,36.7509994506836,-76.05829620361328
64VA,36.605627,-76.004483
CA83,36.44269943237305,-119.31600189208984
0LA4,32.86410140991211,-93.98899841308594
HI52,19.433263,-155.259845
13TN,35.59830093383789,-84.26750183105469
62II,40.80619812011719,-85.81580352783203
8MN7,44.388308,-92.048583
7TX1,31.514099,-97.200302
6MN6,44.88750076293945,-93.84210205078124
47OI,41.027766,-81.750595
87OK,35.95009994506836,-95.05020141601562
MY22,46.1416015625,-93.52110290527344
HI18,20.02174,-155.663466
RI08,41.430662,-71.498074
2OI3,41.56779861450195,-83.52799987792969
CD81,40.45000076293945,-106.20099639892578
5WA3,46.062198638916016,-118.34300231933594
WN06,46.055942,-118.329508
0CT1,41.48479843139648,-72.7562026977539
CT33,41.48149871826172,-72.80590057373047
CT77,41.43899917602539,-72.83789825439453
9TS2,29.861299514770508,-94.70099639892578
27NY,41.622693,-74.241485
CA63,37.912845,-122.041449
AR20,36.074388,-90.967374
5MA0,42.39649963378906,-71.21620178222656
MA76,42.36759948730469,-71.24810028076172
MA92,42.39789962768555,-71.25779724121094
16NK,42.16239929199219,-75.12799835205078
WS73,42.52090072631836,-88.57679748535156
10MA,42.26259994506836,-72.30699920654297
4MA1,41.777000427246094,-70.68810272216797
70MA,41.755001068115234,-70.71389770507812
PS84,40.1846008301,-75.07849884030001
NK55,43.085046,-76.286897
PA97,41.84389877319336,-79.15480041503906
AR70,33.61040115356445,-92.0593032836914
MU60,38.766831,-93.721842
80OI,41.446742,-81.538206
15OR,46.1159964394,-123.931392431
8VA3,38.71149826049805,-77.80940246582031
72IL,41.810161,-88.168238
84IN,41.24779891967773,-85.82890319824219
75U,38.21670150756836,-93.41690063476562
RI01,41.707258,-71.477545
3IA0,41.28919982910156,-91.6876983642578
K09W,38.868612,-77.008367
DC01,38.903111,-77.030648
DC02,38.910400390625,-77.0072021484375
DC03,38.86650085449219,-76.9927978515625
DC04,38.874298095703125,-77.02140045166016
DC06,38.934833,-77.074821
DC07,38.9151001,-76.97329712
DC08,38.9290008545,-77.01640319820001
DC09,38.910368,-77.077693
DC11,38.94210052490234,-77.08000183105469
DC16,38.917922,-77.038125
DC17,38.92729949951172,-77.01409912109375
DC52,38.936934,-77.110548
JY20,40.77080154418945,-74.9811019897461
07NH,43.17559814453125,-72.06390380859375
KJPN,38.874908,-77.056682
32NY,42.4297981262207,-72.216796875
34WA,45.567901611328125,-122.31900024414062
29A,61.6288986206,-149.617996216
3A3,61.6134986877,-149.666000366
3H3,61.5975990295,-149.315994263
3K9,61.5886993408,-149.384994507
4A3,61.57460021972656,-149.47300720214844
4AK0,61.6291999817,-149.270996094
54AK,61.60710144042969,-149.57400512695312
AK43,61.5791015625,-149.539001465
TS32,32.470699310302734,-94.05549621582033
69NJ,40.64229965209961,-74.42130279541016
ME90,43.61309814453125,-70.69640350341797
1CT3,41.55337,-73.03763
25JY,39.72019958496094,-74.84609985351562
JY30,39.72859954833984,-74.83660125732422
2IA4,42.461005,-92.34468
IA29,42.52690124511719,-92.339599609375
29LL,38.33919906616211,-90.1624984741211
4CO1,39.499698638916016,-105.1060028076172
60NY,43.972198486328125,-75.9083023071289
0SD2,44.91109848022461,-97.11949920654295
IS89,40.7661018372,-87.73139953610001
CA65,36.97050094604492,-121.86199951171876
CL99,36.93999862670898,-121.7760009765625
M49,47.143002,-95.5289
7LL1,42.35779953,-87.8656005859
7LL2,42.377708,-87.833406
6WI8,43.01100158691406,-88.2427978515625
5WI7,44.345463,-89.076157
WS75,43.631401062,-88.74579620360001
CT68,41.75339889526367,-71.88760375976562
WS65,44.966863,-89.666795
2WI3,43.041500091552734,-88.02310180664062
02TE,32.39540100097656,-96.86419677734376
GA60,31.224215,-82.347642
6NJ3,40.97930145263672,-74.2509994506836
GA51,33.12519836425781,-81.74539947509766
2GE1,33.08440017700195,-82.01309967041016
TE93,32.77180099487305,-97.73999786376952
2TS7,32.78120040893555,-97.81639862060548
34TX,32.631026,-97.79053
98TA,32.747722,-97.786487
NY21,43.20330047607422,-77.52359771728516
MA83,42.0275993347168,-71.85030364990234
52XS,29.541409,-95.128648
IA95,42.45890045166016,-93.82379913330078
6NJ5,40.764627,-74.022613
WV42,40.3978004456,-80.6220016479
26KS,37.27840042114258,-97.3936996459961
FA59,26.63400077819824,-80.22419738769531
WV46,40.267799377441406,-80.61730194091797
84OI,39.125099182128906,-82.53820037841797
41WA,47.407198,-120.32121
MO97,38.822722,-90.881483
13FL,28.277826,-82.32045
3TS2,31.816400528,-97.0927963257
96MO,38.86309814453125,-90.15709686279295
ME65,43.85850143432617,-69.88420104980469
1FL5,30.302099227905277,-85.8644027709961
MI59,42.60100173950195,-83.39420318603516
0IS9,41.70840072631836,-89.2029037475586
45IA,40.810613,-91.173903
OH11,39.358282,-84.369059
3PS0,39.970765,-75.603383
PS30,39.98759841918945,-75.5802001953125
SC18,34.00040054321289,-81.10399627685547
4XS3,29.167999267578125,-95.62129974365234
NH79,43.04059982299805,-71.12560272216797
8LL8,37.8993988,-88.9539032
0MT8,48.486698150634766,-113.9980010986328
33MT,48.48059844970703,-114.0009994506836
15PS,39.822576,-75.888127
1NK4,40.686798095703125,-73.3042984008789
NY54,42.19275,-74.326646
RI13,41.494427,-71.556179
92OR,45.3364982605,-122.665000916
6NJ6,40.30009841918945,-74.02539825439453
6NJ7,41.18009948730469,-74.33429718017578
LA14,32.5105552673,-92.1508331299
1MA7,42.4734001159668,-70.97889709472656
39FL,26.71699905395508,-80.19979858398438
5FD2,26.74920082092285,-80.04920196533203
5FL5,26.715467,-80.054281
64FD,26.756429,-80.061293
7FL5,26.714275,-80.058292
FL39,26.63759994506836,-80.20449829101562
FL51,26.71407,-80.063884
50MO,36.738399505615234,-91.8738021850586
20PN,40.21369934082031,-75.30819702148438
2PS0,40.197898864746094,-75.29910278320312
KWP,57.7700996399,-153.548995972
9PS5,40.33060073852539,-75.95020294189453
2CL5,38.59159851074219,-121.54499816894533
WA83,48.617901,-122.956903
MA95,42.12649917602539,-72.66950225830078
98OI,38.794266,-83.534682
UT23,40.69990158081055,-111.98999786376952
07ME,43.73830032348633,-70.33920288085938
RI23,41.36259841918945,-71.82369995117188
OI97,40.113399505615234,-82.94409942626953
9NY2,42.329498291015625,-79.57060241699219
MA79,42.175899505615234,-72.72480010986328
23MA,42.5630989074707,-71.431396484375
5NK2,40.80139923095703,-72.6624984741211
5NK3,40.80229949951172,-72.66290283203125
55OH,41.47589874267578,-81.95069885253906
CD04,39.82080078125,-105.0540008544922
4CO4,39.850375,-105.017211
48CA,33.74530029296875,-118.0
0MA9,42.50310134887695,-71.90840148925781
MA81,42.55509948730469,-71.92559814453125
MD76,39.558688,-76.990653
WV75,39.04819869995117,-80.49210357666016
2MA6,41.59360122680664,-71.06529998779297
MA82,41.64929962158203,-71.12590026855469
82NJ,40.984345,-74.015622
OK92,35.23347,-96.238629
9PS0,40.60900115966797,-80.03299713134766
TE07,29.327886,-96.117153
4CO6,39.76588,-105.09264
MU94,37.893236,-93.36212
2WV6,40.0531005859375,-80.72470092773438
WV43,40.0931015015,-80.7179031372
WV49,40.06010055541992,-80.722900390625
39OR,42.430471,-122.877094
PN07,41.03089904785156,-75.77850341796875
NK84,41.081568,-73.712997
44WA,45.722198486328125,-121.4729995727539
VA53,37.647499084472656,-76.43299865722656
VG13,37.64870071411133,-76.38760375976562
VG15,37.64419937133789,-76.39520263671875
40WA,46.23320007324219,-121.13500213623048
8NJ1,40.639802,-74.76553
9PS1,40.07649993896485,-75.25520324707031
1TA6,33.70090103149414,-96.9135971069336
51KY,37.11320114135742,-82.8124008178711
2NK8,40.78200149536133,-73.82569885253906
CD75,38.900001525878906,-108.48400115966795
31CL,33.971497,-118.049622
TN42,35.20289993286133,-85.51940155029297
06KS,37.69580078125,-97.37249755859376
22KS,37.70000076293945,-97.33280181884766
34KS,37.67169952392578,-97.29119873046876
48SN,37.743402,-97.224197
8KS6,37.69559860229492,-97.29840087890624
AZ93,33.743099212646484,-112.76799774169922
2CL8,33.592553,-117.237204
9PN5,41.21979904174805,-75.88099670410156
9PN6,41.125099182128906,-75.99330139160156
PN45,41.25802,-75.809
PN75,41.259322,-75.867046
2VG9,37.33539962769999,-76.74069976810001
83VA,37.280399322509766,-76.72250366210938
66PA,41.24729919433594,-77.01580047607422
67PA,41.16669845581055,-76.91639709472656
38KY,38.6464,-84.57847
MA84,42.72090148925781,-73.2134017944336
MA85,42.71950149536133,-73.2134017944336
0CT2,41.71699905395508,-72.22589874267578
CT69,41.725399017333984,-72.19170379638672
96NJ,40.046798706100006,-74.8824005127
NJ23,40.03710174560547,-74.84320068359375
8TX4,30.37579917907715,-95.55740356445312
7PS2,39.98789978027344,-75.49099731445312
MY44,45.12009811401367,-95.04660034179688
2X2,61.74399948120117,-150.0590057373047
AK34,61.8353004456,-150.080001831
AK57,61.7257003784,-150.091003418
MFN,61.72129821777344,-150.0469970703125
05LL,41.749228,-87.935783
DE16,39.79084,-75.547805
DE28,39.779181,-75.55552
DE30,39.735599517822266,-75.5353012084961
9OI4,39.45479965209961,-83.78130340576172
1OH0,39.44419860839844,-83.84020233154297
CT70,42.01399993896485,-71.87950134277344
NH80,42.82559967041016,-71.74169921875
2VA4,39.195407,-78.191999
7PA2,40.80390167236328,-75.2969970703125
59GA,34.008202,-83.708434
8NC0,35.988669,-76.92924
79VA,36.80680084228516,-76.73799896240234
VT37,43.47090148925781,-72.40370178222656
CT35,41.93339920043945,-72.69950103759766
SN31,37.24520111083984,-96.98200225830078
IS39,41.872529,-88.157964
MU66,39.017799377441406,-90.81790161132812
N46,34.98429870605469,-80.41909790039062
1IN2,40.2038993835,-87.0558013916
K0L6,31.923824,-92.646091
03LS,32.15900039672852,-91.70800018310548
MN39,44.033853,-91.623305
WN79,47.70790100097656,-122.52400207519533
7NJ1,39.73899841308594,-74.966796875
08CT,41.89599990844727,-73.09310150146484
5NC7,36.08990097045898,-80.26699829101562
60FD,28.028803,-81.725026
7FL1,28.01689910888672,-81.67500305175781
FL42,28.03860092163086,-81.75370025634766
FD98,28.71470069885254,-81.27010345458984
AZ65,33.389152,-112.861653
7PN6,39.82469940185547,-76.62999725341797
19OI,40.38079833984375,-80.70539855957031
WS07,43.627201080322266,-89.78510284423828
3MA0,42.50979995727539,-71.13639831542969
CD77,39.70000076293945,-106.76699829101562
78IN,40.75139999389648,-86.9811019897461
CD78,37.68330001831055,-107.76699829101562
IS99,37.50749969482422,-89.43890380859375
48NH,43.59389877319336,-71.26139831542969
XA06,33.475238,-101.987413
JY40,40.54719924926758,-74.2959976196289
7NJ6,40.71760177612305,-74.89209747314453
43WA,47.762298583984375,-122.15699768066406
47WA,47.78419876098633,-122.14199829101562
CL83,38.66550064086914,-121.82599639892578
96CA,34.178276,-118.60032
2CA7,34.17559814453125,-118.59500122070312
CD79,38.98529815673828,-104.91699981689452
60WI,45.8932991027832,-89.70179748535156
90OH,39.76539993286133,-81.13510131835938
VG14,38.87139892578125,-78.51329803466797
IL42,42.276198,-88.402703
IA89,41.871700286865234,-93.91439819335938
RI26,42.003756,-71.495115
PS34,40.19179916381836,-75.34130096435547
1MA2,42.2750015259,-71.7600021362
42MA,42.25429916381836,-71.79769897460938
MA32,42.26119995117188,-71.76950073242188
MA94,42.27539825439453,-71.79869842529297
WY35,44.0122,-107.949589
28PN,40.25979995727539,-76.90969848632812
68A,56.46630096435547,-132.3800048828125
5CO9,40.076401,-102.235504
MI61,42.20840072631836,-83.14420318603516
TE20,33.023417,-96.536887
27TS,33.0181999206543,-96.50689697265624
9TS4,33.007287,-96.506438
NK13,42.65840148925781,-73.63849639892578
AR74,35.220118,-90.785992
22VA,36.95009994506836,-81.08309936523438
5NC8,36.13650131225586,-80.64649963378906
45WA,46.594038,-120.546649
46WA,46.60900115966797,-120.61399841308594
99WA,46.596206,-120.52223
AR75,36.23260116577149,-92.68820190429688
3AR1,36.41059875488281,-92.66329956054688
78K,55.916302,-131.800995
TE64,29.306286,-97.129226
71PA,39.96680068969727,-76.79969787597656
72PA,40.03340148925781,-76.66639709472656
7PA9,39.98260116577149,-76.67330169677734
7PN7,39.943902,-76.742302
94PN,39.944781,-76.718903
2PS2,39.966744,-76.692317
KNCY,37.2679225,-76.573286
VG48,37.17390060424805,-76.4749984741211
67OI,41.09920120239258,-80.65039825439453
06O1,41.11479949951172,-80.65699768066406
11NC,36.02149963378906,-78.5188980102539
9MI0,42.264027,-83.653692
8CA6,34.124906,-116.413607
2CA9,32.979026,-114.267463
53MO,37.152000427246094,-90.0708999633789
4OH2,39.973815,-82.015364
4OI1,39.97169876098633,-81.89510345458984
MY48,45.45750045776367,-93.57830047607422
8II9,39.95750045776367,-86.24800109863281
82OH,41.47432,-84.557872
NH28,43.1100006104,-71.9172973633
NV01,36.299117,-114.403655
KMWN,44.270278,-71.303333
21ID,48.6314833787,-116.871174574
6PA7,41.0940584612,-76.85953885320001
15SD,44.8832648782,-97.1080899239
D22,46.024794,-83.752513
3ME7,44.460597,-70.396957
5FD5,28.688333,-81.554328
50CO,39.406149,-104.884157
52MD,39.519897,-76.176611
19OK,34.730033,-96.643508
80MI,42.944423,-85.513029
1CA8,41.189407,-120.940974
4MI0,41.964613,-84.00823
36NR,36.284621,-76.995537
NC18,36.389984,-76.911121
NM23,32.896194,-105.967167
3GE9,31.591417,-84.156889
7KY6,36.828549,-85.122988
30MN,43.652697,-93.371564
IA22,41.043049,-92.7977
NM39,35.082,-106.634138
NM28,35.088964,-106.621031
33AL,32.930062,-85.970914
TA29,27.76503,-98.0409061
4MI3,42.459958,-85.971292
XA53,33.117067,-96.67232
24PN,40.601056,-75.475083
46PN,40.648692,-75.541961
MI62,45.077083,-83.448066
40UT,40.46881,-111.75393
NH02,43.482416,-71.2453056
13NH,43.423889,-71.248722
50NH,43.555146,-71.309627
72NH,43.553853,-71.232264
NV29,36.568633,-116.458733
TT33,35.244692,-101.905503
ID34,42.781421,-112.849347
1GA7,32.067498,-84.255273
GA07,32.066792,-84.252884
52NH,42.879714,-71.576417
3MT5,46.132137,-112.957397
3CN4,33.852,-117.8453
CL73,33.80007,-117.9234
ND08,47.767136,-100.310061
IA52,42.100962,-91.2618444
14AN,59.782694,-151.851369
AA04,61.224775,-149.839094
PA06,61.129694,-149.795918
ME84,44.758139,-70.850703
4MN2,49.314246,-94.874963
04IN,41.701389,-85.113056
MI50,42.282135,-83.726678
58MN,45.267346,-94.062087
20MD,38.99052,-76.534243
41IL,42.466547,-88.132836
FL65,29.72397,-84.992233
2NR4,35.747222,-78.872222
1FA2,28.649692,-81.541483
WS89,44.279,-88.393091
3MN3,45.200273,-96.007611
MA11,41.354222,-70.804756
6VG4,38.940346,-77.541151
98VA,38.944455,-77.542183
OL54,34.192744,-97.163347
94TE,33.098056,-97.146944
0KS3,37.13378,-97.038508
6MN1,44.61109,-94.084717
TN59,35.266761,-89.665508
65TA,32.748531,-97.117376
1TX1,32.745287,-97.094212
08SD,43.325923,-98.345152
NC74,35.711064,-79.815888
7WA7,46.72975,-121.856752
WI98,46.62507,-90.81763
57VG,37.720242,-77.452931
19OH,40.860472,-82.277525
OA26,39.718106,-83.019378
8OR4,46.1876,-123.8208
3OH3,39.333238,-82.029195
48TT,31.995863,-95.770483
58TT,32.007204,-95.793191
68TT,31.999771,-95.774812
TA49,32.173182,-95.843474
5AL9,34.802816,-86.980605
TA40,33.10495,-94.16302
7GA6,33.761964,-84.395469
9GE8,33.740897,-84.512551
2GA6,33.808,-84.394139
2GE9,33.849042,-84.379683
29GE,33.83137,-84.330339
36ID,43.8072,-115.1308
JY79,39.362297,-74.416139
34JY,39.379958,-74.432242
MA03,41.941784,-71.274281
14OK,34.957466,-96.338358
30XA,33.220623,-96.912943
AL85,32.584275,-85.499886
67FA,28.111187,-81.831114
7MN0,46.755015,-96.049814
76MY,46.745897,-96.047887
5ME9,44.361814,-69.779844
30ME,44.275255,-69.704879
GA13,33.470792,-81.983817
8GA4,33.487583,-82.095592
80GE,33.523074,-82.026384
05MN,47.5175001,-92.2302778
2CD8,39.742381,-104.835581
21CO,39.60336,-104.711839
OR24,45.243228,-122.764503
68TX,30.27575,-97.734388
5TA7,30.18213,-97.960985
58TA,30.292905,-97.859076
TX01,30.422981,-97.928336
TX95,30.310017,-97.812631
1FD5,25.97052,-80.14527
1OH4,41.469964,-81.9812
CA48,34.12885,-117.927658
1CN6,34.281967,-117.749786
86MN,47.52658,-95.401788
2WA4,47.643276,-122.521505
CN55,35.350161,-119.112266
22GE,34.257778,-84.274444
OH88,40.447778,-81.700277
K4MD,39.271518,-76.572422
44MD,39.328778,-76.614528
26MD,39.259539,-76.566258
17MD,39.296011,-76.592109
8MD3,39.351975,-76.661949
90MD,39.351602,-76.478888
9OR7,45.603889,-123.078611
7NC8,36.168644,-81.818019
NR22,36.20345,-81.956156
60CN,33.930759,-116.942874
ME07,44.39805,-68.219583
22ME,44.381672,-68.203942
7KY5,36.851594,-83.869164
5KY1,37.861082,-85.523157
19VT,43.756672,-72.613083
VT65,44.219369,-72.560408
30CN,34.894777,-117.024867
5OH0,39.079158,-84.145274
LS32,30.361694,-91.007294
23LS,30.401158,-91.097064
85LA,30.439883,-91.188114
53NV,40.641031,-116.940891
34MN,48.706388,-94.601888
8MI0,43.617689,-83.930719
3XA2,28.979875,-95.992307
XS74,29.004764,-95.9818722
6AL9,30.948611,-87.745555
TX73,29.822253,-94.902306
9OH9,41.4531,-81.493782
23NE,40.229017,-96.740139
NV45,36.864494,-116.762419
NV81,36.904583,-116.760099
9KY7,38.65708,-85.317442
00NK,44.8118612,-73.3698057
TA36,28.406698,-97.730864
98ME,44.413275,-68.994053
NR25,35.550277,-76.623888
XS04,32.797005,-97.146067
18FL,26.707389,-80.661694
9FA2,26.723725,-80.6719694
2PS6,40.858319,-77.780667
86KY,39.103831,-84.487208
1WT6,47.621667,-122.187778
1WA7,47.61789,-122.200279
58WT,48.852178,-122.330275
93WA,48.673152,-122.401214
54MN,47.502953,-94.900691
00XS,27.575763,-98.600735
3IL7,40.888497,-89.122475
9IL3,40.850183,-89.0713
MN84,45.314167,-95.613889
KY68,44.563247,-86.138772
5KY3,37.578456,-84.28616
31MD,38.340216,-75.210544
42NH,44.48673,-71.15433
AL80,33.330778,-86.983933
2MO5,40.2753,-94.014797
06ME,44.415247,-70.844275
63PA,40.645556,-75.40725
CT30,41.666664,-73.189444
60ME,43.478032,-70.491168
86AK,61.551431,-149.94575
AA02,61.571481,-149.924111
91AK,61.576389,-149.943333
85AK,61.509167,-149.908611
AA07,61.521791,-149.926633
AA01,61.584961,-149.846531
AK48,61.528024,-150.014681
4MT7,45.261111,-111.3
MT16,45.228889,-111.375716
TE61,32.235908,-101.490503
UT18,37.0238889,-111.6168333
65MT,48.022103,-113.977456
MT75,45.809003,-108.577019
03MT,45.809186,-108.570514
42MI,43.291006,-83.740025
AL45,33.432844,-86.716059
WT34,48.975661,-122.721298
NK23,41.548667,-74.469722
2IG6,39.160646,-86.541531
06IN,39.178222,-86.497769
93FL,30.432244,-85.054167
70GA,34.839445,-84.336138
AR30,35.943416,-89.91775
60TN,35.268104,-88.999144
76MO,37.62612,-93.42073
8NK8,43.565,-73.6086112
90NR,36.311308,-77.483032
ME44,43.922739,-69.595694
61ME,43.85063,-69.63802
43CA,33.193678,-116.329669
LS29,32.512561,-93.736322
MA87,42.352502,-71.025832
MA17,42.351583,-71.024971
NV16,35.9671,-114.843792
86ME,44.006528,-69.895222
8KY1,36.963789,-86.437554
85OH,41.376599,-83.666709
3MT2,45.728921,-111.083102
7FL9,27.390033,-82.435448
PN22,41.945,-78.672156
65NH,43.208861,-71.916305
VT33,43.802033,-73.113019
04FD,27.929372,-82.336981
43FA,27.931176,-82.287834
59FA,27.971406,-82.302583
26VT,42.843897,-72.567033
53LA,30.283833,-91.889694
8IN8,41.456864,-86.158379
WA65,47.55389,-122.68244
1TT1,30.305419,-96.205244
29JY,40.078183,-74.132194
57NJ,40.040889,-74.061972
10CT,41.176296,-73.180857
84CT,41.172618,-73.176838
3WV7,39.329202,-80.238642
ME37,44.046158,-70.713053
97MI,42.5613,-83.7355
60FA,27.075744,-81.071125
22CD,39.96603,-104.76745
WA05,47.653165,-122.92501
48OH,41.3189721,-81.647611
93NY,40.605355,-74.022285
69FA,28.555261,-82.33465
1FA7,28.538778,-82.441753
23FD,28.537333,-82.53485
2FL8,28.58615,-82.471914
IN77,39.821563,-86.42773
04OH,41.237698,-81.815443
99NR,35.391129,-83.584592
29AZ,33.458289,-112.511497
GE92,33.49961,-83.320635
OA17,40.818164,-82.980136
19MN,45.174765,-93.765091
MN03,45.193847,-93.869758
1NY2,42.9009857,-78.867684
56NK,42.901116,-78.866489
8NY6,42.84724,-78.811621
90CO,39.973482,-107.622188
XS63,29.735806,-98.458319
5FD4,29.471139,-81.244306
49LS,29.373284,-89.549137
8KY4,36.795505,-85.37312
8TA7,32.497633,-97.368763
CA36,37.591796,-122.383818
85MA,42.484749,-71.201549
67VT,44.4733367,-73.1888
1MN1,44.747331,-93.272799
NR07,35.917007,-82.33268
3PS3,40.806351,-75.321681
3FA6,28.662544,-82.107508
42AL,32.093361,-88.210349
28GA,32.606189,-83.758886
84SC,33.806794,-79.7842
9KY8,36.86636,-87.821129
46ME,45.177134,-67.267936
CN90,32.675883,-115.372028
NV82,37.622375,-114.513264
89KY,38.9412,-84.30531
CN70,33.152269,-115.635525
PA43,40.736167,-80.039594
2MY3,45.56545,-93.231361
29MD,38.559933,-76.059692
36ME,44.258154,-69.124372
35SC,34.253527,-80.59154
2JY9,39.9463882446,-75.10388946530001
NJ02,39.948372,-75.130337
71NJ,39.941952,-75.12817
NJ01,39.940467,-75.10668
JY64,39.928245,-75.094318
XA00,33.11614,-95.906205
5XA2,35.929149,-100.313705
NH98,43.044063,-71.316667
3MN8,44.485722,-92.902225
XA97,32.587237,-95.873705
16VG,37.271711,-76.02622
2CD7,39.469083,-107.135722
7KY1,38.316108,-84.060109
21PN,40.183331,-77.222808
6PS6,40.257333,-77.136469
NM95,32.350397,-104.251475
25GE,33.9975,-83.038889
IN73,39.958587,-86.158947
96NY,41.049444,-73.738333
4XS4,33.02866,-96.887026
AL01,33.274242,-88.089355
46ID,44.595556,-116.148056
WA98,47.512346,-120.488691
50WY,42.826945,-106.253893
00WY,42.840361,-106.224443
8MN8,47.384939,-94.609826
9NR9,34.358889,-77.860556
25NR,34.326346,-77.896575
0CA1,37.698958,-122.089262
PN56,40.895,-76.481389
UT50,37.700261,-113.067536
UT59,37.636539,-113.343767
IA66,42.533884,-92.458416
IN13,41.384468,-87.433609
79TT,33.306061,-96.808992
24OH,39.65158,-84.11314
2OG2,42.429861,-122.906671
OG58,42.405305,-122.948055
35NY,40.898342,-73.518553
LL59,38.56955,-90.109503
81AL,32.95177,-87.14819
83MY,45.182135,-93.380477
AZ77,33.286131,-111.856602
14NR,35.904587,-79.049111
93OH,41.507779,-81.188958
SC80,32.782201,-79.951485
25NH,43.317111,-72.389722
70MI,45.314068458,-85.2750259638
77NR,35.040064,-80.84161
99NA,35.061023,-80.846238
NR30,35.285888,-80.666383
67NC,35.093333,-80.872944
9NC0,35.212069,-80.823728
MN04,44.834594,-93.700189
39AL,31.45925,-88.23477
ME21,43.729064,-70.126983
7MI5,42.30775,-84.014366
AL68,34.744176,-87.886576
NR01,35.483193,-83.324675
31NJ,39.928131,-75.015475
2NY2,41.349667,-74.333167
43IL,41.862142,-87.670249
IL09,41.848206,-87.648395
29ME,44.448,-69.530333
VA22,37.08682,-80.5062511
42AZ,34.039708,-110.486912
KC12,36.512708,-104.924708
OH37,39.085496,-84.350118
00OH,39.203055,-84.670558
OA33,39.14137,-84.502797
35AL,31.089605,-88.245089
6CN5,34.055566,-117.992526
5AL4,32.880686,-86.621082
8AL0,32.800559,-86.446674
NH97,43.384087,-72.341546
91PA,41.19257,-79.398413
WT28,46.42658,-117.058209
WT33,46.422447,-117.080953
TN93,36.580587,-87.269366
TN86,36.618738,-87.227333
9KY0,38.853083,-83.917416
03NR,35.63027,-78.50392
WA60,47.22394,-120.90553
23PN,41.034006,-78.450147
1FD2,27.952748,-82.828299
40FA,28.351187,-81.673346
43FL,28.540556,-81.778911
62FA,28.545164,-81.721053
84FA,28.539093,-81.823341
FA82,28.553163,-81.720461
33TN,35.178211,-84.869442
OH27,41.450443,-81.822701
45FA,26.751627,-80.941086
SC33,34.480551,-81.939265
KC26,40.163492,-88.935
MI21,42.621535,-82.8757
19CL,36.8386,-119.6591
01TT,29.012067,-95.402119
26NR,35.526066,-82.943226
34MT,45.89915,-110.469988
4PS8,39.893333,-75.818333
PN34,39.978737,-75.87994
FA13,28.4475,-80.722361
88AL,30.404402,-88.12586
1ID1,47.652222,-116.7225
MN73,47.245109,-93.613236
48VT,44.553547,-73.231497
41NH,44.903922,-71.481517
TT07,31.828844,-99.426109
XS73,30.582266,-96.278122
XS92,30.58157,-96.28874
KCQJ,38.738586,-104.835148
CO91,38.987594,-104.810103
MO88,38.9574,-92.28931
1MS9,31.254751,-89.805308
1TN1,35.778638,-87.044083
48KY,37.097194,-85.29535
91AL,33.186619,-86.626801
OH02,40.862219,-80.697473
OH01,39.96065,-82.99152
OA52,39.995115,-83.018285
0OH7,39.912347,-83.057839
NE39,41.45531,-97.38659
3CA3,39.3413112,-121.9509333
CN62,39.241597,-121.909516
6MU6,38.507678,-90.382008
8NC5,35.406667,-80.515
92KS,39.554146,-97.660276
92OH,41.938537,-80.586312
PA38,40.024639,-79.576177
5IN5,39.665967,-85.126892
5PA8,40.069583,-75.302362
1AR3,35.057783,-92.419119
ND32,47.436873,-98.118775
23TN,35.027031,-84.384986
KC61,43.384951,-85.368699
98KY,36.923333,-84.120471
KH14,36.419269,-90.58825
8NY4,42.134986,-76.970875
VT54,43.989494,-73.239858
VT24,43.987683,-73.25274
84NK,41.434583,-74.041111
21NR,36.435172,-75.843211
NR99,36.331436,-75.813566
7NC0,36.516636,-75.865337
43PN,41.937012,-79.612277
21TN,36.152929,-83.780188
25TE,32.083052,-96.503059
TS70,31.9874,-96.216936
10CL,33.6716917,-117.8747611
CA30,33.675027,-117.873166
CD90,38.6325,-105.784444
68OR,43.80319,-123.039386
24NY,40.889792,-73.491603
ME77,44.251336,-68.268619
4MN0,48.260174,-92.47583
8FA9,30.057717,-84.293694
17FD,29.431189,-81.520028
0IA6,43.380684,-92.117803
PN83,40.638939,-76.194219
6TA4,29.889573,-95.058393
4VA2,39.371666,-78.288612
0MN6,46.665278,-94.125
57TN,35.941947,-85.019536
IN19,41.388889,-87.32166
28IL,42.218169,-88.284736
K01H,41.206112,-86.404442
RI02,41.949311,-71.415397
2WN2,45.584716,-91.924324
4WI3,45.538057,-92.024214
9WI7,45.540322,-92.053489
MD65,39.646667,-78.731944
1KY9,36.965837,-83.022136
2GA4,34.179802,-84.140173
WA69,48.423443,-117.363237
SD86,43.772601,-103.593682
OA18,41.1783,-81.526806
63KY,38.3825,-84.278056
5AL6,32.818486,-85.74151
03GE,34.523153,-83.975058
53TX,32.690669,-96.9153
85TS,32.912225,-96.767511
38TX,32.82037,-96.85028
XA61,32.788331,-96.7801
TX98,32.88233,-96.81171
45ME,44.026651,-69.53011
TN47,36.019608,-83.391573
1KT8,37.643291,-84.776267
VA40,36.565541,-79.206797
5VA9,36.584468,-79.431313
30AL,34.373001,-87.0805
93AR,35.055092,-93.388952
6AL8,30.654636,-87.854252
7MT5,46.080271,-114.178644
93WI,42.684257,-90.109715
72WI,42.658592,-90.131006
5FA2,28.262575,-81.609728
44NE,40.983227,-96.709677
76FA,26.077222,-80.250833
CA45,38.561547,-121.770806
72MN,44.930871,-96.065719
4FL6,29.24373,-81.107147
AA03,70.171228,-146.258517
25TT,33.271024,-97.617229
88WA,48.616667,-123.002778
55XA,29.702772,-95.101638
MN54,47.343256,-93.791006
06MN,47.516522,-94.086439
12OA,41.298199,-84.377387
38MN,45.04,-93.886
26LA,29.9243,-92.007828
UT48,39.349544,-112.560613
1AK9,64.4475,-144.936389
MI65,42.523111,-85.480083
99FA,28.958386,-81.255586
NM04,32.259279,-107.767505
51MN,46.450953,-95.848272
NH54,42.877169,-71.315345
22FD,30.393889,-86.471389
8FL5,30.388202,-86.433322
MI96,42.367222,-82.9675
55MI,42.420083,-82.916753
MY27,46.814654,-95.845134
WT70,48.713753,-121.141187
5TN0,36.011243,-87.329008
PS59,41.45323,-75.632745
VA97,37.537193,-78.477858
44OK,36.501288,-94.967911
7WA6,45.215164,-122.865158
4WN8,43.005208,-88.470747
64DE,39.151375,-75.524167
NH01,43.1417917,-70.8462612
0NH7,43.151831,-70.846902
ME43,45.188582,-69.2368
4PS6,40.375089,-75.0568
42UT,40.486556,-111.889694
TA22,30.321327,-98.158979
0KY3,38.679444,-84.664722
47OH,40.067685,-83.118001
VG59,37.069444,-80.649444
MA09,42.050324,-71.890213
05XA,35.863631,-101.970944
18TN,35.387956,-85.380258
NR28,35.196975,-78.484692
72II,41.493333,-87.523611
IA53,42.476711,-91.130117
52ID,43.733444,-116.346667
04SD,44.993013,-101.24311
70TX,28.6706,-100.45979
43GE,34.662637,-84.489758
7MA2,41.780556,-70.947222
7OH0,40.62205,-80.58566
51NK,40.7992302243,-72.7628991008
87NY,40.826444,-72.745944
74PS,40.151944,-75.343333
PA34,40.650833,-75.2875
27PN,40.697908,-75.280214
MD96,38.824439,-76.067733
1NY1,40.816772,-72.730781
6OH3,39.76637,-84.64822
1NR1,36.069093,-76.611315
76WI,42.835424,-89.044265
11OK,35.65504,-97.46072
21TE,29.21887,-96.29155
TE95,31.819454,-106.501599
03XA,31.7574,-106.346895
8IL6,40.769553,-88.949134
8TE6,31.903219,-106.565189
50XA,31.770648,-106.498381
CO77,39.180966,-104.495483
1AL9,30.31545,-87.572375
25LL,42.072178,-88.329757
19NR,36.300167,-76.270833
30NR,34.709583,-78.571137
10NY,44.216383,-73.596353
K0IN,41.696408,-85.938136
14IN,41.679391,-85.993847
55NV,40.742084,-115.494396
NV20,40.824431,-115.729981
76MD,39.621304,-75.837468
08GE,32.169936,-81.453836
1FD1,27.526775,-82.533978
NY14,41.764146,-74.453385
39ME,44.5465528,-68.4173944
3WA6,47.00629,-123.392177
7IL6,41.864635,-87.937011
36AZ,32.73675,-111.549417
73MN,47.830927,-92.061058
KM96,47.904256,-91.883715
12TE,32.884745,-95.781461
6KS1,38.410613,-96.195576
8PN7,41.5135,-78.248431
64NR,35.508361,-76.023358
09OH,39.854128,-84.270615
KE75,42.170939,-80.111661
KC28,42.147547,-80.10045
62TN,36.11914,-82.444375
6CA7,33.122321,-117.122054
91FA,26.417734,-81.824487
AL00,31.889453,-85.156217
17OG,44.058406,-123.119032
05OG,44.059531,-123.118951
79KS,37.836203,-96.295261
09AL,32.842385,-87.890523
31MI,43.856161,-85.325097
MN29,47.394072,-92.488153
35PA,40.025659,-78.433676
80NJ,39.899777,-74.935472
1MN4,44.917519,-93.608201
77NY,43.337701,-76.726725
84OH,39.847051,-83.989819
5OH7,39.311773,-84.518146
95MN,43.639507,-94.449098
NV26,39.476945,-118.764976
NE52,40.077209,-95.608885
ND23,46.846284,-96.87495
ME23,44.626546,-70.162082
5MI8,42.447702,-83.322793
VA77,37.301884,-78.402922
GA93,33.482261,-84.433199
17GE,33.45305,-84.50677
NR00,35.081111,-78.945833
LS50,31.6112,-91.5263
43AL,34.769023,-85.69632
52AL,34.802917,-85.649694
0JY9,38.422373,-83.752604
4PA0,40.843194,-75.205319
MI04,43.014842,-83.732064
7AL8,31.000911,-86.313655
40AL,34.805125,-87.652819
OG57,43.974783,-124.094067
25NJ,40.780555,-74.417501
14FD,25.430243,-80.339053
3AL4,30.426669,-87.685113
48AL,30.373056,-87.663333
CN16,38.670861,-121.142839
WI48,43.777083,-88.429736
04OG,45.530833,-123.085556
50OG,45.531417,-123.084528
49MY,45.284082,-92.962672
9AL5,32.601313,-87.7835056
53WT,47.946442,-124.393664
KZ19,38.7174,-77.180402
57CO,40.522222,-105.008333
CO86,40.636389,-105.050833
27CO,40.572334,-105.053716
ME48,47.264881,-68.593197
0XA1,30.678963,-100.130183
FD62,27.780083,-81.643278
51SC,35.023615,-80.958729
3FL9,26.5081,-81.913213
FL26,26.488417,-81.829519
86FA,26.604477,-81.822612
FA28,27.359167,-80.486944
KGWN,31.874278,-81.596618
MD72,38.72784,-76.992173
1IN8,41.107243,-85.218056
28IN,41.109776,-85.222116
IN97,41.187034,-85.100945
97XA,32.699019,-97.512352
56XA,32.587619,-97.318477
93TX,32.726978302,-97.3265914917
3XS7,33.049167,-97.2935
ND21,46.095475,-100.627486
2MT7,48.778194,-114.968444
MN97,47.571683,-95.737955
MA01,42.088661,-71.263289
MA02,42.296594,-71.415831
DE22,38.530782,-75.141045
KY59,44.544396,-86.122616
81KY,36.700043,-86.577725
9LA7,29.800336,-91.523306
37NR,35.194196,-83.359939
NJ77,40.74100113,-75.02149963
93NC,35.184547,-83.380036
TN62,35.973333,-86.926389
TT36,30.97365,-96.374516
19LS,30.834444,-90.153611
11CO,39.926861,-105.790317
CO68,40.121944,-104.980833
TT54,30.166481,-98.704537
03VA,38.21661,-77.49555
6VA7,38.310853,-77.485164
OI24,40.491172,-82.560722
60NH,43.809013,-71.091413
82FA,30.488626,-86.19166
CA96,36.835911,-119.764797
64WI,43.975125,-89.821413
45XA,33.11301,-96.77152
29TA,33.152081,-96.838476
53TS,33.209942,-96.814761
13TA,33.180555,-96.838333
VA36,38.919361,-78.15456
2ID7,44.023879,-116.926714
87FA,28.862897,-81.950278
15FD,26.480979,-81.896387
11WI,42.81513,-89.062412
65AL,33.601944,-86.863611
84NR,35.582577,-78.719495
74GE,34.305961,-83.816228
VA80,36.670222,-80.923308
13IL,42.449757,-90.456925
MI77,41.796158,-86.520628
8OH6,40.750947,-82.723906
TA03,29.304472,-94.771458
41AL,33.6484,-86.8189
NV03,38.92048,-119.71892
08IN,40.483508,-85.542389
NR80,35.274038,-81.139183
7CO1,38.676414,-108.978614
87OH,41.798617,-80.961399
OH16,38.859084,-83.895893
PN33,39.86403,-77.154719
AN00,60.933911,-149.145993
7KY8,37.011784,-85.904846
XA54,32.241882,-97.746321
MN82,44.779044,-94.153122
77AZ,33.608333,-112.179597
CL18,34.167736,-117.811244
10NK,43.307336,-73.646211
60CO,39.533063,-107.322448
83NJ,39.791353,-75.047614
30XS,29.51812,-97.42867
LA84,30.209653,-90.930762
00LA,30.191944,-90.980833
5LS0,30.182222,-90.996111
63GA,33.810556,-83.552083
MN30,44.01036,-93.956266
IL35,40.642378,-89.272665
62NY,44.43515,-75.472217
IL72,38.968833,-90.44425
03WI,43.32478,-87.92828
9MU4,39.041357,-94.199513
51CO,40.076269,-105.925273
84MI,43.05143,-86.230087
KM56,48.085352,-90.750425
83MN,48.075842,-90.706472
80MN,47.757012,-90.341161
MN20,47.222654,-93.555694
12MN,47.219743,-93.512675
4WV6,38.923122,-81.092242
50MD,38.967522,-76.18278
4PS2,40.232228,-75.436336
5ME2,43.870833,-70.424722
LL14,42.337678,-88.009039
MT17,47.54505,-111.451075
AZ69,31.807352,-111.009554
NH14,42.929442,-71.860833
29NR,36.140608,-79.883394
6KY2,37.267257,-85.492938
PA22,40.320486,-79.544446
XA56,33.122295,-96.125103
10SC,34.840013,-82.252927
1SC5,34.840079,-82.422395
ME49,45.458369,-69.611189
29AL,31.829947,-86.646403
02NR,35.592197,-77.377372
XA35,33.089336,-96.126506
75SC,34.919165,-82.24502
45GA,33.239872,-84.266483
7VG4,37.488626,-76.296694
PA57,41.171447,-80.084222
20GE,33.480633,-82.187936
IA28,42.359582,-92.762935
CD71,38.624567,-105.516017
08AL,30.243717,-87.754678
90AL,30.292525,-87.682489
5AL0,34.365172,-86.422975
IA60,42.786033,-91.099941
3MN5,46.9717111,-94.568387
64MN,46.967706,-94.361947
5MD3,39.622962,-77.686177
62NH,44.063611,-71.152778
98AL,34.242369,-87.592292
1NY0,42.7881126404,-78.8494796753
K01F,41.552222,-84.917222
71OH,39.375444,-84.360805
1OH7,39.31093,-84.650173
1OI7,39.38334,-84.654261
OA15,39.416353,-84.573178
9AL8,34.127194,-87.9908334
38MT,46.227961,-114.157333
CN53,36.299861,-119.594861
NY58,41.825664,-75.099224
27NH,43.673972,-72.206472
37PN,39.808025,-76.982344
PN87,41.235503,-75.934044
39PS,42.172,-79.942833
9KY2,37.761979,-86.452553
28TS,31.072,-97.68214
6KY0,36.809044,-83.315034
4PA9,40.271794,-75.362622
MT93,46.438831,-109.809447
3MI1,44.25054,-85.724398
06PN,40.382733,-76.772533
20CT,41.980569,-72.391469
1MI1,42.60475,-83.735028
9AL0,34.458322,-86.948383
70SC,34.4007167,-80.1549694
9AL9,34.831167,-86.702611
07CT,41.793145,-73.049894
90PN,40.658341,-78.706146
50MS,31.32741,-89.365555
NV28,38.517258,-118.626814
45VA,38.819955,-77.641252
9JY9,37.278465,-83.229097
86NY,40.913264,-73.155689
XS37,32.818089,-96.492634
3UT7,40.409681,-111.511273
6AR4,35.504889,-91.997694
4MT5,46.703368,-111.827302
MI19,43.447931,-84.245439
09NV,35.979689,-115.150183
TX85,32.131111,-94.781389
32NV,36.072294,-115.029647
33NH,43.144345,-71.853634
OK73,35.438694,-96.015824
21OR,45.80652,-119.424441
3MS2,34.807584,-89.981071
31UT,40.4939,-112.0636
80NC,35.687438,-81.427891
24MI,42.440114,-85.416805
1IL5,38.76032,-89.674326
IL66,38.753884,-89.668297
NR03,35.086006,-83.186867
CO13,39.556938,-105.009323
OH41,39.180747,-83.783664
3NR5,36.036394,-79.092245
1IL2,41.805344,-87.921636
41GE,33.89995,-84.78143
NM59,32.762368,-103.186646
81FA,27.033889,-80.166389
OL50,34.691734,-99.914582
9CN1,36.834811,-121.386479
NR85,35.641825,-78.835544
FL56,26.045527,-80.215821
NJ99,40.349527,-74.190584
26CO,40.579207,-102.289135
4AA4,59.652303,-151.549902
44PN,41.560619,-75.265575
7PA7,41.589835,-75.261944
37NH,43.085833,-71.466944
74NH,43.065433,-71.499219
95NH,43.063662,-71.453499
8AL1,33.354794,-86.85609
9AL1,33.420277,-86.669444
IL06,40.417535,-89.41619
NK47,42.357176,-77.663748
0KY6,37.161535,-85.923225
TT83,30.562092,-98.392831
47VG,37.993351,-79.831853
79ME,46.134466,-67.843133
TS98,29.694205,-95.520133
7XA7,29.752034,-95.457204
9XA1,29.700792,-95.669669
7XS2,29.708359,-95.402762
XA84,29.812,-95.431544
XA83,29.581957,-95.208378
17TT,29.760111,-95.382389
TX76,29.694721,-95.403289
0TA1,29.78868,-95.69149
20XA,29.990094,-95.5681
0TE3,29.79588,-95.458907
40XA,29.76583,-95.398444
TX33,30.019864,-95.441131
76TX,29.701258,-95.399544
33TX,29.96661,-95.40737
6MN3,45.072894,-94.069683
8MI5,42.525049,-83.863803
NH03,42.794167,-71.367778
73TN,35.815308,-88.894997
IL74,42.177477,-88.398956
UT76,41.248972,-111.776722
32AL,34.664849,-86.746609
AL72,34.754833,-86.67725
98MI,42.163333,-83.345278
10UT,37.172778,-113.434444
24UT,37.177744,-113.332189
71MN,44.876155,-94.371438
9KY1,37.167238,-83.400425
47CN,40.490915,-122.639315
0FA6,26.39841,-81.414667
5JY9,37.852777,-82.546111
MN96,48.602614,-93.389669
6MI5,42.936275,-85.067343
IA03,41.6934,-91.5223639
MI16,46.48106,-90.105336
4XA7,32.912967,-96.952469
19XA,32.834352,-96.96187
74VG,37.658214,-76.43649
59ID,43.184833,-111.049361
99ME,44.075318,-68.632418
NY32,42.469521,-76.536229
23WY,43.48,-110.761944
8KY5,37.564986,-83.370003
12MS,32.314982,-90.180599
63NH,44.141722,-71.181111
95NC,34.764243,-77.385846
04NR,34.775671,-77.392244
7FL3,30.533178,-81.482233
51FA,30.483961,-81.631897
FD76,30.157778,-81.537778
98XS,30.455929,-97.934318
K0KY,36.937254,-85.046645
2WS4,42.6698694,-88.9763806
OK87,36.435036,-94.778663
KNSX,30.815084,-87.167991
MU75,38.558725,-92.220331
OH14,39.610442,-83.584972
8AL4,32.959231,-86.519564
6KY8,37.159756,-82.664003
75AZ,34.754428,-112.119614
2ID9,42.73,-114.518333
20NJ,40.698194,-74.072417
4PN4,41.202533,-77.268128
33PN,41.455545,-75.557823
OR98,44.409444,-118.965556
22VT,44.446359,-72.010503
29NK,42.115033,-75.958461
89TN,36.4325,-82.293611
76DE,39.021389,-75.521667
71FA,26.907,-80.3003471
MN79,48.439197,-93.050857
04MO,39.043,-94.486
94MO,39.041389,-94.469167
3IL2,37.911926,-89.837817
NE77,40.681659,-99.111593
65NJ,40.731487,-74.116622
3PS6,40.622639,-75.900833
82AK,60.529526,-151.256733
2VI2,60.419038,-152.354894
80FA,27.8863889,-81.0838888
23PS,39.853683,-75.699519
XS17,32.081855,-96.307797
4XA8,31.849921,-103.090929
8AK4,55.367488,-131.715812
3AK0,55.362684,-131.709103
MI75,45.026492,-85.325561
0IL5,41.221865,-89.947788
4FA4,24.595869,-81.681438
1WV0,39.4104,-79.003233
TT80,30.938638,-97.865319
30OK,35.809741,-97.945483
64OH,39.356261,-84.25585
NH66,42.919349,-71.063311
0NY4,41.982698,-73.963206
TT59,30.05143,-95.25423
WA32,47.66,-122.21
FL63,28.331455,-81.593336
24FD,28.144702,-81.475602
FA14,28.345833,-81.608056
81FD,28.162814,-81.438764
21FD,28.276622,-81.343111
25ME,43.125711,-70.72021
MD07,39.388643,-79.181559
UT57,40.725076,-113.25877
53TN,35.957626,-83.936203
56TN,35.997034,-83.784862
4WI7,43.734121,-87.755002
II88,40.484444,-86.157778
AA38,70.4824806,-149.8532333
AA51,70.55625,-149.9105278
1PN5,40.506777,-75.787261
MI43,46.7317,-88.423505
01OR,45.319519,-118.105363
76XS,29.987475,-96.952806
52CA,32.876406,-117.2210194
93CN,32.877679,-117.226762
6MD6,38.528516,-76.970992
WI28,46.841598,-90.660309
98IN,41.609793,-86.728
CL88,34.154106,-117.771278
34LS,30.357527,-89.91453
44NH,43.528004,-71.463906
71NH,43.600928,-71.466115
8IN1,40.400833,-86.808056
76IN,40.39415,-86.834645
33LS,30.173383,-92.026253
48LS,30.151714,-92.035722
I01,41.550158,-85.424183
17LA,30.20253,-93.2630361
82MN,44.460111,-92.288147
FA92,30.216861,-82.44475
07WI,42.599132,-88.540007
74IN,41.707683,-85.060194
4FA0,28.768868,-81.349924
FA95,28.783739,-81.348728
MI99,42.778497,-83.260752
MO02,38.19055,-92.644115
4FA7,28.798722,-82.11575
WA11,48.024469,-122.057891
13FD,27.993719,-81.544454
38FA,27.950006,-81.620589
6FL7,27.834669,-81.437533
44FA,27.994444,-81.917778
98FA,28.234582,-81.966523
NV80,40.716936,-115.415686
92TX,31.140464,-98.207077
HI02,20.745933,-156.913039
PS58,40.0829,-76.384407
NH36,44.4865,-71.554
5WI9,42.843453,-90.708073
4OA1,39.718141,-82.577888
53FA,28.308027,-82.48688
28MD,38.908774,-76.866934
8PN6,40.252389,-75.270333
65MI,42.680351,-84.527092
2MI7,42.700913,-84.500614
4MI2,43.063695,-83.321053
TX11,27.416372,-99.451275
28XA,27.606691,-99.479345
91MD,38.902285,-76.844607
2VE2,36.091026,-115.239359
NV86,36.132624,-115.135511
3NV1,36.112528,-115.124214
64NV,36.058242,-115.273114
NV56,36.28788,-115.28583
NV95,36.270402,-115.562386
NV50,36.076944,-115.278056
6MS4,31.684899,-89.141401
74MD,39.085836,-76.881189
MI38,47.239439,-88.442262
31TN,35.222925,-87.336958
45TT,29.480488,-95.097059
TT06,29.790333,-99.701853
1KS5,39.281936,-94.902965
7MO6,37.721306,-92.6768
46MO,37.68216,-92.633688
26NH,43.667833,-72.202722
99PN,40.312414,-76.419183
07FL,28.87683,-82.49104
78PN,41.373611,-79.306944
MU42,38.940184,-94.382381
90FA,28.671944,-81.850833
48FA,28.841969,-81.807511
9AL3,34.132261,-85.795408
6VG8,39.170278,-77.519167
14UT,40.395919,-111.917105
UT99,40.413908,-111.897836
50FA,26.616596,-81.659135
7PS4,40.811553,-75.746886
PA23,40.845063,-75.672327
VT21,43.874739,-73.104369
11MI,45.024694,-85.76115
OK44,36.857107,-95.472972
21MN,47.734533,-95.204433
5NY3,43.153497,-79.031407
7AL1,34.99375,-87.3419444
82CD,38.081583,-84.31825
27KY,37.924833,-84.395223
3KY7,37.925892,-84.392236
53KY,38.033833,-84.418583
8KY2,37.964014,-84.371856
2KY8,38.080994,-84.369197
3KY2,37.923112,-84.41294
6MT4,48.038069,-115.091325
62LS,37.318028,-84.932111
TE55,30.069406,-94.798767
54TT,30.735706,-97.874775
33OA,39.377323,-84.368402
42NR,35.425961,-78.809454
ME83,43.70118,-70.777361
10ME,45.348713,-68.516636
20LL,40.153042,-89.390726
28GE,34.2,-85.416667
XA28,32.473962,-95.392923
37KS,38.572594,-97.684213
20ME,44.058333,-70.098611
3PA1,40.133044,-76.31081
89MN,45.967036,-94.363815
56AR,34.640861,-92.304221
3UT9,39.673007,-112.354742
3UT8,39.72637,-112.30547
50LS,30.481734,-90.794052
00MT,45.675,-110.52515
TA63,30.718786,-94.931758
34TN,36.383848,-85.328069
96PA,41.1700722,-77.4944778
34NK,43.148652,-78.708077
75OK,36.121485,-95.138547
UT06,41.755224,-111.820633
NV18,36.673281,-114.524639
5KY9,37.117929,-84.110336
CD53,39.528056,-104.869722
ME98,43.685853,-70.167286
8MN9,45.973911,-94.842578
2CO1,40.16247,-105.05928
59XA,32.568362,-94.732881
4XA9,32.549032,-94.737768
03WT,48.524894,-122.912394
NM15,35.881661,-106.317528
21CN,34.064632,-118.291104
4CN7,34.097289,-118.288803
2CN6,34.058055,-118.24954
2CN2,34.292348,-118.474713
3CN5,33.92864,-118.299004
75CL,34.066739,-118.446532
CA80,37.064535,-120.858965
NM68,34.820028,-106.772714
2NH6,43.365773,-71.455665
NR24,36.112639,-78.294346
35MU,39.414878,-91.098633
9KT0,38.248972,-85.749472
8KT1,38.213611,-85.531776
40NK,38.138906,-85.62941
9KY5,38.316176,-85.576217
2CD2,40.416182,-104.99694
NV19,40.176367,-118.481444
VG94,36.745292,-78.101337
NM94,32.965524,-103.346345
46AR,36.255987,-94.1621428
40MA,42.648141,-71.34294
7PN8,40.366664,-77.341667
69FL,28.15095,-81.806892
9TX2,33.626165,-101.820095
31TT,33.0995,-96.598444
3MI4,43.957945,-86.428237
29XA,29.673223,-97.653818
NR91,34.639047,-79.004408
64MD,38.383041,-76.434406
OK61,35.683842,-97.227205
FA70,28.130569,-82.509252
AL06,31.693863,-86.265737
76TN,35.925865,-87.285095
70ME,43.520544,-70.648686
ME52,44.713451,-67.475908
77GE,32.83455,-83.63606
75GA,32.843967,-83.824022
6MO9,39.748588,-92.468968
44MN,44.043611,-94.418055
CN57,36.856591,-119.918726
16SD,43.990661,-97.117349
79FA,29.104525,-81.029417
69WA,47.367972,-120.204833
15KT,37.133803,-83.758258
NH12,43.038295,-71.468561
NH48,42.984945,-71.437722
NH34,42.992317,-71.465319
18NH,42.99161,-71.474234
24TN,35.497544,-86.078634
ME81,43.758333,-69.321611
IL49,40.407341,-89.737208
XA64,32.536037,-97.100156
6IL3,40.186799,-88.503984
73LA,32.036161,-93.707706
MI36,44.880157,-85.938725
20MN,45.13406,-93.48163
IA65,42.046308,-90.656858
8TX5,30.213578,-103.241103
22IA,41.802079,-92.072296
NK29,42.147056,-74.642
2AN2,33.027294,-112.085127
7PN9,41.475008,-79.126108
50ME,44.787972,-67.307417
28IA,42.03463,-91.57378
5IN7,40.56461,-85.665497
CA10,37.499753,-119.977789
5IL4,38.276239,-89.67195
76MI,46.544083,-87.406387
68PS,40.705441,-80.030841
17MN,44.447054,-95.777497
98IA,42.000789,-92.915239
77VA,36.838895,-79.812177
IN84,39.425052,-86.404614
41MA,41.590556,-70.474963
MI73,42.601317,-84.400793
MI92,42.656745,-84.377156
IA47,43.150401,-93.21532
36NY,44.921495,-74.834651
AR58,34.86361,-92.40389
8KY9,38.641487,-83.808239
25TN,35.699108,-85.742153
5ID5,44.81325,-116.064417
1PN4,39.938221,-78.006937
TT62,28.583981,-96.947511
09MD,39.576412,-79.372047
6XA7,33.220344,-96.683478
IL33,38.17067,-88.600713
20AZ,35.941485,-113.908026
70PA,40.2561,-77.056113
2PA0,40.247492,-77.059326
8WT0,47.573333,-117.704167
0OA2,41.137029,-81.836745
8FA7,28.226619,-80.730963
73FL,28.260194,-80.728939
MN78,45.675767,-94.8262469
7TS7,31.198517,-99.578306
05TN,35.142213,-90.031607
14IL,41.55251,-89.08645
9OI2,41.650675,-81.341
86CN,37.340779,-120.46671
53NH,43.651658,-71.482614
90ID,43.598111,-116.351389
2NH1,42.860257,-71.487382
12FA,28.27958,-80.6737833
61FA,28.460194,-80.711333
99NV,36.810119,-114.116905
4PN9,39.809722,-79.024167
07FD,25.787777,-80.215555
FA10,25.784189,-80.190046
70FL,25.7303,-80.3859
7FD3,25.942167,-80.202269
74FA,25.796111,-80.382222
89FA,25.782783,-80.176356
FL79,25.917292,-80.281606
FA31,25.960079,-80.237134
FL64,25.959361,-80.244639
09FL,25.960056,-80.241806
66FA,25.942167,-80.202269
54MS,34.959842,-89.245629
26TT,29.54264,-98.92976
57VT,44.001713,-73.167958
9KY6,36.60683,-83.73954
1DE4,39.455692,-75.683983
3OH5,39.492222,-84.319166
01OH,39.497455,-84.313851
70NY,41.422053,-74.571475
6NY0,41.442151,-74.366707
91MI,42.748795,-85.476956
03TA,31.9967501,-102.1009444
86AL,31.292514,-85.539308
87XA,32.469717,-96.980824
VG68,37.466939,-77.660086
PA85,41.921138,-76.526165
NH04,42.8057966,-71.618797
68NH,42.827717,-71.678447
2JY7,40.615689,-75.164167
39DE,38.8867,-75.390969
UT95,40.68644,-111.856627
5MI4,43.219556,-83.54764
ME50,45.653266,-68.716977
42JY,39.413436,-75.008369
3JY6,39.374736,-75.064725
VT96,44.600117,-73.16505
23WS,43.06096,-87.88053
PN86,40.693889,-76.256111
25PS,40.689242,-76.279621
9MN9,44.972055,-93.262605
IS18,40.860832,-88.985637
19ND,48.192779,-101.330147
28ND,48.284692,-101.305951
5IN2,41.706638,-86.17585
90MT,46.955611,-114.127083
UT07,38.481555,-109.436056
76MU,39.447076,-92.413205
59AL,30.68369,-88.13098
AL31,30.686606,-88.188789
CA14,37.6654,-120.9975
K1R3,32.867564,-79.906125
89MU,36.914401,-93.892909
ME78,43.764333,-69.314527
14ME,44.182931,-69.967607
81WI,42.609157,-89.634061
97GE,33.719714,-83.674361
38GE,33.813611,-83.584722
04GA,33.832365,-83.562335
58MI,41.923879,-83.388818
LS90,32.49866,-92.113999
10NR,34.976678,-80.522055
CL48,34.183925,-118.02049
WT55,48.14405,-119.6787
69MA,42.071744,-72.321186
NH05,42.899444,-71.646666
OA22,39.253193,-84.341928
1AL3,32.409235,-86.256073
45AL,32.278403,-86.334764
63AL,32.404526,-86.259067
MN93,45.302045,-93.782081
0KY2,36.954969,-84.825618
4KY0,36.929675,-84.76405
40LL,40.059988,-88.560035
20PA,41.246597,-76.9396
22PS,41.843419,-75.842586
9PA1,41.838092,-75.837361
2CD5,38.253333,-107.972222
NR06,35.56308,-80.830761
02KT,38.181441,-83.443319
NR44,34.725858,-76.753142
08KT,37.628414,-87.946994
12NJ,40.837083,-74.476694
2IL5,42.024292,-87.781189
7ID7,46.728057861328125,-117.0009994506836
MU96,38.583013,-90.229651
WT51,46.524478,-122.471422
NH30,43.675523,-71.402759
57NH,43.763025,-71.389231
98NH,43.759164,-71.393967
5PN0,40.915045,-75.088806
MI00,42.588711,-82.898347
FD68,28.797634,-81.646972
3WV6,37.834155,-81.196654
WV47,38.196892,-80.864448
9OH0,39.045998,-83.940905
3OH2,39.037278,-83.923879
50WI,42.711389,-87.883889
3WI7,42.727371,-87.945503
20SC,32.822246,-79.850403
9KY3,38.063139,-83.957319
1KY5,37.358479,-84.336285
OH04,40.398827,-82.449024
4IL6,38.297222,-88.937778
9TN3,36.419367,-81.945199
6MU8,37.002861,-91.70265
IA49,40.719904,-94.22236
1MI7,43.615276,-84.75054
0WA3,48.418044,-122.324427
75NJ,39.714053,-75.151479
PS37,41.240047,-76.8064
58PN,41.266667,-76.810125
IN40,41.538333,-87.514444
TN73,35.860989,-86.423517
40CN,33.614716,-117.169905
CA17,33.557747,-117.183369
36MI,43.205958,-86.207453
SC10,33.758099,-78.853569
69CT,41.319917,-71.993167
02TX,31.612723,-94.647583
57MA,41.275778,-70.101833
4FL7,26.1066,-81.68532
65FA,26.2143889,-81.7316556
FA98,26.273841,-81.787872
61TN,36.1529444,-86.8268611
30TN,36.24625,-86.749957
47TN,36.208883,-86.828147
3XA5,29.550536,-95.085742
FD32,30.400611,-86.860526
8PA7,40.796388,-75.3575
KEBY,48.3704528,-124.5981194
5NE8,40.656272,-95.863608
3NH2,42.9737639,-72.0847278
5MS7,34.4975,-89.026389
7IL1,41.605111,-89.740611
06NJ,40.501837,-74.445735
74ME,44.065175,-69.533522
IA50,43.06335,-92.32208
22NR,35.637515,-78.959566
9IL9,41.545597,-87.981986
NH99,43.4200806,-71.9988583
ID08,45.020639,-116.437389
LA58,29.959248,-90.082596
0MN1,44.546172,-93.574862
WI71,45.1991322,-92.573872
67LA,30.692895,-91.430431
KT27,41.492778,-74.104361
NJ03,40.733244,-74.171947
PA83,40.137815,-77.541794
IN95,37.974536,-87.446162
8NK5,41.50271,-74.01556
9B7,44.851528,-69.259167
KNLW,41.5038888889,-71.3258333333
40RI,41.461444,-71.307667
02RI,41.457931,-71.304886
26TN,35.965233,-83.183878
27JY,41.126178,-74.82275
78PA,39.987028,-75.415944
3NY9,43.081717,-79.041572
VA15,36.8512167,-76.1915417
93SC,32.977126,-80.073796
2IL4,42.289167,-87.894306
2ME2,44.129372,-68.874339
NV24,36.240802,-115.163186
1AR8,34.813552,-92.2073722
NE22,41.122238,-100.771183
4FA9,27.048778,-82.337528
4FL4,27.066541,-82.162708
FA87,27.056666,-82.159444
9OH4,41.383704,-81.982448
NH08,44.693292,-71.575008
73NH,44.718915,-71.597143
78FA,27.136842,-82.413206
0ME7,43.839716,-70.462016
48MN,44.474155,-93.191925
TE92,33.083836,-97.262356
31NH,43.223588,-71.25072
OH08,41.223698,-82.603406
4ME9,44.209319,-70.531705
9NK2,42.542188,-75.526859
63MI,42.489167,-83.521944
3MI3,42.440222,-83.515861
PFNU,70.495422,-150.253467
PPNU,70.414028,-150.018563
09IL,38.583295,-89.9341
MU30,38.716381,-90.699275
MA62,41.459786,-70.578935
90TN,36.024967,-84.245648
7CL0,37.821525,-122.295958
0FA5,28.5727778,-81.6286111
0MI1,42.7490694,-83.1204083
52MI,42.721656,-83.181586
0MI8,42.115974,-83.214669
3OA3,41.259904,-82.20475
57FD,29.172472,-82.139111
7MD6,38.431217,-75.05955
CN30,33.211584,-117.3541661
GE14,31.518333,-83.1325
32XA,31.84618,-102.374382
XS29,31.852906,-102.363762
57FL,28.1359444,-82.593975
9AL4,33.784866,-86.050671
15FA,27.215842,-80.684881
FA07,27.632683,-80.794572
FD40,27.271825,-80.681792
18FA,27.237333,-80.692163
6OK5,35.423049,-96.276423
OK57,35.409307,-97.368425
CD08,38.613733,-108.085789
ME93,43.538494,-70.403879
MN64,44.773658,-94.9719472
18MD,39.154705,-77.055012
8WA4,47.052073,-122.847313
NE48,41.260779,-96.042003
22NE,41.238665,-96.181574
3VG6,37.696297,-75.723176
4AL2,33.9299,-86.494813
96OH,40.7714846,-82.595058
L49,44.093001,-116.952412
LS03,30.544868,-92.075118
LS63,30.47194,-92.078443
94XA,30.109925,-93.815514
AL28,30.277882,-87.54342
7FD0,30.078508,-81.710386
KCO1,38.196313,-103.693761
31LL,41.934226,-89.365041
UT85,40.311547,-111.66568
46NH,43.859999,-72.095954
IA14,41.233881,-94.356047
FA75,28.364,-81.275192
FD21,28.376722,-81.178136
FD43,28.5275,-81.480831
25FD,28.396662,-81.433781
FL05,28.53752,-81.384373
92FL,28.394345,-81.476321
6FA5,28.376817,-81.274871
68FA,28.366711,-81.286742
1FA8,28.496028,-81.432231
3FA4,28.406831,-81.242694
22FL,28.451733,-81.411942
11MN,44.9538889,-93.5644444
K1WA,48.972222,-119.439444
CN52,39.50743,-121.541572
50MN,45.315511,-96.447029
7PA0,40.651027,-76.114111
76PA,40.641917,-76.091369
K2LA,30.610698,-91.441771
32WS,45.29676,-92.537791
2WI2,44.026425,-88.594952
22MN,47.649583,-94.027732
78WI,44.577514,-91.211612
3FA5,28.830778,-81.115531
5FL9,28.778889,-81.038333
9FD4,28.658003,-81.239213
FA96,28.658047,-81.228452
MN38,44.111443,-93.252007
55KY,37.780302,-87.064011
7MI4,43.041166,-84.297693
5MI3,43.071343,-84.205039
NV11,41.950943,-116.098554
7AL3,33.600448,-85.864283
7NR2,36.326445,-78.591701
77MD,38.793703,-77.012143
NY38,40.906897,-73.515958
NY04,40.914111,-73.520597
6MO8,37.085816,-93.249775
NV36,36.21526,-116.0261
90NV,36.206451,-115.96006
97OH,41.661719,-81.246623
6KY7,37.815386,-82.812017
97FA,29.596359,-81.642973
TT56,31.737778,-95.631389
5FA6,26.843715,-80.100122
6FA4,29.457582,-81.20833
1FD0,29.552356,-81.244567
92CN,33.78555,-116.37905
FA84,28.125,-82.726944
7CA4,33.838461,-116.543899
50CN,34.582261,-118.145106
AA85,61.616419,-149.221031
03AA,61.556055,-149.284527
03AN,61.43482,-148.765569
5FD3,27.533974,-82.565251
3XA4,26.23945236,-98.37071991
6FA3,30.300408,-85.65907
0FL6,30.251066,-85.901572
FD13,30.2475,-85.898889
64IG,38.567923,-86.475985
19TE,33.6893,-95.54837
0KY9,38.220574,-84.239339
2TS6,33.688641,-95.550414
36UT,40.687822,-111.470627
70MN,46.991499,-95.048462
7MY4,47.013018,-95.026365
CO79,39.547222,-104.769167
KZ32,32.3441,-80.6733
8AL5,33.642452,-87.197209
1NJ3,40.844597,-74.461376
3JY2,40.8705,-74.44325
9MS7,30.356515,-88.507352
03NJ,40.903483,-74.165493
MN72,45.373949,-94.716324
AZ68,34.267779,-111.238438
45TX,29.578395,-95.391427
11XS,29.597045,-95.369421
VA67,37.33385,-80.71262
37AL,33.603568,-86.302934
NH25,43.132266,-71.439537
99FL,30.468731,-87.230189
UT60,40.736981,-111.357175
UT62,40.704608,-111.331683
57IL,41.370149,-87.750849
2MN5,46.631942,-94.20092
50AL,30.346911,-87.505752
46FA,30.291918,-87.469572
MY93,46.610833,-95.704444
TT74,33.103167,-98.083028
GA97,32.502983,-83.749825
4GE7,32.458333,-83.710278
0FA2,30.119424,-83.592746
MS84,31.361556,-89.161333
82NH,42.896841,-71.912779
NH47,42.892515,-71.941116
66VG,37.182166,-77.360722
66MA,42.488611,-72.220278
96MI,45.395581,-84.874333
9PN2,39.947927,-75.193981
PA78,39.901544,-75.161344
PA39,39.959125,-75.197629
4PS7,39.948113,-75.19109
AZ74,33.658768,-111.957722
2MS2,30.549252,-89.665883
55NH,44.008028,-72.089611
29TN,35.620112,-85.190772
IL10,38.084752,-89.348263
5MN8,46.732405,-94.20661
00CN,32.7273736,-116.4597417
WY37,42.870405,-109.853205
NR51,35.799285,-77.603479
7KY2,36.7639,-83.707066
96MN,43.9902778,-96.3233333
13OH,40.149905,-84.217088
30PN,40.466389,-79.953056
PA63,40.495057,-80.010767
26PS,40.44706,-79.963292
47ME,44.789602,-69.370219
7KS1,39.247744,-99.297533
87MI,42.447261,-85.654975
XA79,33.014233,-96.789967
39XA,33.077694,-96.801111
02FL,28.015042,-82.138504
FD82,26.123314,-80.260475
WI20,42.720475,-90.457832
55CA,37.694414,-121.880897
46TN,35.674444,-87.6725
5PS4,41.542214,-79.506517
34PS,41.097967,-75.387404
TS51,28.690799,-96.551644
9OH6,39.055847,-82.013892
31CT,41.854767,-71.928483
83MI,42.612111,-83.27586
85WA,48.081133,-123.4523
WT29,48.036383,-123.324233
00TA,29.935694,-93.9855
4XA6,29.936561,-93.988878
FA90,28.4052556,-80.6186694
2FD8,26.988793,-82.099457
MI06,42.956319,-82.434637
4NY3,41.376111,-79.613056
8WN4,47.972222,-122.696667
8FA5,29.77837,-85.288623
WI02,43.567352,-89.4655
MU79,36.416042,-89.700885
MU76,36.395875,-89.613757
68ME,43.653964,-70.27695
8ME2,43.661608,-70.191033
10VG,36.829702,-76.298344
VA26,36.846067,-76.299095
3NH4,43.06462,-70.791532
OH62,38.754527,-82.979484
3PN8,40.113056,-75.6925
93OG,44.3125,-121.006944
14OR,44.22274,-121.09947
4WI6,43.020851,-91.111341
38AZ,34.558739,-112.3808
51AZ,34.59183,-112.330763
16ME,46.675919,-67.998981
50KT,37.728061,-82.770116
45NJ,40.340136,-74.625608
MY74,45.558866,-93.59158
IL58,41.34305,-89.436595
LL08,41.385724,-89.471599
OH81,39.928752,-83.817517
TX09,32.661097,-95.017012
43TT,33.221358,-96.869695
53WA,46.224228,-119.787095
4CD0,38.329142,-104.702132
4VA0,39.045344,-77.708096
WA58,47.927576,-122.852286
WA56,47.927394,-122.855047
WA17,47.926064,-122.853122
99VA,37.50552,-77.187832
9NC6,35.021973,-79.149012
96NC,35.812824,-78.610359
NC47,35.806042,-78.713158
44NR,35.817778,-78.703889
80NR,35.909444,-78.5975
29NY,41.170806,-74.037556
WV86,39.295783,-77.857854
03NM,36.862377,-104.442853
81LS,32.463538,-91.750022
4MN9,47.877544,-95.029178
PS45,39.920833,-76.487011
N02,36.709794,-105.418922
11CN,40.585095,-122.387899
WA19,47.681996,-122.148491
33MI,43.878636,-85.519847
4MN7,46.973611,-94.033889
16MN,47.05951,-93.9214
NV77,39.552087,-119.835939
NV49,39.465673,-119.769658
01WT,47.518178,-122.210908
43VA,38.962817,-77.363952
MT07,48.859575,-115.107441
3TE7,33.02585,-97.45931
62WI,45.514592,-91.735386
TA99,32.975133,-96.726069
UT40,38.783223,-112.082847
0PA0,40.684303,-77.126431
WT02,46.358056,-119.333612
MI64,42.392597,-85.456083
VG63,37.611722,-77.646333
7VA7,37.56138,-77.4623878
VG45,37.539741,-77.429495
VG41,37.509726,-77.593979
VG10,37.540633,-77.431628
27ME,44.133339,-69.889617
MU17,39.263369,-93.95705
IN68,39.8643,-84.88288
PN89,41.418531,-78.796903
11ID,45.2424028,-116.3286639
19ID,45.4412222,-116.3993778
93ID,45.420105,-116.174728
2JY6,40.44125,-74.828167
NM36,35.218969,-106.694389
50NM,35.308095,-106.680969
07TN,35.744581,-89.553678
70WI,43.8336944,-88.8189167
67IN,38.9474639,-84.8509667
NK18,40.935262,-72.673348
54CA,33.97742,-117.38164
3UT6,40.520019,-111.981616
WY54,43.04823,-108.37892
58FA,27.786979,-82.345764
26FA,27.860775,-82.325308
VG62,37.251049,-79.942848
VA91,37.250108,-79.943508
4MS1,34.816667,-90.302917
KI26,41.509999,-90.55789
IA39,43.42178,-96.17915
82IL,42.315222,-88.960166
4MI9,43.054284,-85.4366
92NR,34.929263,-79.748967
51MA,42.672583,-70.622083
11GA,34.702611,-85.068028
NR27,35.970895,-77.850451
NR66,35.964722,-77.860833
00NR,35.594729,-75.470002
53AR,36.308447,-94.184225
99AR,36.22973,-93.993263
85MO,37.117617,-93.029662
47MO,37.95322,-91.786501
43NH,43.223044,-70.831564
GA12,34.277588,-85.193963
GE88,34.281389,-85.141944
GE13,34.259997,-85.180322
42ME,44.537456,-69.899501
7WV2,37.772052,-80.470338
7MN5,48.838611,-95.761388
CN49,38.766623,-121.248044
65GA,34.06297,-84.32113
NM93,33.41762,-104.521378
74MN,43.566666,-95.440277
TE12,30.397061,-98.357895
8NR6,36.409186,-78.985595
XS89,32.979303,-96.282033
ME63,44.5513,-70.555475
7JY7,37.057006,-85.06754
AL15,34.510677,-87.719296
GE15,33.612327,-83.650498
TN78,35.236419,-85.196519
3XA9,29.716024,-93.864541
6CN6,38.469856,-121.420743
61CN,38.598106,-121.488231
AZ44,32.821694,-109.736014
AA13,31.95624,-110.985491
3FA3,28.226944,-81.366528
72FA,27.825031,-82.703203
39VA,37.263653,-80.030621
OK52,35.455103,-94.817473
UT08,40.771036,-111.839078
77UT,40.81601,-111.957043
XA39,29.464892,-98.713642
TA72,29.483089,-98.705269
TX69,29.352128,-98.54494
TS42,29.582133,-98.581023
CN18,34.130694,-117.321667
KZ27,32.8366,-118.381601
2CN7,32.896236,-117.196029
CL36,32.799419,-117.153493
CN50,32.795978,-117.150761
CN02,37.783331,-122.506389
2CN5,37.3625,-121.850278
CN93,35.293729,-120.665988
67TA,29.802406,-98.014838
KZ26,35.791389,-120.742778
6MY2,46.119481,-92.886086
2OR5,45.323537,-122.212291
NV93,35.844903,-115.556925
NV91,35.844903,-115.5482
NV92,35.849294,-115.555275
NR35,35.468936,-79.186234
2FA8,28.813459,-81.283189
3CN2,34.43,-119.724166
45CA,37.334947,-121.999816
CA54,34.40842,-118.50442
40CL,37.024194,-122.156749
NM21,35.616135,-106.026274
33UT,40.382747,-111.925183
36AA,32.716836,-87.749524
7OK5,35.313611,-99.626196
31ME,43.593781,-70.317381
3PA3,40.680193,-75.636742
8AL6,34.660352,-86.049279
32AZ,33.67,-111.922222
6AZ0,33.6245,-111.921334
7AZ0,33.625006,-111.921967
81AZ,33.632496,-111.906604
85AZ,33.581357,-111.885195
AZ83,33.625153,-111.918294
07AZ,33.630113,-111.909008
17AZ,33.62949,-111.9079
39AZ,33.784301,-112.130031
2OH3,38.933869,-83.58339
NV10,35.494674,-114.891148
OR58,45.98903,-123.91302
WT22,47.658056,-122.298333
WT78,47.66189,-122.283311
FA03,27.842488,-80.489663
95LL,40.719167,-89.157778
30NM,36.116389,-103.096667
WA47,48.591443,-122.259219
PN47,40.362222,-75.325806
61XS,29.587681,-98.323675
47AL,30.784811,-88.280715
50SC,34.8001917,-82.897211
3WA9,48.088404,-123.110915
4WA6,48.076833,-123.095194
41MN,44.772311,-93.503898
88PN,40.803842,-76.557822
3TN2,36.393485,-83.839662
62MI,43.607086,-86.364437
31TA,30.20434,-95.45286
9WY0,44.807664,-106.975449
61IL,38.574236,-89.906827
96NM,36.804053,-108.690767
9AL7,32.365276,-85.811944
50ID,42.929138,-114.40604
15AZ,34.254922,-110.000145
41LA,32.536389,-93.76
15LA,32.402873,-93.798743
31NY,41.310553,-73.836158
2IL6,39.888315,-87.81658
76TT,30.38916,-94.185788
92MD,39.05093,-76.95878
57CA,33.765533,-117.744125
97WT,47.65447,-122.67599
98WT,47.656796,-122.674955
OR26,45.003924,-122.790568
CA75,34.289189,-118.746008
3SC5,34.721342,-82.247842
IA06,43.06877,-96.159275
AA12,57.0408333,-135.2955556
ME29,44.757728,-69.714411
22AK,61.988741,-151.391211
9NY0,41.391841,-74.472107
1LA2,30.750556,-91.1575
31AL,31.078289,-85.537789
91ID,44.230833,-116.1775
VA90,36.961165,-76.634444
2VA9,36.937019,-76.588594
NC23,35.515658,-78.333507
2AL0,32.607531,-85.094584
35TN,35.960944,-85.830211
07XA,29.906488,-97.214397
SS1,46.369833,-91.798
CN06,38.155081,-122.450692
33CA,37.977058,-120.371939
IN67,41.734672,-86.151233
14MA,42.274442,-72.599656
VT88,44.058938,-73.019483
NY80,42.696389,-78.569167
3KY6,37.6766,-82.2964
CT62,41.809722,-72.609722
TS31,32.957178,-97.147088
11NR,33.9280833,-78.0203889
NR15,33.953409,-78.012394
77WI,43.945044,-90.814042
7MI9,43.158165,-85.721273
1TE2,30.14534,-95.4339
41XA,29.831536,-98.462468
48PN,39.904247,-76.914248
14AR,36.161888,-94.189098
8MU0,37.118875,-93.266056
OG64,44.081312,-123.026243
18VT,43.298465,-72.494588
LA94,32.941501,-93.499254
73NR,35.910661,-82.061602
4ME7,44.937806,-69.384305
FL96,29.923861,-81.413692
5FA0,30.001439,-81.501822
FA94,28.231111,-81.234444
FA78,28.333,-81.25
10CN,38.543333,-122.475
6FL2,30.069722,-81.4975
3FD4,30.088333,-81.5175
69MI,42.993163,-84.55375
MD59,38.393916,-76.505972
92FA,29.901396,-81.413555
MO60,38.529444,-90.476666
23OH,40.544663,-84.372384
1FL4,27.81355,-82.682233
FL14,27.76513,-82.640692
41VA,38.414446,-77.407281
8KY7,37.541966,-84.653161
KC63,43.251958,-85.059396
4MY2,46.351692,-94.750673
42MS,33.4752306,-88.8209694
4PA3,40.819361,-77.805175
PN85,40.803056,-77.769444
PA64,40.81177,-77.914808
GA15,32.39214,-81.751583
22NA,35.818417,-80.830417
8MS8,33.623263,-90.6227778
CT10,41.742631,-71.8125
PN29,40.21351,-76.148722
48MT,46.446667,-114.061667
CN48,37.970197,-121.28786
KHL2,31.063611,-87.87
GE34,33.818889,-84.150556
0NY2,41.231009,-74.047353
JY11,39.827759,-75.00625
PA13,40.997189,-75.26095
FD73,27.2109,-80.209622
3FA0,27.078256,-80.281147
41MI,41.795308,-85.406566
32NK,41.171911,-74.086469
17VA,36.863365,-76.450301
TX89,29.56545,-95.688863
42TE,29.60647,-95.61886
MO52,38.196459,-91.170022
2OK8,34.403607,-96.758944
WA03,48.987451,-122.288134
85SC,33.067925,-80.096058
73FA,27.714415,-82.366086
MO42,38.172753,-92.642544
14SC,34.881281,-82.886707
12NR,34.029945,-78.260572
7PS3,41.949786,-75.588953
45MI,42.870225,-83.823705
87ME,44.151331,-70.793986
OR97,44.405556,-122.676667
2XA9,32.452367,-100.397167
49TN,35.609276,-84.454841
46AL,33.198332,-86.475
55AL,33.166547,-86.255355
CA64,34.3268013,-118.4449997
47CL,34.312935,-118.474331
68NR,35.385276,-83.20334
75NK,43.042265,-76.139374
60W,47.283197,-122.473558
OL04,35.911208,-94.945828
WA70,47.339525,-124.282106
3AL7,33.56988,-86.07012
82FL,30.562422,-84.221291
68FL,30.475936,-84.231006
14FA,30.598889,-84.103056
56FA,26.21206,-80.25567
1FA6,28.10499,-82.4826
0FL1,27.93805,-82.460367
66FL,27.938293,-82.460219
83FA,28.096101,-82.476674
88FA,27.9955167,-82.370144
FD01,27.9699806,-82.3455833
21PA,41.054645,-75.347571
NM13,36.535953,-105.652823
3FA8,28.766111,-81.74611
KFA1,28.800472,-81.727672
32FL,28.824408,-81.710528
47FA,25.023096,-80.4964
05MI,42.236433,-83.276421
4KY3,38.021247,-85.377828
5CN5,40.036588,-120.763475
2LL0,39.554444,-89.294166
38VG,37.123164,-81.489686
CN35,33.499701,-117.041322
98CL,33.480208,-117.107989
TX84,33.46434,-94.07594
74XS,33.45484,-94.103674
FL20,28.949711,-81.959891
8XS1,30.200047,-95.456257
1CA2,33.639378,-116.153028
GA02,32.885161,-84.337228
97AL,31.875828,-87.743069
PS23,40.566328,-77.231097
8WI7,45.864622,-89.143985
6MI8,41.799728,-86.617558
81MI,41.935475,-85.648708
GA34,31.436046,-83.479137
FA77,28.526389,-80.785556
WI04,45.449986,-89.581811
4AZ4,31.601433,-110.068883
44NJ,39.964611,-74.215889
43AZ,33.400669,-113.229861
UT86,40.583624,-112.383013
20UT,40.566001,-112.296984
18UT,40.552259,-112.293797
AA14,68.628168,-149.589
CN10,33.828386,-118.297389
TT60,30.855525,-98.45418
51MY,47.895199,-92.278329
MY76,47.856094,-92.391675
72NY,43.288075,-74.981611
0MN5,44.231874,-95.607018
MI94,44.7445139,-85.7501111
82MI,44.685331,-85.739028
79UT,41.724473,-112.183719
76NJ,40.217269,-74.671575
9FA3,28.202422,-82.66015
OH17,40.043815,-84.210994
0OH4,40.085621,-84.228562
AL73,33.64145,-86.612256
95AL,33.617983,-86.619228
01MU,32.196747,-110.775142
NH64,43.621666,-71.263889
83NH,43.654167,-71.288056
08CN,36.172031,-119.306181
09CN,36.182556,-119.313572
OK53,36.160947,-95.993431
9AL2,33.256711,-87.450491
6AL4,34.671713,-87.632813
84ID,42.543319,-114.545791
80ID,42.591282,-114.496567
4OH5,41.301221,-81.436924
MN99,47.039345,-91.667889
8MN1,44.272067,-96.129382
39CN,39.153027,-123.202127
WA99,47.348572,-123.070064
8MI8,42.011502,-85.094562
MI91,42.058333,-85.161806
99CA,34.102747,-117.636211
0IL3,40.117746,-88.225433
NY86,43.104244,-75.236025
CN88,38.3887,-121.9405
3AA3,61.13,-146.3705554
NE03,42.878673,-100.537761
49NE,41.305448,-96.319289
1WA0,45.720119,-122.649264
MI79,45.188821,-84.776347
69WT,47.3929,-122.46048
45LA,29.295965,-89.372424
CA93,34.27657,-119.25264
UT92,40.462114,-109.540625
54VT,42.741097,-72.515141
FA97,27.665992,-80.425021
45NY,43.110569,-75.593658
ID15,43.574394,-111.10825
TA83,28.8611,-97.054731
95CN,34.471609,-117.296843
7IL5,39.897222,-88.142777
7AL0,33.427258,-86.340837
MN16,47.531389,-92.548056
42VG,36.77635,-76.099513
VA44,36.898821,-76.032274
IN89,40.819961,-85.824131
13MN,44.843043,-93.791435
7MY6,46.451283,-95.156417
15NR,34.977056,-80.110229
22HI,20.885242,-156.490352
24CD,40.567914,-106.060647
LA42,30.465919,-90.867483
16KY,38.85303,-84.616604
10SD,43.563836,-101.660223
31PN,40.209167,-75.081389
2GA3,32.615397,-83.630544
70OH,41.23497,-80.799122
NH11,43.961,-71.8888333
NR84,36.434486,-78.129989
01B,41.333056,-85.7675
5IN8,41.257995,-85.828634
0IA,41.284675,-85.703814
NK63,42.753392,-78.131467
54NY,41.301892,-74.384086
78NK,41.293906,-74.345515
24DC,38.900903,-77.051132
9DC9,38.875342,-76.987652
8DC8,38.899694,-76.959472
5DC3,38.850852,-76.994702
59DC,38.917003,-76.955781
9GE6,33.646167,-82.65445
25PA,40.18323,-80.246233
11OH,39.547753,-83.427914
54UT,41.164368,-111.972178
9NJ9,39.735537,-75.0652111
69AK,61.62888717651367,-149.42361450195312
60AK,61.607662,-149.279062
66AK,61.63,-149.569167
AA11,61.550739,-149.676131
84AK,61.587245,-149.33453
88ME,44.15024,-70.669453
IA75,42.46115,-92.347008
MI37,46.217827,-89.429113
3SD6,45.030117,-97.008825
49WI,43.199952,-88.695642
1ME2,44.566216,-69.64785
49ME,44.542114,-69.661238
MI87,42.184834,-86.250543
ND05,47.803969,-103.26915
IA80,43.268011,-91.473799
OK83,34.15707,-97.97902
OH73,41.537936,-84.132035
20NR,34.963055,-80.7635
MI33,42.272639,-83.366725
TN24,35.325521,-87.756708
39PA,39.75101,-77.56978
MN37,44.9538889,-93.503889
4OK1,35.539857,-98.662398
24WI,46.029794,-92.12703
4MN8,44.567637,-93.432632
4AL1,33.294637,-85.480305
40WV,40.393778,-80.527402
25PN,41.725037,-77.287482
32NH,43.838358,-71.885873
67XS,26.152597,-97.980001
7FL2,28.221988,-82.356868
3FA2,28.201667,-82.330833
WI75,43.355171,-88.19387
0MI0,44.273208,-84.222731
89MI,44.289453,-84.171856
CT04,41.7896,-72.799112
CL90,34.094917,-118.373212
UT87,40.591144,-111.976341
XA82,30.322624,-97.868295
57OR,45.343307,-122.697113
1LA6,32.512084,-92.156778
NY85,41.397662,-73.956403
IA15,42.968917,-91.800867
4MN6,44.046133,-95.440041
67ME,43.722825,-70.346667
OH50,41.436399,-81.945387
26XA,32.984444,-97.171667
MD26,39.637675,-77.144903
24NH,42.943611,-72.484444
54FA,26.084148,-80.367399
WI88,44.889456,-89.57905
33WV,39.632494,-80.000784
33PA,40.636154,-80.062786
VT80,44.036531,-73.213869
CO98,39.772046,-105.144714
7AR4,34.912222,-91.107778
NR89,36.044722,-77.601667
09MN,45.076603,-92.98597
79WI,44.367614,-91.332728
PN82,40.674283,-75.5051
NC78,34.337443,-78.696377
6KS3,37.72658,-97.513554
PN94,40.569726,-76.695916
37MA,42.122778,-72.423611
02OL,34.811412,-95.307727
OL34,34.918707,-95.320854
VA86,37.250289,-76.668863
8MI2,42.754226,-84.338282
06KY,38.645501,-84.582222
VA33,36.860189,-80.480981
CA02,39.389097,-123.339297
60OH,41.625567,-81.433679
16DE,39.780906,-75.555767
DE39,39.751111,-75.550556
IL46,41.342264,-88.196378
87MA,42.533408,-71.134173
45NR,34.316552,-77.768284
01NR,34.196264,-77.919917
34AL,33.246578,-86.469113
32TN,35.174281,-86.089917
35NH,42.806914,-71.275853
59NH,42.787842,-71.30922
MN53,43.878357,-95.113219
28VT,43.486825,-72.403014
IL62,41.855993,-88.177238
2FL6,30.27325,-82.784392
22NV,40.972073,-117.728859
81TX,32.836806,-95.245914
11TA,32.9462,-95.30666
01L,41.228889,-86.581667
K02D,41.223056,-85.830556
26JY,39.738444,-74.910556
85NR,36.074935,-80.298201
FL73,28.45803,-81.632976
FD69,28.5734722,-81.5949445
FA00,28.523111,-81.589028
1FD9,27.980197,-81.664797
90NH,43.637244,-71.153133
NH10,43.560239,-71.194936
NH27,43.582252,-71.201706
TN38,35.831972,-86.071747
99AL,33.427111,-85.493436
1WI2,46.029444,-89.686388
NH23,44.135409,-72.024478
35PN,41.194931,-77.378503
11PA,40.192184,-75.313836
PA86,41.68352,-76.275078
3IL5,41.074303,-89.760353
52MY,45.320787,-93.00092
69OH,39.699601,-83.926744
YP1,44.959908,-115.495411
NV44,38.984481,-119.167838
PS35,39.943056,-76.594722
ME94,43.141583,-70.650669
VA34,37.236878,-76.500017
4VA4,37.183056,-76.417361
7NY9,41.211825,-73.803363
62LL,41.65944,-88.46956
AZ11,34.102413,-110.960336
OL45,35.434039,-97.787826
49FL,30.620278,-81.640556
8CD0,40.121167,-102.73763
34AZ,32.668611,-114.439306
3LA5,30.646977,-91.138274
FD75,28.261934,-82.185663
